1462589546787496,pplt325,00:26:66:d0:c4:dc,-68,2,SH
1462589546787496,myLGNet,00:01:36:2d:ea:4c,-76,2,SH
1462589546787496,U+Net40B1,00:27:1c:ea:40:af,-78,2,SH
1462589546787496,SK_WLAN,00:27:1c:08:41:16,-85,2,SH
1462589546787496,SK_WiFi4C25,00:30:0d:62:4c:24,-98,2,SH
1462589556687271,pplt325,00:26:66:d0:c4:dc,-68,2,SH
1462589556687271,myLGNet,00:01:36:2d:ea:4c,-76,2,SH
1462589556687271,U+Net40B1,00:27:1c:ea:40:af,-78,2,SH
1462589556687271,SK_WLAN,00:27:1c:08:41:16,-85,2,SH
1462589556687271,kms,00:26:66:76:37:9c,-94,2,SH
1462589556687271,SK_WiFi4C25,00:30:0d:62:4c:24,-98,2,SH
1462589566717976,pplt325,00:26:66:d0:c4:dc,-73,2,SH
1462589566717976,U+Net40B1,00:27:1c:ea:40:af,-74,2,SH
1462589566717976,myLGNet,00:01:36:2d:ea:4c,-79,2,SH
1462589566717976,SK_WLAN,00:27:1c:08:41:16,-83,2,SH
1462589566717976,SK_WiFiD942,00:23:aa:3d:d9:41,-91,2,SH
1462589566717976,kms,00:26:66:76:37:9c,-94,2,SH
1462589566717976,iptime,64:e5:99:82:5a:20,-96,2,SH
1462589576821612,pplt325,00:26:66:d0:c4:dc,-78,2,SH
1462589576821612,U+Net40B1,00:27:1c:ea:40:af,-73,2,SH
1462589576821612,SK_WLAN,00:27:1c:08:41:16,-80,2,SH
1462589576821612,myLGNet,00:01:36:2d:ea:4c,-84,2,SH
1462589576821612,SK_WiFiD942,00:23:aa:3d:d9:41,-91,2,SH
1462589576821612,iptime,64:e5:99:82:5a:20,-96,2,SH
1462589586666252,pplt325,00:26:66:d0:c4:dc,-76,2,SH
1462589586666252,U+Net40B1,00:27:1c:ea:40:af,-79,2,SH
1462589586666252,SK_WLAN,00:27:1c:08:41:16,-80,2,SH
1462589586666252,myLGNet,00:01:36:2d:ea:4c,-84,2,SH
1462589586666252,kms,00:26:66:76:37:9c,-95,2,SH
1462589596727776,pplt325,00:26:66:d0:c4:dc,-76,2,SH
1462589596727776,U+Net40B1,00:27:1c:ea:40:af,-79,2,SH
1462589596727776,SK_WLAN,00:27:1c:08:41:16,-80,2,SH
1462589596727776,myLGNet,00:01:36:2d:ea:4c,-84,2,SH
1462589596727776,kms,00:26:66:76:37:9c,-95,2,SH
1462589596727776,kanghee,64:e5:99:4d:7b:68,-95,2,SH
1462589606877847,pplt325,00:26:66:d0:c4:dc,-75,2,SH
1462589606877847,U+Net40B1,00:27:1c:ea:40:af,-73,2,SH
1462589606877847,myLGNet,00:01:36:2d:ea:4c,-81,2,SH
1462589606877847,SK_WLAN,00:27:1c:08:41:16,-81,2,SH
1462589606877847,Hacker,64:e5:99:82:5a:21,-92,2,SH
1462589606877847,kanghee,64:e5:99:4d:7b:68,-95,2,SH
1462589616727977,pplt325,00:26:66:d0:c4:dc,-79,2,SH
1462589616727977,U+Net40B1,00:27:1c:ea:40:af,-79,2,SH
1462589616727977,SK_WLAN,00:27:1c:08:41:16,-82,2,SH
1462589616727977,myLGNet,00:01:36:2d:ea:4c,-84,2,SH
1462589616727977,Hacker,64:e5:99:82:5a:21,-92,2,SH
1462589616727977,kms,00:26:66:76:37:9c,-96,2,SH
1462589626819361,pplt325,00:26:66:d0:c4:dc,-78,2,SH
1462589626819361,U+Net40B1,00:27:1c:ea:40:af,-73,2,SH
1462589626819361,SK_WLAN,00:27:1c:08:41:16,-82,2,SH
1462589626819361,myLGNet,00:01:36:2d:ea:4c,-84,2,SH
1462589626819361,kms,00:26:66:76:37:9c,-96,2,SH
1462589636726904,pplt325,00:26:66:d0:c4:dc,-78,2,SH
1462589636726904,U+Net40B1,00:27:1c:ea:40:af,-73,2,SH
1462589636726904,SK_WLAN,00:27:1c:08:41:16,-81,2,SH
1462589636726904,myLGNet,00:01:36:2d:ea:4c,-83,2,SH
1462589636726904,SK_WiFiD942,00:23:aa:3d:d9:41,-95,2,SH
1462589636726904,kms,00:26:66:76:37:9c,-96,2,SH
1462589646710696,pplt325,00:26:66:d0:c4:dc,-70,2,SH
1462589646710696,U+Net40B1,00:27:1c:ea:40:af,-77,2,SH
1462589646710696,SK_WLAN,00:27:1c:08:41:16,-78,2,SH
1462589646710696,myLGNet,00:01:36:2d:ea:4c,-79,2,SH
1462589646710696,SK_WiFiD942,00:23:aa:3d:d9:41,-95,2,SH
1462589646710696,iptime,64:e5:99:82:5a:20,-96,2,SH
1462589646710696,kms,00:26:66:76:37:9c,-97,2,SH
1462589656815141,pplt325,00:26:66:d0:c4:dc,-69,2,SH
1462589656815141,U+Net40B1,00:27:1c:ea:40:af,-73,2,SH
1462589656815141,myLGNet,00:01:36:2d:ea:4c,-79,2,SH
1462589656815141,SK_WLAN,00:27:1c:08:41:16,-80,2,SH
1462589656815141,SK_WiFiD942,00:23:aa:3d:d9:41,-94,2,SH
1462589656815141,iptime,64:e5:99:82:5a:20,-96,2,SH
1462589656815141,Hacker,64:e5:99:82:5a:21,-97,2,SH
1462589666741788,pplt325,00:26:66:d0:c4:dc,-71,2,SH
1462589666741788,U+Net40B1,00:27:1c:ea:40:af,-70,2,SH
1462589666741788,SK_WLAN,00:27:1c:08:41:16,-80,2,SH
1462589666741788,myLGNet,00:01:36:2d:ea:4c,-83,2,SH
1462589666741788,SK_WiFiD942,00:23:aa:3d:d9:41,-93,2,SH
1462589666741788,kanghee,64:e5:99:4d:7b:68,-95,2,SH
1462589666741788,Hacker,64:e5:99:82:5a:21,-98,2,SH
1462589676680972,pplt325,00:26:66:d0:c4:dc,-71,2,SH
1462589676680972,U+Net40B1,00:27:1c:ea:40:af,-73,2,SH
1462589676680972,SK_WLAN,00:27:1c:08:41:16,-80,2,SH
1462589676680972,myLGNet,00:01:36:2d:ea:4c,-83,2,SH
1462589676680972,SK_WiFiD942,00:23:aa:3d:d9:41,-93,2,SH
1462589676680972,kanghee,64:e5:99:4d:7b:68,-95,2,SH
1462589676680972,Hacker,64:e5:99:82:5a:21,-98,2,SH
1462589686693641,pplt325,00:26:66:d0:c4:dc,-74,2,SH
1462589686693641,SK_WLAN,00:27:1c:08:41:16,-77,2,SH
1462589686693641,U+Net40B1,00:27:1c:ea:40:af,-79,2,SH
1462589686693641,myLGNet,00:01:36:2d:ea:4c,-80,2,SH
1462589686693641,SK_WiFiD942,00:23:aa:3d:d9:41,-95,2,SH
1462589686693641,kanghee,64:e5:99:4d:7b:68,-96,2,SH
1462589696729390,pplt325,00:26:66:d0:c4:dc,-74,2,SH
1462589696729390,SK_WLAN,00:27:1c:08:41:16,-77,2,SH
1462589696729390,U+Net40B1,00:27:1c:ea:40:af,-79,2,SH
1462589696729390,myLGNet,00:01:36:2d:ea:4c,-80,2,SH
1462589696729390,SK_WiFiD942,00:23:aa:3d:d9:41,-95,2,SH
1462589706767842,pplt325,00:26:66:d0:c4:dc,-76,2,SH
1462589706767842,U+Net40B1,00:27:1c:ea:40:af,-73,2,SH
1462589706767842,myLGNet,00:01:36:2d:ea:4c,-79,2,SH
1462589706767842,SK_WLAN,00:27:1c:08:41:16,-81,2,SH
1462589706767842,SK_WiFiD942,00:23:aa:3d:d9:41,-94,2,SH
1462589716987395,pplt325,00:26:66:d0:c4:dc,-65,2,SH
1462589716987395,U+Net40B1,00:27:1c:ea:40:af,-72,2,SH
1462589716987395,myLGNet,00:01:36:2d:ea:4c,-81,2,SH
1462589716987395,SK_WLAN,00:27:1c:08:41:16,-82,2,SH
1462589716987395,SK_WiFiD942,00:23:aa:3d:d9:41,-94,2,SH
1462589716987395,iptime,64:e5:99:82:5a:20,-96,2,SH
1462589726659789,pplt325,00:26:66:d0:c4:dc,-65,2,SH
1462589726659789,U+Net40B1,00:27:1c:ea:40:af,-72,2,SH
1462589726659789,myLGNet,00:01:36:2d:ea:4c,-81,2,SH
1462589726659789,SK_WLAN,00:27:1c:08:41:16,-82,2,SH
1462589726659789,SK_WiFiD942,00:23:aa:3d:d9:41,-94,2,SH
1462589726659789,iptime,64:e5:99:82:5a:20,-96,2,SH
1462589736869328,pplt325,00:26:66:d0:c4:dc,-74,2,SH
1462589736869328,U+Net40B1,00:27:1c:ea:40:af,-72,2,SH
1462589736869328,myLGNet,00:01:36:2d:ea:4c,-78,2,SH
1462589736869328,SK_WLAN,00:27:1c:08:41:16,-84,2,SH
1462589736869328,SK_WiFiD942,00:23:aa:3d:d9:41,-91,2,SH
1462589736869328,iptime,64:e5:99:82:5a:20,-95,2,SH
1462589746695066,pplt325,00:26:66:d0:c4:dc,-74,2,SH
1462589746695066,U+Net40B1,00:27:1c:ea:40:af,-72,2,SH
1462589746695066,myLGNet,00:01:36:2d:ea:4c,-78,2,SH
1462589746695066,SK_WLAN,00:27:1c:08:41:16,-84,2,SH
1462589746695066,SK_WiFiD942,00:23:aa:3d:d9:41,-91,2,SH
1462589746695066,iptime,64:e5:99:82:5a:20,-95,2,SH
1462589756726521,pplt325,00:26:66:d0:c4:dc,-69,2,SH
1462589756726521,U+Net40B1,00:27:1c:ea:40:af,-69,2,SH
1462589756726521,SK_WLAN,00:27:1c:08:41:16,-73,2,SH
1462589756726521,myLGNet,00:01:36:2d:ea:4c,-79,2,SH
1462589756726521,SK_WiFiD942,00:23:aa:3d:d9:41,-96,2,SH
1462589756726521,iptime_skt,90:9f:33:40:a0:9e,-98,2,SH
1462589766748487,pplt325,00:26:66:d0:c4:dc,-67,2,SH
1462589766748487,U+Net40B1,00:27:1c:ea:40:af,-70,2,SH
1462589766748487,SK_WLAN,00:27:1c:08:41:16,-75,2,SH
1462589766748487,myLGNet,00:01:36:2d:ea:4c,-78,2,SH
1462589766748487,iptime_skt,90:9f:33:40:a0:9e,-98,2,SH
1462589776781633,pplt325,00:26:66:d0:c4:dc,-67,2,SH
1462589776781633,U+Net40B1,00:27:1c:ea:40:af,-70,2,SH
1462589776781633,SK_WLAN,00:27:1c:08:41:16,-75,2,SH
1462589776781633,myLGNet,00:01:36:2d:ea:4c,-78,2,SH
1462589776781633,SK_WiFiD942,00:23:aa:3d:d9:41,-93,2,SH
1462589776781633,kms,00:26:66:76:37:9c,-96,2,SH
1462589776781633,SK_WiFi4C25,00:30:0d:62:4c:24,-96,2,SH
1462589786867329,pplt325,00:26:66:d0:c4:dc,-64,2,SH
1462589786867329,U+Net40B1,00:27:1c:ea:40:af,-70,2,SH
1462589786867329,SK_WLAN,00:27:1c:08:41:16,-76,2,SH
1462589786867329,myLGNet,00:01:36:2d:ea:4c,-76,2,SH
1462589786867329,SK_WiFiD942,00:23:aa:3d:d9:41,-92,2,SH
1462589786867329,SK_WiFi4C25,00:30:0d:62:4c:24,-96,2,SH
1462589786867329,kms,00:26:66:76:37:9c,-97,2,SH
1462589796747698,pplt325,00:26:66:d0:c4:dc,-67,2,SH
1462589796747698,U+Net40B1,00:27:1c:ea:40:af,-74,2,SH
1462589796747698,myLGNet,00:01:36:2d:ea:4c,-77,2,SH
1462589796747698,SK_WLAN,00:27:1c:08:41:16,-78,2,SH
1462589796747698,SK_WiFiD942,00:23:aa:3d:d9:41,-92,2,SH
1462589796747698,SK_WiFi4C25,00:30:0d:62:4c:24,-95,2,SH
1462589796747698,kms,00:26:66:76:37:9c,-96,2,SH
1462589806749113,pplt325,00:26:66:d0:c4:dc,-63,2,SH
1462589806749113,U+Net40B1,00:27:1c:ea:40:af,-70,2,SH
1462589806749113,SK_WLAN,00:27:1c:08:41:16,-76,2,SH
1462589806749113,myLGNet,00:01:36:2d:ea:4c,-77,2,SH
1462589806749113,SK_WiFi4C25,00:30:0d:62:4c:24,-95,2,SH
1462589806749113,kms,00:26:66:76:37:9c,-96,2,SH
1462589816769152,pplt325,00:26:66:d0:c4:dc,-61,2,SH
1462589816769152,U+Net40B1,00:27:1c:ea:40:af,-71,2,SH
1462589816769152,SK_WLAN,00:27:1c:08:41:16,-75,2,SH
1462589816769152,myLGNet,00:01:36:2d:ea:4c,-77,2,SH
1462589816769152,SK_WiFiD942,00:23:aa:3d:d9:41,-92,2,SH
1462589826896272,pplt325,00:26:66:d0:c4:dc,-67,2,SH
1462589826896272,U+Net40B1,00:27:1c:ea:40:af,-74,2,SH
1462589826896272,SK_WLAN,00:27:1c:08:41:16,-76,2,SH
1462589826896272,myLGNet,00:01:36:2d:ea:4c,-81,2,SH
1462589826896272,SK_WiFiD942,00:23:aa:3d:d9:41,-94,2,SH
1462589836787339,pplt325,00:26:66:d0:c4:dc,-62,2,SH
1462589836787339,U+Net40B1,00:27:1c:ea:40:af,-73,2,SH
1462589836787339,SK_WLAN,00:27:1c:08:41:16,-74,2,SH
1462589836787339,myLGNet,00:01:36:2d:ea:4c,-81,2,SH
1462589836787339,SK_WiFiD942,00:23:aa:3d:d9:41,-93,2,SH
1462589836787339,kms,00:26:66:76:37:9c,-95,2,SH
1462589846894387,pplt325,00:26:66:d0:c4:dc,-62,2,SH
1462589846894387,U+Net40B1,00:27:1c:ea:40:af,-74,2,SH
1462589846894387,SK_WLAN,00:27:1c:08:41:16,-75,2,SH
1462589846894387,myLGNet,00:01:36:2d:ea:4c,-80,2,SH
1462589846894387,SK_WiFiD942,00:23:aa:3d:d9:41,-91,2,SH
1462589846894387,SK_WiFi4C25,00:30:0d:62:4c:24,-95,2,SH
1462589846894387,kms,00:26:66:76:37:9c,-97,2,SH
1462589856779403,pplt325,00:26:66:d0:c4:dc,-68,2,SH
1462589856779403,U+Net40B1,00:27:1c:ea:40:af,-71,2,SH
1462589856779403,SK_WLAN,00:27:1c:08:41:16,-78,2,SH
1462589856779403,myLGNet,00:01:36:2d:ea:4c,-79,2,SH
1462589856779403,SK_WiFiD942,00:23:aa:3d:d9:41,-90,2,SH
1462589856779403,SK_WiFi4C25,00:30:0d:62:4c:24,-95,2,SH
1462589856779403,kms,00:26:66:76:37:9c,-97,2,SH
1462589866817986,pplt325,00:26:66:d0:c4:dc,-65,2,SH
1462589866817986,U+Net40B1,00:27:1c:ea:40:af,-72,2,SH
1462589866817986,myLGNet,00:01:36:2d:ea:4c,-75,2,SH
1462589866817986,SK_WLAN,00:27:1c:08:41:16,-78,2,SH
1462589866817986,SK_WiFiD942,00:23:aa:3d:d9:41,-91,2,SH
1462589876731250,pplt325,00:26:66:d0:c4:dc,-73,2,SH
1462589876731250,U+Net40B1,00:27:1c:ea:40:af,-74,2,SH
1462589876731250,SK_WLAN,00:27:1c:08:41:16,-79,2,SH
1462589876731250,myLGNet,00:01:36:2d:ea:4c,-79,2,SH
1462589876731250,SK_WiFiD942,00:23:aa:3d:d9:41,-92,2,SH
1462589895885762,pplt325,00:26:66:d0:c4:dc,-68,2,SH
1462589895885762,U+Net40B1,00:27:1c:ea:40:af,-79,2,SH
1462589895885762,myLGNet,00:01:36:2d:ea:4c,-79,2,SH
1462589895885762,SK_WLAN,00:27:1c:08:41:16,-91,2,SH
1462589895885762,SK_WiFiD942,00:23:aa:3d:d9:41,-92,2,SH
1462589905941674,pplt325,00:26:66:d0:c4:dc,-75,2,SH
1462589905941674,U+Net40B1,00:27:1c:ea:40:af,-72,2,SH
1462589905941674,myLGNet,00:01:36:2d:ea:4c,-78,2,SH
1462589905941674,SK_WLAN,00:27:1c:08:41:16,-79,2,SH
1462589916025918,pplt325,00:26:66:d0:c4:dc,-71,2,SH
1462589916025918,U+Net40B1,00:27:1c:ea:40:af,-78,2,SH
1462589916025918,myLGNet,00:01:36:2d:ea:4c,-78,2,SH
1462589916025918,SK_WLAN,00:27:1c:08:41:16,-82,2,SH
1462589916025918,SK_WiFiD942,00:23:aa:3d:d9:41,-93,2,SH
1462589925854464,pplt325,00:26:66:d0:c4:dc,-69,2,SH
1462589925854464,U+Net40B1,00:27:1c:ea:40:af,-76,2,SH
1462589925854464,SK_WLAN,00:27:1c:08:41:16,-81,2,SH
1462589925854464,myLGNet,00:01:36:2d:ea:4c,-86,2,SH
1462589925854464,SK_WiFiD942,00:23:aa:3d:d9:41,-86,2,SH
1462589935955587,pplt325,00:26:66:d0:c4:dc,-69,2,SH
1462589935955587,U+Net40B1,00:27:1c:ea:40:af,-77,2,SH
1462589935955587,SK_WLAN,00:27:1c:08:41:16,-81,2,SH
1462589935955587,myLGNet,00:01:36:2d:ea:4c,-83,2,SH
1462589935955587,SK_WiFiD942,00:23:aa:3d:d9:41,-92,2,SH
1462589945952230,pplt325,00:26:66:d0:c4:dc,-73,2,SH
1462589945952230,U+Net40B1,00:27:1c:ea:40:af,-75,2,SH
1462589945952230,SK_WLAN,00:27:1c:08:41:16,-83,2,SH
1462589945952230,myLGNet,00:01:36:2d:ea:4c,-83,2,SH
1462589945952230,SK_WiFiD942,00:23:aa:3d:d9:41,-92,2,SH
1462589956045286,pplt325,00:26:66:d0:c4:dc,-70,2,SH
1462589956045286,U+Net40B1,00:27:1c:ea:40:af,-77,2,SH
1462589956045286,myLGNet,00:01:36:2d:ea:4c,-78,2,SH
1462589956045286,SK_WLAN,00:27:1c:08:41:16,-79,2,SH
1462589956045286,SK_WiFiD942,00:23:aa:3d:d9:41,-89,2,SH
1462589965994167,pplt325,00:26:66:d0:c4:dc,-68,2,SH
1462589965994167,U+Net40B1,00:27:1c:ea:40:af,-76,2,SH
1462589965994167,SK_WLAN,00:27:1c:08:41:16,-79,2,SH
1462589965994167,myLGNet,00:01:36:2d:ea:4c,-80,2,SH
1462589965994167,SK_WiFiD942,00:23:aa:3d:d9:41,-89,2,SH
1462589975937739,pplt325,00:26:66:d0:c4:dc,-68,2,SH
1462589975937739,U+Net40B1,00:27:1c:ea:40:af,-78,2,SH
1462589975937739,SK_WLAN,00:27:1c:08:41:16,-78,2,SH
1462589975937739,myLGNet,00:01:36:2d:ea:4c,-79,2,SH
1462589975937739,SK_WiFiD942,00:23:aa:3d:d9:41,-91,2,SH
1462589985880496,pplt325,00:26:66:d0:c4:dc,-68,2,SH
1462589985880496,U+Net40B1,00:27:1c:ea:40:af,-78,2,SH
1462589985880496,SK_WLAN,00:27:1c:08:41:16,-78,2,SH
1462589985880496,myLGNet,00:01:36:2d:ea:4c,-79,2,SH
1462589985880496,SK_WiFiD942,00:23:aa:3d:d9:41,-91,2,SH
1462589996039881,pplt325,00:26:66:d0:c4:dc,-65,2,SH
1462589996039881,SK_WLAN,00:27:1c:08:41:16,-77,2,SH
1462589996039881,myLGNet,00:01:36:2d:ea:4c,-80,2,SH
1462589996039881,U+Net40B1,00:27:1c:ea:40:af,-80,2,SH
1462589996039881,SK_WiFiD942,00:23:aa:3d:d9:41,-89,2,SH
1462590006767598,pplt325,00:26:66:d0:c4:dc,-64,2,SH
1462590006767598,U+Net40B1,00:27:1c:ea:40:af,-77,2,SH
1462590006767598,SK_WLAN,00:27:1c:08:41:16,-78,2,SH
1462590006767598,myLGNet,00:01:36:2d:ea:4c,-81,2,SH
1462590006767598,SK_WiFiD942,00:23:aa:3d:d9:41,-87,2,SH
1462590016546507,pplt325,00:26:66:d0:c4:dc,-66,2,SH
1462590016546507,SK_WLAN,00:27:1c:08:41:16,-78,2,SH
1462590016546507,U+Net40B1,00:27:1c:ea:40:af,-79,2,SH
1462590016546507,myLGNet,00:01:36:2d:ea:4c,-80,2,SH
1462590016546507,SK_WiFiD942,00:23:aa:3d:d9:41,-89,2,SH
1462590026629635,pplt325,00:26:66:d0:c4:dc,-67,2,SH
1462590026629635,SK_WLAN,00:27:1c:08:41:16,-78,2,SH
1462590026629635,U+Net40B1,00:27:1c:ea:40:af,-78,2,SH
1462590026629635,myLGNet,00:01:36:2d:ea:4c,-80,2,SH
1462590026629635,SK_WiFiD942,00:23:aa:3d:d9:41,-88,2,SH
1462590036530201,pplt325,00:26:66:d0:c4:dc,-64,2,SH
1462590036530201,U+Net40B1,00:27:1c:ea:40:af,-78,2,SH
1462590036530201,myLGNet,00:01:36:2d:ea:4c,-80,2,SH
1462590036530201,SK_WLAN,00:27:1c:08:41:16,-80,2,SH
1462590036530201,SK_WiFiD942,00:23:aa:3d:d9:41,-90,2,SH
1462590046714324,pplt325,00:26:66:d0:c4:dc,-69,2,SH
1462590046714324,U+Net40B1,00:27:1c:ea:40:af,-77,2,SH
1462590046714324,SK_WLAN,00:27:1c:08:41:16,-79,2,SH
1462590046714324,myLGNet,00:01:36:2d:ea:4c,-81,2,SH
1462590046714324,SK_WiFiD942,00:23:aa:3d:d9:41,-86,2,SH
1462590056767067,pplt325,00:26:66:d0:c4:dc,-66,2,SH
1462590056767067,SK_WLAN,00:27:1c:08:41:16,-78,2,SH
1462590056767067,myLGNet,00:01:36:2d:ea:4c,-78,2,SH
1462590056767067,U+Net40B1,00:27:1c:ea:40:af,-81,2,SH
1462590056767067,SK_WiFiD942,00:23:aa:3d:d9:41,-90,2,SH
1462590066571030,pplt325,00:26:66:d0:c4:dc,-66,2,SH
1462590066571030,SK_WLAN,00:27:1c:08:41:16,-78,2,SH
1462590066571030,myLGNet,00:01:36:2d:ea:4c,-78,2,SH
1462590066571030,U+Net40B1,00:27:1c:ea:40:af,-81,2,SH
1462590066571030,SK_WiFiD942,00:23:aa:3d:d9:41,-90,2,SH
1462590076582350,pplt325,00:26:66:d0:c4:dc,-68,2,SH
1462590076582350,U+Net40B1,00:27:1c:ea:40:af,-76,2,SH
1462590076582350,SK_WLAN,00:27:1c:08:41:16,-77,2,SH
1462590076582350,myLGNet,00:01:36:2d:ea:4c,-81,2,SH
1462590076582350,SK_WiFiD942,00:23:aa:3d:d9:41,-90,2,SH
1462590086657137,pplt325,00:26:66:d0:c4:dc,-68,2,SH
1462590086657137,U+Net40B1,00:27:1c:ea:40:af,-76,2,SH
1462590086657137,SK_WLAN,00:27:1c:08:41:16,-77,2,SH
1462590086657137,myLGNet,00:01:36:2d:ea:4c,-81,2,SH
1462590086657137,SK_WiFiD942,00:23:aa:3d:d9:41,-90,2,SH
1462590096751735,pplt325,00:26:66:d0:c4:dc,-66,2,SH
1462590096751735,U+Net40B1,00:27:1c:ea:40:af,-77,2,SH
1462590096751735,SK_WLAN,00:27:1c:08:41:16,-79,2,SH
1462590096751735,myLGNet,00:01:36:2d:ea:4c,-80,2,SH
1462590096751735,SK_WiFiD942,00:23:aa:3d:d9:41,-88,2,SH
1462590106621102,pplt325,00:26:66:d0:c4:dc,-67,2,SH
1462590106621102,U+Net40B1,00:27:1c:ea:40:af,-78,2,SH
1462590106621102,SK_WLAN,00:27:1c:08:41:16,-78,2,SH
1462590106621102,myLGNet,00:01:36:2d:ea:4c,-80,2,SH
1462590106621102,SK_WiFiD942,00:23:aa:3d:d9:41,-90,2,SH
1462590116664690,pplt325,00:26:66:d0:c4:dc,-67,2,SH
1462590116664690,U+Net40B1,00:27:1c:ea:40:af,-78,2,SH
1462590116664690,SK_WLAN,00:27:1c:08:41:16,-78,2,SH
1462590116664690,myLGNet,00:01:36:2d:ea:4c,-80,2,SH
1462590116664690,SK_WiFiD942,00:23:aa:3d:d9:41,-90,2,SH
1462590126625943,pplt325,00:26:66:d0:c4:dc,-72,2,SH
1462590126625943,U+Net40B1,00:27:1c:ea:40:af,-76,2,SH
1462590126625943,myLGNet,00:01:36:2d:ea:4c,-79,2,SH
1462590126625943,SK_WLAN,00:27:1c:08:41:16,-83,2,SH
1462590136593104,pplt325,00:26:66:d0:c4:dc,-75,2,SH
1462590136593104,myLGNet,00:01:36:2d:ea:4c,-81,2,SH
1462590136593104,U+Net40B1,00:27:1c:ea:40:af,-87,2,SH
1462590136593104,SK_WLAN,00:27:1c:08:41:16,-88,2,SH
1462590136593104,SK_WiFiD942,00:23:aa:3d:d9:41,-95,2,SH
1462590146734021,pplt325,00:26:66:d0:c4:dc,-72,2,SH
1462590146734021,U+Net40B1,00:27:1c:ea:40:af,-76,2,SH
1462590146734021,SK_WLAN,00:27:1c:08:41:16,-80,2,SH
1462590146734021,myLGNet,00:01:36:2d:ea:4c,-82,2,SH
1462590146734021,SK_WiFiD942,00:23:aa:3d:d9:41,-94,2,SH
1462590156572865,pplt325,00:26:66:d0:c4:dc,-73,2,SH
1462590156572865,U+Net40B1,00:27:1c:ea:40:af,-77,2,SH
1462590156572865,myLGNet,00:01:36:2d:ea:4c,-81,2,SH
1462590156572865,SK_WLAN,00:27:1c:08:41:16,-83,2,SH
1462590156572865,SK_WiFiD942,00:23:aa:3d:d9:41,-94,2,SH
1462590166846423,pplt325,00:26:66:d0:c4:dc,-74,2,SH
1462590166846423,myLGNet,00:01:36:2d:ea:4c,-79,2,SH
1462590166846423,SK_WLAN,00:27:1c:08:41:16,-83,2,SH
1462590166846423,U+Net40B1,00:27:1c:ea:40:af,-85,2,SH
1462590176779926,pplt325,00:26:66:d0:c4:dc,-72,2,SH
1462590176779926,U+Net40B1,00:27:1c:ea:40:af,-82,2,SH
1462590176779926,myLGNet,00:01:36:2d:ea:4c,-84,2,SH
1462590176779926,SK_WLAN,00:27:1c:08:41:16,-87,2,SH
1462590186597592,pplt325,00:26:66:d0:c4:dc,-74,2,SH
1462590186597592,U+Net40B1,00:27:1c:ea:40:af,-82,2,SH
1462590186597592,myLGNet,00:01:36:2d:ea:4c,-82,2,SH
1462590186597592,SK_WLAN,00:27:1c:08:41:16,-84,2,SH
1462590286759012,pplt325,00:26:66:d0:c4:dc,-80,3,SL
1462590286759012,U+Net40B1,00:27:1c:ea:40:af,-82,3,SL
1462590286759012,myLGNet,00:01:36:2d:ea:4c,-86,3,SL
1462590286759012,SK_WLAN,00:27:1c:08:41:16,-92,3,SL
1462590296942045,pplt325,00:26:66:d0:c4:dc,-76,3,SL
1462590296942045,myLGNet,00:01:36:2d:ea:4c,-85,3,SL
1462590296942045,U+Net40B1,00:27:1c:ea:40:af,-89,3,SL
1462590296942045,SK_WLAN,00:27:1c:08:41:16,-94,3,SL
1462590306997578,pplt325,00:26:66:d0:c4:dc,-85,3,SL
1462590306997578,myLGNet,00:01:36:2d:ea:4c,-86,3,SL
1462590306997578,U+Net40B1,00:27:1c:ea:40:af,-87,3,SL
1462590306997578,SK_WLAN,00:27:1c:08:41:16,-94,3,SL
1462590316831335,pplt325,00:26:66:d0:c4:dc,-78,3,SL
1462590316831335,myLGNet,00:01:36:2d:ea:4c,-85,3,SL
1462590316831335,SK_WLAN,00:27:1c:08:41:16,-92,3,SL
1462590316831335,U+Net40B1,00:27:1c:ea:40:af,-94,3,SL
1462590326819460,pplt325,00:26:66:d0:c4:dc,-78,3,SL
1462590326819460,myLGNet,00:01:36:2d:ea:4c,-85,3,SL
1462590326819460,SK_WLAN,00:27:1c:08:41:16,-92,3,SL
1462590326819460,U+Net40B1,00:27:1c:ea:40:af,-94,3,SL
1462590336941297,pplt325,00:26:66:d0:c4:dc,-75,3,SL
1462590336941297,myLGNet,00:01:36:2d:ea:4c,-86,3,SL
1462590336941297,SK_WLAN,00:27:1c:08:41:16,-94,3,SL
1462590346919192,pplt325,00:26:66:d0:c4:dc,-75,3,SL
1462590346919192,myLGNet,00:01:36:2d:ea:4c,-86,3,SL
1462590346919192,SK_WLAN,00:27:1c:08:41:16,-94,3,SL
1462590356750594,pplt325,00:26:66:d0:c4:dc,-77,3,SL
1462590356750594,myLGNet,00:01:36:2d:ea:4c,-87,3,SL
1462590356750594,U+Net40B1,00:27:1c:ea:40:af,-89,3,SL
1462590356750594,SK_WLAN,00:27:1c:08:41:16,-96,3,SL
1462590366794001,pplt325,00:26:66:d0:c4:dc,-77,3,SL
1462590366794001,myLGNet,00:01:36:2d:ea:4c,-87,3,SL
1462590366794001,U+Net40B1,00:27:1c:ea:40:af,-89,3,SL
1462590366794001,SK_WLAN,00:27:1c:08:41:16,-96,3,SL
1462590376772894,pplt325,00:26:66:d0:c4:dc,-79,3,SL
1462590376772894,myLGNet,00:01:36:2d:ea:4c,-88,3,SL
1462590376772894,U+Net40B1,00:27:1c:ea:40:af,-93,3,SL
1462590376772894,SK_WLAN,00:27:1c:08:41:16,-94,3,SL
1462590386802146,pplt325,00:26:66:d0:c4:dc,-80,3,SL
1462590386802146,myLGNet,00:01:36:2d:ea:4c,-89,3,SL
1462590386802146,U+Net40B1,00:27:1c:ea:40:af,-92,3,SL
1462590386802146,SK_WLAN,00:27:1c:08:41:16,-94,3,SL
1462590396895710,pplt325,00:26:66:d0:c4:dc,-80,3,SL
1462590396895710,myLGNet,00:01:36:2d:ea:4c,-83,3,SL
1462590396895710,U+Net40B1,00:27:1c:ea:40:af,-92,3,SL
1462590396895710,SK_WLAN,00:27:1c:08:41:16,-96,3,SL
1462590406825971,pplt325,00:26:66:d0:c4:dc,-76,3,SL
1462590406825971,myLGNet,00:01:36:2d:ea:4c,-86,3,SL
1462590406825971,U+Net40B1,00:27:1c:ea:40:af,-87,3,SL
1462590406825971,SK_WLAN,00:27:1c:08:41:16,-96,3,SL
1462590416735810,pplt325,00:26:66:d0:c4:dc,-76,3,SL
1462590416735810,myLGNet,00:01:36:2d:ea:4c,-86,3,SL
1462590416735810,U+Net40B1,00:27:1c:ea:40:af,-87,3,SL
1462590416735810,SK_WLAN,00:27:1c:08:41:16,-96,3,SL
1462590426753347,pplt325,00:26:66:d0:c4:dc,-79,3,SL
1462590426753347,U+Net40B1,00:27:1c:ea:40:af,-85,3,SL
1462590426753347,myLGNet,00:01:36:2d:ea:4c,-85,3,SL
1462590426753347,SK_WLAN,00:27:1c:08:41:16,-94,3,SL
1462590436725813,pplt325,00:26:66:d0:c4:dc,-81,3,SL
1462590436725813,myLGNet,00:01:36:2d:ea:4c,-85,3,SL
1462590436725813,SK_WLAN,00:27:1c:08:41:16,-94,3,SL
1462590436725813,U+Net40B1,00:27:1c:ea:40:af,-95,3,SL
1462590446956063,pplt325,00:26:66:d0:c4:dc,-83,3,SL
1462590446956063,U+Net40B1,00:27:1c:ea:40:af,-91,3,SL
1462590456978198,pplt325,00:26:66:d0:c4:dc,-82,3,SL
1462590456978198,U+Net40B1,00:27:1c:ea:40:af,-91,3,SL
1462590456978198,myLGNet,00:01:36:2d:ea:4c,-94,3,SL
1462590466897481,pplt325,00:26:66:d0:c4:dc,-80,3,SL
1462590466897481,U+Net40B1,00:27:1c:ea:40:af,-93,3,SL
1462590466897481,myLGNet,00:01:36:2d:ea:4c,-94,3,SL
1462590476940323,pplt325,00:26:66:d0:c4:dc,-80,3,SL
1462590476940323,myLGNet,00:01:36:2d:ea:4c,-94,3,SL
1462590476940323,U+Net40B1,00:27:1c:ea:40:af,-95,3,SL
1462590486728018,pplt325,00:26:66:d0:c4:dc,-80,3,SL
1462590486728018,SK_WLAN,00:27:1c:08:41:16,-92,3,SL
1462590486728018,myLGNet,00:01:36:2d:ea:4c,-94,3,SL
1462590486728018,U+Net40B1,00:27:1c:ea:40:af,-95,3,SL
1462594213998126,pplt325,00:26:66:d0:c4:dc,-78,3,SL
1462594213998126,myLGNet,00:01:36:2d:ea:4c,-89,3,SL
1462594213998126,SK_WLAN,00:27:1c:08:41:16,-92,3,SL
1462594224023492,pplt325,00:26:66:d0:c4:dc,-77,3,SL
1462594224023492,myLGNet,00:01:36:2d:ea:4c,-89,3,SL
1462594224023492,SK_WiFiD942,00:23:aa:3d:d9:41,-90,3,SL
1462594224023492,SK_WLAN,00:27:1c:08:41:16,-91,3,SL
1462594224023492,kms,00:26:66:76:37:9c,-95,3,SL
1462594234052929,pplt325,00:26:66:d0:c4:dc,-80,3,SL
1462594234052929,myLGNet,00:01:36:2d:ea:4c,-86,3,SL
1462594234052929,SK_WiFiD942,00:23:aa:3d:d9:41,-90,3,SL
1462594234052929,SK_WLAN,00:27:1c:08:41:16,-91,3,SL
1462594234052929,kms,00:26:66:76:37:9c,-95,3,SL
1462594244214549,pplt325,00:26:66:d0:c4:dc,-78,3,SL
1462594244214549,myLGNet,00:01:36:2d:ea:4c,-87,3,SL
1462594244214549,SK_WLAN,00:27:1c:08:41:16,-93,3,SL
1462594254320686,pplt325,00:26:66:d0:c4:dc,-82,3,SL
1462594254320686,myLGNet,00:01:36:2d:ea:4c,-87,3,SL
1462594254320686,SK_WLAN,00:27:1c:08:41:16,-92,3,SL
1462594254320686,U+Net40B1,00:27:1c:ea:40:af,-93,3,SL
1462594264300134,pplt325,00:26:66:d0:c4:dc,-80,3,SL
1462594264300134,SK_WiFiD942,00:23:aa:3d:d9:41,-90,3,SL
1462594264300134,SK_WLAN,00:27:1c:08:41:16,-92,3,SL
1462594264300134,U+Net40B1,00:27:1c:ea:40:af,-93,3,SL
1462594264300134,kms,00:26:66:76:37:9c,-93,3,SL
1462594274280981,pplt325,00:26:66:d0:c4:dc,-81,3,SL
1462594274280981,myLGNet,00:01:36:2d:ea:4c,-86,3,SL
1462594274280981,SK_WiFiD942,00:23:aa:3d:d9:41,-89,3,SL
1462594274280981,SK_WLAN,00:27:1c:08:41:16,-93,3,SL
1462594274280981,kms,00:26:66:76:37:9c,-98,3,SL
1462594284045842,pplt325,00:26:66:d0:c4:dc,-81,3,SL
1462594284045842,myLGNet,00:01:36:2d:ea:4c,-86,3,SL
1462594284045842,SK_WiFiD942,00:23:aa:3d:d9:41,-89,3,SL
1462594284045842,SK_WLAN,00:27:1c:08:41:16,-93,3,SL
1462594284045842,U+Net40B1,00:27:1c:ea:40:af,-94,3,SL
1462594284045842,kms,00:26:66:76:37:9c,-98,3,SL
1462594294119892,pplt325,00:26:66:d0:c4:dc,-80,3,SL
1462594294119892,myLGNet,00:01:36:2d:ea:4c,-88,3,SL
1462594294119892,SK_WiFiD942,00:23:aa:3d:d9:41,-91,3,SL
1462594294119892,SK_WLAN,00:27:1c:08:41:16,-93,3,SL
1462594294119892,U+Net40B1,00:27:1c:ea:40:af,-94,3,SL
1462594294119892,kms,00:26:66:76:37:9c,-96,3,SL
1462594304102601,pplt325,00:26:66:d0:c4:dc,-81,3,SL
1462594304102601,myLGNet,00:01:36:2d:ea:4c,-89,3,SL
1462594304102601,SK_WiFiD942,00:23:aa:3d:d9:41,-92,3,SL
1462594304102601,SK_WLAN,00:27:1c:08:41:16,-93,3,SL
1462594304102601,kms,00:26:66:76:37:9c,-94,3,SL
1462594304102601,U+Net40B1,00:27:1c:ea:40:af,-98,3,SL
1462594314065943,pplt325,00:26:66:d0:c4:dc,-81,3,SL
1462594314065943,myLGNet,00:01:36:2d:ea:4c,-89,3,SL
1462594314065943,SK_WiFiD942,00:23:aa:3d:d9:41,-92,3,SL
1462594314065943,SK_WLAN,00:27:1c:08:41:16,-93,3,SL
1462594314065943,kms,00:26:66:76:37:9c,-94,3,SL
1462594314065943,U+Net40B1,00:27:1c:ea:40:af,-98,3,SL
1462594324088155,pplt325,00:26:66:d0:c4:dc,-81,3,SL
1462594324088155,SK_WiFiD942,00:23:aa:3d:d9:41,-88,3,SL
1462594324088155,myLGNet,00:01:36:2d:ea:4c,-89,3,SL
1462594324088155,kms,00:26:66:76:37:9c,-94,3,SL
1462594324088155,SK_WLAN,00:27:1c:08:41:16,-96,3,SL
1462594334067415,pplt325,00:26:66:d0:c4:dc,-81,3,SL
1462594334067415,SK_WiFiD942,00:23:aa:3d:d9:41,-88,3,SL
1462594334067415,myLGNet,00:01:36:2d:ea:4c,-89,3,SL
1462594334067415,kms,00:26:66:76:37:9c,-94,3,SL
1462594334067415,U+Net40B1,00:27:1c:ea:40:af,-95,3,SL
1462594334067415,SK_WLAN,00:27:1c:08:41:16,-96,3,SL
1462594344065639,pplt325,00:26:66:d0:c4:dc,-82,3,SL
1462594344065639,myLGNet,00:01:36:2d:ea:4c,-87,3,SL
1462594344065639,SK_WiFiD942,00:23:aa:3d:d9:41,-92,3,SL
1462594344065639,SK_WLAN,00:27:1c:08:41:16,-93,3,SL
1462594344065639,kms,00:26:66:76:37:9c,-95,3,SL
1462594344065639,U+Net40B1,00:27:1c:ea:40:af,-95,3,SL
1462594354085576,pplt325,00:26:66:d0:c4:dc,-83,3,SL
1462594354085576,myLGNet,00:01:36:2d:ea:4c,-90,3,SL
1462594354085576,SK_WiFiD942,00:23:aa:3d:d9:41,-92,3,SL
1462594354085576,SK_WLAN,00:27:1c:08:41:16,-94,3,SL
1462594354085576,kms,00:26:66:76:37:9c,-95,3,SL
1462594364082306,pplt325,00:26:66:d0:c4:dc,-80,3,SL
1462594364082306,myLGNet,00:01:36:2d:ea:4c,-88,3,SL
1462594364082306,SK_WiFiD942,00:23:aa:3d:d9:41,-90,3,SL
1462594364082306,SK_WLAN,00:27:1c:08:41:16,-95,3,SL
1462594364082306,kms,00:26:66:76:37:9c,-95,3,SL
1462594373953040,pplt325,00:26:66:d0:c4:dc,-81,3,SL
1462594373953040,myLGNet,00:01:36:2d:ea:4c,-86,3,SL
1462594373953040,SK_WiFiD942,00:23:aa:3d:d9:41,-91,3,SL
1462594373953040,SK_WLAN,00:27:1c:08:41:16,-92,3,SL
1462594373953040,kms,00:26:66:76:37:9c,-96,3,SL
1462594384016813,pplt325,00:26:66:d0:c4:dc,-80,3,SL
1462594384016813,myLGNet,00:01:36:2d:ea:4c,-89,3,SL
1462594384016813,SK_WiFiD942,00:23:aa:3d:d9:41,-91,3,SL
1462594384016813,kms,00:26:66:76:37:9c,-95,3,SL
1462594384016813,SK_WLAN,00:27:1c:08:41:16,-98,3,SL
1462594394060284,pplt325,00:26:66:d0:c4:dc,-79,3,SL
1462594394060284,myLGNet,00:01:36:2d:ea:4c,-90,3,SL
1462594394060284,SK_WiFiD942,00:23:aa:3d:d9:41,-92,3,SL
1462594394060284,kms,00:26:66:76:37:9c,-95,3,SL
1462594394060284,U+Net40B1,00:27:1c:ea:40:af,-95,3,SL
1462594394060284,SK_WLAN,00:27:1c:08:41:16,-96,3,SL
1462594404079391,pplt325,00:26:66:d0:c4:dc,-80,3,SL
1462594404079391,myLGNet,00:01:36:2d:ea:4c,-87,3,SL
1462594404079391,SK_WiFiD942,00:23:aa:3d:d9:41,-91,3,SL
1462594404079391,SK_WLAN,00:27:1c:08:41:16,-94,3,SL
1462594404079391,U+Net40B1,00:27:1c:ea:40:af,-95,3,SL
1462594414194211,pplt325,00:26:66:d0:c4:dc,-81,3,SL
1462594414194211,myLGNet,00:01:36:2d:ea:4c,-87,3,SL
1462594414194211,SK_WiFiD942,00:23:aa:3d:d9:41,-92,3,SL
1462594414194211,kms,00:26:66:76:37:9c,-93,3,SL
1462594414194211,SK_WLAN,00:27:1c:08:41:16,-94,3,SL
1462595471084134,pplt325,00:26:66:d0:c4:dc,-71,4,V
1462595471084134,U+Net40B1,00:27:1c:ea:40:af,-67,4,V
1462595471084134,SK_WLAN,00:27:1c:08:41:16,-78,4,V
1462595471084134,SK_WiFiD942,00:23:aa:3d:d9:41,-87,4,V
1462595471084134,myLGNet,00:01:36:2d:ea:4c,-88,4,V
1462595471084134,SK_WiFi4C25,00:30:0d:62:4c:24,-93,4,V
1462595471084134,iptime,64:e5:99:82:5a:20,-94,4,V
1462595471084134,iptime_skt,90:9f:33:40:a0:9e,-94,4,V
1462595471084134,SK_WiFi7AC2,00:23:aa:3c:7a:c1,-97,4,V
1462595481267865,pplt325,00:26:66:d0:c4:dc,-67,4,V
1462595481267865,U+Net40B1,00:27:1c:ea:40:af,-66,4,V
1462595481267865,myLGNet,00:01:36:2d:ea:4c,-76,4,V
1462595481267865,SK_WLAN,00:27:1c:08:41:16,-86,4,V
1462595481267865,SK_WiFiD942,00:23:aa:3d:d9:41,-89,4,V
1462595481267865,iptime_skt,90:9f:33:40:a0:9e,-98,4,V
1462595491252251,pplt325,00:26:66:d0:c4:dc,-67,4,V
1462595491252251,U+Net40B1,00:27:1c:ea:40:af,-63,4,V
1462595491252251,myLGNet,00:01:36:2d:ea:4c,-71,4,V
1462595491252251,SK_WLAN,00:27:1c:08:41:16,-86,4,V
1462595491252251,SK_WiFiD942,00:23:aa:3d:d9:41,-89,4,V
1462595491252251,iptime_skt,90:9f:33:40:a0:9e,-98,4,V
1462595501166501,pplt325,00:26:66:d0:c4:dc,-70,4,V
1462595501166501,myLGNet,00:01:36:2d:ea:4c,-82,4,V
1462595501166501,U+Net40B1,00:27:1c:ea:40:af,-84,4,V
1462595501166501,SK_WLAN,00:27:1c:08:41:16,-91,4,V
1462595501166501,SK_WiFiD942,00:23:aa:3d:d9:41,-93,4,V
1462595501166501,myLGNet9066,00:40:5a:db:5e:c9,-95,4,V
1462595501166501,iptime_skt,90:9f:33:40:a0:9e,-99,4,V
1462595511017490,pplt325,00:26:66:d0:c4:dc,-70,4,V
1462595511017490,myLGNet,00:01:36:2d:ea:4c,-82,4,V
1462595511017490,U+Net40B1,00:27:1c:ea:40:af,-84,4,V
1462595511017490,SK_WLAN,00:27:1c:08:41:16,-91,4,V
1462595511017490,KT_WLAN,0a:0e:dc:5a:b6:c8,-91,4,V
1462595511017490,SK_WiFiD942,00:23:aa:3d:d9:41,-93,4,V
1462595511017490,myLGNet9066,00:40:5a:db:5e:c9,-95,4,V
1462595511017490,SK_WiFi5875,08:5d:dd:12:58:78,-95,4,V
1462595511017490,iptime,64:e5:99:3d:2f:6c,-95,4,V
1462595511017490,SK_WiFi3C5C,00:27:1c:94:3c:5e,-96,4,V
1462595511017490,iptime_skt,90:9f:33:40:a0:9e,-99,4,V
1462595521093593,pplt325,00:26:66:d0:c4:dc,-67,4,V
1462595521093593,U+Net40B1,00:27:1c:ea:40:af,-61,4,V
1462595521093593,myLGNet,00:01:36:2d:ea:4c,-81,4,V
1462595521093593,SK_WLAN,00:27:1c:08:41:16,-81,4,V
1462595521093593,SK_WiFiD942,00:23:aa:3d:d9:41,-85,4,V
1462595521093593,iptime_skt,90:9f:33:40:a0:9e,-85,4,V
1462595521093593,KT_WLAN,0a:0e:dc:5a:b6:c8,-91,4,V
1462595521093593,ggyu,00:08:9f:50:a2:35,-93,4,V
1462595521093593,iptime,64:e5:99:3d:2f:6c,-93,4,V
1462595521093593,SK_WiFi5875,08:5d:dd:12:58:78,-95,4,V
1462595521093593,SK_WiFi3C5C,00:27:1c:94:3c:5e,-96,4,V
1462595521093593,HB,00:26:66:78:99:a8,-96,4,V
1462595521093593,iptime333,90:9f:33:6c:a4:92,-96,4,V
1462595531197668,pplt325,00:26:66:d0:c4:dc,-63,4,V
1462595531197668,U+Net40B1,00:27:1c:ea:40:af,-72,4,V
1462595531197668,SK_WLAN,00:27:1c:08:41:16,-85,4,V
1462595531197668,myLGNet,00:01:36:2d:ea:4c,-86,4,V
1462595531197668,anywise,90:9f:33:8f:a2:6a,-88,4,V
1462595531197668,KT_WLAN,0a:0e:dc:5a:b6:c8,-88,4,V
1462595531197668,SK_WiFiD942,00:23:aa:3d:d9:41,-90,4,V
1462595531197668,iptime_skt,90:9f:33:40:a0:9e,-90,4,V
1462595531197668,ggyu,00:08:9f:50:a2:35,-93,4,V
1462595531197668,iptime,64:e5:99:3d:2f:6c,-93,4,V
1462595531197668,HB,00:26:66:78:99:a8,-96,4,V
1462595531197668,iptime333,90:9f:33:6c:a4:92,-96,4,V
1462595531197668,U+zone,f8:0c:f3:85:b0:b2,-96,4,V
1462595541202858,pplt325,00:26:66:d0:c4:dc,-57,4,V
1462595541202858,SK_WLAN,00:27:1c:08:41:16,-74,4,V
1462595541202858,myLGNet,00:01:36:2d:ea:4c,-75,4,V
1462595541202858,U+Net40B1,00:27:1c:ea:40:af,-77,4,V
1462595541202858,SK_WiFiD942,00:23:aa:3d:d9:41,-85,4,V
1462595541202858,anywise,90:9f:33:8f:a2:6a,-88,4,V
1462595541202858,KT_WLAN,0a:0e:dc:5a:b6:c8,-88,4,V
1462595541202858,iptime_skt,90:9f:33:40:a0:9e,-90,4,V
1462595541202858,U+zone,f8:0c:f3:85:b0:b2,-96,4,V
1462595541202858,Hacker,64:e5:99:82:5a:21,-96,4,V
1462595541202858,myLGNet9066,00:40:5a:db:5e:c9,-96,4,V
1462595551024605,pplt325,00:26:66:d0:c4:dc,-78,4,V
1462595551024605,U+Net40B1,00:27:1c:ea:40:af,-69,4,V
1462595551024605,myLGNet,00:01:36:2d:ea:4c,-72,4,V
1462595551024605,SK_WLAN,00:27:1c:08:41:16,-81,4,V
1462595551024605,SK_WiFiD942,00:23:aa:3d:d9:41,-93,4,V
1462595551024605,Hacker,64:e5:99:82:5a:21,-96,4,V
1462595551024605,myLGNet9066,00:40:5a:db:5e:c9,-96,4,V
1462595561255008,pplt325,00:26:66:d0:c4:dc,-66,4,V
1462595561255008,U+Net40B1,00:27:1c:ea:40:af,-64,4,V
1462595561255008,myLGNet,00:01:36:2d:ea:4c,-76,4,V
1462595561255008,SK_WLAN,00:27:1c:08:41:16,-87,4,V
1462595561255008,SK_WiFiD942,00:23:aa:3d:d9:41,-88,4,V
1462595561255008,Hacker,64:e5:99:82:5a:21,-101,4,V
1462595571015171,pplt325,00:26:66:d0:c4:dc,-62,4,V
1462595571015171,U+Net40B1,00:27:1c:ea:40:af,-64,4,V
1462595571015171,myLGNet,00:01:36:2d:ea:4c,-76,4,V
1462595571015171,SK_WLAN,00:27:1c:08:41:16,-84,4,V
1462595571015171,SK_WiFiD942,00:23:aa:3d:d9:41,-88,4,V
1462595571015171,Hacker,64:e5:99:82:5a:21,-101,4,V
1462595581242498,pplt325,00:26:66:d0:c4:dc,-63,4,V
1462595581242498,U+Net40B1,00:27:1c:ea:40:af,-58,4,V
1462595581242498,SK_WLAN,00:27:1c:08:41:16,-76,4,V
1462595581242498,SK_WiFiD942,00:23:aa:3d:d9:41,-84,4,V
1462595581242498,myLGNet,00:01:36:2d:ea:4c,-84,4,V
1462595581242498,iptime_skt,90:9f:33:40:a0:9e,-89,4,V
1462595581242498,iptime333,90:9f:33:6c:a4:92,-93,4,V
1462595581242498,SK_WiFi3C5C,00:27:1c:94:3c:5e,-95,4,V
1462595591304628,pplt325,00:26:66:d0:c4:dc,-63,4,V
1462595591304628,U+Net40B1,00:27:1c:ea:40:af,-65,4,V
1462595591304628,SK_WLAN,00:27:1c:08:41:16,-74,4,V
1462595591304628,SK_WiFiD942,00:23:aa:3d:d9:41,-88,4,V
1462595591304628,iptime_skt,90:9f:33:40:a0:9e,-89,4,V
1462595591304628,myLGNet,00:01:36:2d:ea:4c,-91,4,V
1462595591304628,iptime333,90:9f:33:6c:a4:92,-93,4,V
1462595591304628,SK_WiFi3C5C,00:27:1c:94:3c:5e,-95,4,V
1462595601224655,pplt325,00:26:66:d0:c4:dc,-70,4,V
1462595601224655,U+Net40B1,00:27:1c:ea:40:af,-65,4,V
1462595601224655,SK_WLAN,00:27:1c:08:41:16,-82,4,V
1462595601224655,SK_WiFiD942,00:23:aa:3d:d9:41,-88,4,V
1462595601224655,myLGNet,00:01:36:2d:ea:4c,-91,4,V
1462595611276060,pplt325,00:26:66:d0:c4:dc,-70,4,V
1462595611276060,myLGNet,00:01:36:2d:ea:4c,-71,4,V
1462595611276060,U+Net40B1,00:27:1c:ea:40:af,-82,4,V
1462595611276060,SK_WiFiD942,00:23:aa:3d:d9:41,-90,4,V
1462595611276060,SK_WLAN,00:27:1c:08:41:16,-93,4,V
1462595621229901,pplt325,00:26:66:d0:c4:dc,-57,4,V
1462595621229901,U+Net40B1,00:27:1c:ea:40:af,-57,4,V
1462595621229901,myLGNet,00:01:36:2d:ea:4c,-74,4,V
1462595621229901,SK_WLAN,00:27:1c:08:41:16,-83,4,V
1462595621229901,SK_WiFiD942,00:23:aa:3d:d9:41,-85,4,V
1462595621229901,SK_WiFi7AC2,00:23:aa:3c:7a:c1,-95,4,V
1462595621229901,KT_WLAN,0a:0e:dc:5a:b6:c8,-95,4,V
1462595631159099,pplt325,00:26:66:d0:c4:dc,-61,4,V
1462595631159099,U+Net40B1,00:27:1c:ea:40:af,-73,4,V
1462595631159099,myLGNet,00:01:36:2d:ea:4c,-75,4,V
1462595631159099,SK_WLAN,00:27:1c:08:41:16,-77,4,V
1462595631159099,SK_WiFiD942,00:23:aa:3d:d9:41,-85,4,V
1462595631159099,SK_WiFi7AC2,00:23:aa:3c:7a:c1,-95,4,V
1462595631159099,KT_WLAN,0a:0e:dc:5a:b6:c8,-95,4,V
1462595631159099,Hacker,64:e5:99:82:5a:21,-97,4,V
1462595631159099,iptime,64:e5:99:82:5a:20,-97,4,V
1462595641217567,pplt325,00:26:66:d0:c4:dc,-63,4,V
1462595641217567,U+Net40B1,00:27:1c:ea:40:af,-66,4,V
1462595641217567,myLGNet,00:01:36:2d:ea:4c,-74,4,V
1462595641217567,SK_WLAN,00:27:1c:08:41:16,-78,4,V
1462595641217567,SK_WiFiD942,00:23:aa:3d:d9:41,-90,4,V
1462595641217567,Hacker,64:e5:99:82:5a:21,-97,4,V
1462595641217567,iptime,64:e5:99:82:5a:20,-97,4,V
1462595651064431,pplt325,00:26:66:d0:c4:dc,-63,4,V
1462595651064431,U+Net40B1,00:27:1c:ea:40:af,-66,4,V
1462595651064431,myLGNet,00:01:36:2d:ea:4c,-74,4,V
1462595651064431,SK_WLAN,00:27:1c:08:41:16,-78,4,V
1462595651064431,SK_WiFiD942,00:23:aa:3d:d9:41,-90,4,V
1462595661057533,pplt325,00:26:66:d0:c4:dc,-71,4,V
1462595661057533,myLGNet,00:01:36:2d:ea:4c,-76,4,V
1462595661057533,U+Net40B1,00:27:1c:ea:40:af,-77,4,V
1462595661057533,SK_WLAN,00:27:1c:08:41:16,-81,4,V
1462595661057533,SK_WiFiD942,00:23:aa:3d:d9:41,-92,4,V
1462595671114336,pplt325,00:26:66:d0:c4:dc,-77,4,V
1462595671114336,U+Net40B1,00:27:1c:ea:40:af,-71,4,V
1462595671114336,myLGNet,00:01:36:2d:ea:4c,-71,4,V
1462595671114336,SK_WLAN,00:27:1c:08:41:16,-82,4,V
1462595671114336,SK_WiFiD942,00:23:aa:3d:d9:41,-89,4,V
1462595681175032,pplt325,00:26:66:d0:c4:dc,-69,4,V
1462595681175032,U+Net40B1,00:27:1c:ea:40:af,-73,4,V
1462595681175032,myLGNet,00:01:36:2d:ea:4c,-75,4,V
1462595681175032,SK_WiFiD942,00:23:aa:3d:d9:41,-89,4,V
1462595681175032,SK_WLAN,00:27:1c:08:41:16,-92,4,V
1462595681175032,myLGNet9066,00:40:5a:db:5e:c9,-94,4,V
1462595681175032,SK_WiFi0A51,00:27:1c:3b:0a:53,-95,4,V
1462595691213759,pplt325,00:26:66:d0:c4:dc,-65,4,V
1462595691213759,U+Net40B1,00:27:1c:ea:40:af,-69,4,V
1462595691213759,myLGNet,00:01:36:2d:ea:4c,-71,4,V
1462595691213759,SK_WLAN,00:27:1c:08:41:16,-81,4,V
1462595691213759,SK_WiFiD942,00:23:aa:3d:d9:41,-85,4,V
1462595691213759,U+Net0A3C,08:5d:dd:0b:0a:3a,-92,4,V
1462595691213759,HB,00:26:66:78:99:a8,-93,4,V
1462595691213759,olleh_WiFi_E2B7,00:07:89:36:e2:ba,-93,4,V
1462595691213759,myLGNet9066,00:40:5a:db:5e:c9,-94,4,V
1462595691213759,KT_WLAN,0a:0e:dc:5a:b6:c8,-94,4,V
1462595691213759,SK_WiFi0A51,00:27:1c:3b:0a:53,-95,4,V
1462595691213759,SK_WiFi5875,08:5d:dd:12:58:78,-100,4,V
1462595701030385,pplt325,00:26:66:d0:c4:dc,-68,4,V
1462595701030385,U+Net40B1,00:27:1c:ea:40:af,-56,4,V
1462595701030385,myLGNet,00:01:36:2d:ea:4c,-72,4,V
1462595701030385,SK_WiFiD942,00:23:aa:3d:d9:41,-85,4,V
1462595701030385,SK_WLAN,00:27:1c:08:41:16,-90,4,V
1462595701030385,U+Net0A3C,08:5d:dd:0b:0a:3a,-92,4,V
1462595701030385,HB,00:26:66:78:99:a8,-93,4,V
1462595701030385,olleh_WiFi_E2B7,00:07:89:36:e2:ba,-93,4,V
1462595701030385,KT_WLAN,0a:0e:dc:5a:b6:c8,-94,4,V
1462595701030385,SK_WiFi5875,08:5d:dd:12:58:78,-100,4,V
1462595711206492,pplt325,00:26:66:d0:c4:dc,-63,4,V
1462595711206492,U+Net40B1,00:27:1c:ea:40:af,-63,4,V
1462595711206492,myLGNet,00:01:36:2d:ea:4c,-70,4,V
1462595711206492,SK_WLAN,00:27:1c:08:41:16,-83,4,V
1462595711206492,SK_WiFiD942,00:23:aa:3d:d9:41,-89,4,V
1462595711206492,iptime,64:e5:99:82:5a:20,-94,4,V
1462595721091085,pplt325,00:26:66:d0:c4:dc,-65,4,V
1462595721091085,U+Net40B1,00:27:1c:ea:40:af,-73,4,V
1462595721091085,myLGNet,00:01:36:2d:ea:4c,-77,4,V
1462595721091085,SK_WiFiD942,00:23:aa:3d:d9:41,-81,4,V
1462595721091085,SK_WLAN,00:27:1c:08:41:16,-87,4,V
1462595721091085,iptime,64:e5:99:82:5a:20,-94,4,V
1462595721091085,Hacker,64:e5:99:82:5a:21,-96,4,V
1462595731274456,pplt325,00:26:66:d0:c4:dc,-67,4,V
1462595731274456,U+Net40B1,00:27:1c:ea:40:af,-63,4,V
1462595731274456,SK_WLAN,00:27:1c:08:41:16,-80,4,V
1462595731274456,SK_WiFiD942,00:23:aa:3d:d9:41,-81,4,V
1462595731274456,myLGNet,00:01:36:2d:ea:4c,-84,4,V
1462595731274456,Hacker,64:e5:99:82:5a:21,-92,4,V
1462595741332747,pplt325,00:26:66:d0:c4:dc,-65,4,V
1462595741332747,U+Net40B1,00:27:1c:ea:40:af,-63,4,V
1462595741332747,SK_WLAN,00:27:1c:08:41:16,-71,4,V
1462595741332747,myLGNet,00:01:36:2d:ea:4c,-72,4,V
1462595741332747,SK_WiFiD942,00:23:aa:3d:d9:41,-88,4,V
1462595741332747,KT_WLAN,0a:0e:dc:5a:b6:c8,-94,4,V
1462595741332747,HB,00:26:66:78:99:a8,-95,4,V
1462595741332747,Hacker,64:e5:99:82:5a:21,-95,4,V
1462595741332747,SK_WiFi4C25,00:30:0d:62:4c:24,-96,4,V
1462595741332747,iptime102-605,90:9f:33:6d:0c:16,-97,4,V
1462595751283530,pplt325,00:26:66:d0:c4:dc,-65,4,V
1462595751283530,U+Net40B1,00:27:1c:ea:40:af,-63,4,V
1462595751283530,SK_WLAN,00:27:1c:08:41:16,-71,4,V
1462595751283530,myLGNet,00:01:36:2d:ea:4c,-72,4,V
1462595751283530,SK_WiFiD942,00:23:aa:3d:d9:41,-88,4,V
1462595751283530,KT_WLAN,0a:0e:dc:5a:b6:c8,-94,4,V
1462595751283530,HB,00:26:66:78:99:a8,-95,4,V
1462595751283530,Hacker,64:e5:99:82:5a:21,-95,4,V
1462595751283530,SK_WiFi4C25,00:30:0d:62:4c:24,-96,4,V
1462595751283530,iptime,64:e5:99:82:5a:20,-96,4,V
1462595751283530,iptime102-605,90:9f:33:6d:0c:16,-97,4,V
1462595761074387,pplt325,00:26:66:d0:c4:dc,-57,4,V
1462595761074387,U+Net40B1,00:27:1c:ea:40:af,-64,4,V
1462595761074387,SK_WLAN,00:27:1c:08:41:16,-71,4,V
1462595761074387,myLGNet,00:01:36:2d:ea:4c,-77,4,V
1462595761074387,SK_WiFiD942,00:23:aa:3d:d9:41,-88,4,V
1462595761074387,Hacker,64:e5:99:82:5a:21,-92,4,V
1462595761074387,iptime,64:e5:99:82:5a:20,-96,4,V
1462595771024083,pplt325,00:26:66:d0:c4:dc,-74,4,V
1462595771024083,U+Net40B1,00:27:1c:ea:40:af,-67,4,V
1462595771024083,myLGNet,00:01:36:2d:ea:4c,-77,4,V
1462595771024083,SK_WLAN,00:27:1c:08:41:16,-84,4,V
1462595771024083,SK_WiFiD942,00:23:aa:3d:d9:41,-89,4,V
1462595771024083,Hacker,64:e5:99:82:5a:21,-92,4,V
1462595771024083,feelMAXoul,64:e5:99:a3:4d:5c,-98,4,V
1462595844886891,pplt325,00:26:66:d0:c4:dc,-70,3,V
1462595844886891,U+Net40B1,00:27:1c:ea:40:af,-67,3,V
1462595844886891,myLGNet,00:01:36:2d:ea:4c,-81,3,V
1462595844886891,SK_WLAN,00:27:1c:08:41:16,-81,3,V
1462595844886891,SK_WiFiD942,00:23:aa:3d:d9:41,-89,3,V
1462595844886891,kms,00:26:66:76:37:9c,-89,3,V
1462595844886891,feelMAXoul,64:e5:99:a3:4d:5c,-98,3,V
1462595854944119,pplt325,00:26:66:d0:c4:dc,-72,3,V
1462595854944119,U+Net40B1,00:27:1c:ea:40:af,-87,3,V
1462595854944119,kms,00:26:66:76:37:9c,-88,3,V
1462595854944119,myLGNet,00:01:36:2d:ea:4c,-92,3,V
1462595854944119,SK_WLAN,00:27:1c:08:41:16,-94,3,V
1462595865137380,pplt325,00:26:66:d0:c4:dc,-74,3,V
1462595865137380,U+Net40B1,00:27:1c:ea:40:af,-82,3,V
1462595865137380,myLGNet,00:01:36:2d:ea:4c,-87,3,V
1462595865137380,SK_WLAN,00:27:1c:08:41:16,-91,3,V
1462595865137380,myLGNet111F,10:f9:6f:f4:11:1d,-93,3,V
1462595865137380,kms,00:26:66:76:37:9c,-95,3,V
1462595865137380,kanghee,64:e5:99:4d:7b:68,-96,3,V
1462595875053028,pplt325,00:26:66:d0:c4:dc,-77,3,V
1462595875053028,U+Net40B1,00:27:1c:ea:40:af,-80,3,V
1462595875053028,SK_WLAN,00:27:1c:08:41:16,-90,3,V
1462595875053028,myLGNet111F,10:f9:6f:f4:11:1d,-93,3,V
1462595875053028,kms,00:26:66:76:37:9c,-93,3,V
1462595875053028,myLGNet,00:01:36:2d:ea:4c,-93,3,V
1462595875053028,kanghee,64:e5:99:4d:7b:68,-96,3,V
1462595884948686,pplt325,00:26:66:d0:c4:dc,-77,3,V
1462595884948686,U+Net40B1,00:27:1c:ea:40:af,-80,3,V
1462595884948686,SK_WLAN,00:27:1c:08:41:16,-90,3,V
1462595884948686,myLGNet111F,10:f9:6f:f4:11:1d,-93,3,V
1462595884948686,kms,00:26:66:76:37:9c,-93,3,V
1462595884948686,myLGNet,00:01:36:2d:ea:4c,-93,3,V
1462595884948686,ichigo-2,90:9f:33:6d:8e:b6,-93,3,V
1462595884948686,kanghee,64:e5:99:4d:7b:68,-96,3,V
1462595894937103,pplt325,00:26:66:d0:c4:dc,-82,3,V
1462595894937103,myLGNet,00:01:36:2d:ea:4c,-83,3,V
1462595894937103,U+Net40B1,00:27:1c:ea:40:af,-87,3,V
1462595894937103,kanghee,64:e5:99:4d:7b:68,-89,3,V
1462595894937103,myLGNet111F,10:f9:6f:f4:11:1d,-90,3,V
1462595894937103,SK_WLAN,00:27:1c:08:41:16,-91,3,V
1462595894937103,ichigo-2,90:9f:33:6d:8e:b6,-93,3,V
1462595904952255,pplt325,00:26:66:d0:c4:dc,-70,3,V
1462595904952255,SK_WLAN,00:27:1c:08:41:16,-82,3,V
1462595904952255,U+Net40B1,00:27:1c:ea:40:af,-87,3,V
1462595904952255,myLGNet,00:01:36:2d:ea:4c,-88,3,V
1462595904952255,myLGNet111F,10:f9:6f:f4:11:1d,-90,3,V
1462595914906426,pplt325,00:26:66:d0:c4:dc,-79,3,V
1462595914906426,U+Net40B1,00:27:1c:ea:40:af,-79,3,V
1462595914906426,kms,00:26:66:76:37:9c,-81,3,V
1462595914906426,myLGNet,00:01:36:2d:ea:4c,-87,3,V
1462595914906426,SK_WLAN,00:27:1c:08:41:16,-92,3,V
1462595924937545,pplt325,00:26:66:d0:c4:dc,-79,3,V
1462595924937545,U+Net40B1,00:27:1c:ea:40:af,-79,3,V
1462595924937545,kms,00:26:66:76:37:9c,-81,3,V
1462595924937545,myLGNet,00:01:36:2d:ea:4c,-87,3,V
1462595924937545,SK_WLAN,00:27:1c:08:41:16,-92,3,V
1462595924937545,myLGNet111F,10:f9:6f:f4:11:1d,-97,3,V
1462595934934917,pplt325,00:26:66:d0:c4:dc,-76,3,V
1462595934934917,U+Net40B1,00:27:1c:ea:40:af,-84,3,V
1462595934934917,SK_WLAN,00:27:1c:08:41:16,-87,3,V
1462595934934917,myLGNet,00:01:36:2d:ea:4c,-87,3,V
1462595934934917,SK_WiFiD942,00:23:aa:3d:d9:41,-90,3,V
1462595934934917,ichigo-2,90:9f:33:6d:8e:b6,-93,3,V
1462595934934917,myLGNet111F,10:f9:6f:f4:11:1d,-94,3,V
1462595944891248,pplt325,00:26:66:d0:c4:dc,-81,3,V
1462595944891248,U+Net40B1,00:27:1c:ea:40:af,-84,3,V
1462595944891248,kms,00:26:66:76:37:9c,-86,3,V
1462595944891248,myLGNet,00:01:36:2d:ea:4c,-86,3,V
1462595944891248,SK_WLAN,00:27:1c:08:41:16,-89,3,V
1462595944891248,SK_WiFiD942,00:23:aa:3d:d9:41,-90,3,V
1462595944891248,ichigo-2,90:9f:33:6d:8e:b6,-93,3,V
1462595944891248,myLGNet111F,10:f9:6f:f4:11:1d,-94,3,V
1462595955093583,pplt325,00:26:66:d0:c4:dc,-75,3,V
1462595955093583,SK_WLAN,00:27:1c:08:41:16,-83,3,V
1462595955093583,U+Net40B1,00:27:1c:ea:40:af,-84,3,V
1462595955093583,kms,00:26:66:76:37:9c,-86,3,V
1462595955093583,myLGNet,00:01:36:2d:ea:4c,-86,3,V
1462595955093583,SK_WiFiD942,00:23:aa:3d:d9:41,-92,3,V
1462595965100755,pplt325,00:26:66:d0:c4:dc,-68,3,V
1462595965100755,SK_WLAN,00:27:1c:08:41:16,-85,3,V
1462595965100755,U+Net40B1,00:27:1c:ea:40:af,-85,3,V
1462595965100755,myLGNet,00:01:36:2d:ea:4c,-86,3,V
1462595965100755,SK_WiFiD942,00:23:aa:3d:d9:41,-92,3,V
1462595965100755,iptime,64:e5:99:82:5a:20,-97,3,V
1462595974864191,pplt325,00:26:66:d0:c4:dc,-65,3,V
1462595974864191,U+Net40B1,00:27:1c:ea:40:af,-81,3,V
1462595974864191,SK_WLAN,00:27:1c:08:41:16,-86,3,V
1462595974864191,myLGNet,00:01:36:2d:ea:4c,-86,3,V
1462595974864191,iptime,64:e5:99:82:5a:20,-97,3,V
1462595984899861,pplt325,00:26:66:d0:c4:dc,-69,3,V
1462595984899861,SK_WLAN,00:27:1c:08:41:16,-81,3,V
1462595984899861,myLGNet,00:01:36:2d:ea:4c,-87,3,V
1462595984899861,SK_WiFiD942,00:23:aa:3d:d9:41,-91,3,V
1462595984899861,U+Net40B1,00:27:1c:ea:40:af,-93,3,V
1462595995722241,pplt325,00:26:66:d0:c4:dc,-73,3,V
1462595995722241,U+Net40B1,00:27:1c:ea:40:af,-83,3,V
1462595995722241,myLGNet,00:01:36:2d:ea:4c,-83,3,V
1462595995722241,SK_WLAN,00:27:1c:08:41:16,-84,3,V
1462595995722241,kms,00:26:66:76:37:9c,-89,3,V
1462595995722241,SK_WiFiD942,00:23:aa:3d:d9:41,-91,3,V
1462596005063343,pplt325,00:26:66:d0:c4:dc,-78,3,V
1462596005063343,myLGNet,00:01:36:2d:ea:4c,-84,3,V
1462596005063343,U+Net40B1,00:27:1c:ea:40:af,-85,3,V
1462596005063343,kms,00:26:66:76:37:9c,-91,3,V
1462596005063343,ichigo-2,90:9f:33:6d:8e:b6,-93,3,V
1462596005063343,SK_WLAN,00:27:1c:08:41:16,-93,3,V
1462596014947667,pplt325,00:26:66:d0:c4:dc,-75,3,V
1462596014947667,myLGNet,00:01:36:2d:ea:4c,-84,3,V
1462596014947667,SK_WLAN,00:27:1c:08:41:16,-87,3,V
1462596014947667,kms,00:26:66:76:37:9c,-91,3,V
1462596014947667,U+Net40B1,00:27:1c:ea:40:af,-92,3,V
1462596014947667,ichigo-2,90:9f:33:6d:8e:b6,-93,3,V
1462596014947667,myLGNet111F,10:f9:6f:f4:11:1d,-95,3,V
1462596014947667,kanghee,64:e5:99:4d:7b:68,-96,3,V
1462596024922222,pplt325,00:26:66:d0:c4:dc,-82,3,V
1462596024922222,kms,00:26:66:76:37:9c,-88,3,V
1462596024922222,U+Net40B1,00:27:1c:ea:40:af,-89,3,V
1462596024922222,SK_WLAN,00:27:1c:08:41:16,-90,3,V
1462596024922222,myLGNet,00:01:36:2d:ea:4c,-90,3,V
1462596024922222,김현영산부인과,64:e5:99:e6:18:04,-94,3,V
1462596024922222,myLGNet111F,10:f9:6f:f4:11:1d,-95,3,V
1462596024922222,kanghee,64:e5:99:4d:7b:68,-96,3,V
1462596034919192,pplt325,00:26:66:d0:c4:dc,-71,3,V
1462596034919192,myLGNet,00:01:36:2d:ea:4c,-85,3,V
1462596034919192,SK_WLAN,00:27:1c:08:41:16,-86,3,V
1462596034919192,kms,00:26:66:76:37:9c,-88,3,V
1462596034919192,U+Net40B1,00:27:1c:ea:40:af,-89,3,V
1462596034919192,김현영산부인과,64:e5:99:e6:18:04,-94,3,V
1462596034919192,ichigo-2,90:9f:33:6d:8e:b6,-97,3,V
1462596044905374,pplt325,00:26:66:d0:c4:dc,-78,3,V
1462596044905374,U+Net40B1,00:27:1c:ea:40:af,-83,3,V
1462596044905374,SK_WiFiD942,00:23:aa:3d:d9:41,-91,3,V
1462596044905374,myLGNet,00:01:36:2d:ea:4c,-92,3,V
1462596044905374,SK_WLAN,00:27:1c:08:41:16,-94,3,V
1462596044905374,ichigo-2,90:9f:33:6d:8e:b6,-97,3,V
1462596054905773,pplt325,00:26:66:d0:c4:dc,-78,3,V
1462596054905773,U+Net40B1,00:27:1c:ea:40:af,-83,3,V
1462596054905773,kms,00:26:66:76:37:9c,-90,3,V
1462596054905773,SK_WiFiD942,00:23:aa:3d:d9:41,-91,3,V
1462596054905773,myLGNet,00:01:36:2d:ea:4c,-92,3,V
1462596054905773,myLGNet111F,10:f9:6f:f4:11:1d,-92,3,V
1462596054905773,SK_WLAN,00:27:1c:08:41:16,-94,3,V
1462596064996304,pplt325,00:26:66:d0:c4:dc,-73,3,V
1462596064996304,SK_WLAN,00:27:1c:08:41:16,-86,3,V
1462596064996304,myLGNet,00:01:36:2d:ea:4c,-88,3,V
1462596064996304,ichigo-2,90:9f:33:6d:8e:b6,-90,3,V
1462596064996304,myLGNet111F,10:f9:6f:f4:11:1d,-92,3,V
1462596064996304,kms,00:26:66:76:37:9c,-93,3,V
1462596074829493,pplt325,00:26:66:d0:c4:dc,-77,3,V
1462596074829493,SK_WLAN,00:27:1c:08:41:16,-86,3,V
1462596074829493,U+Net40B1,00:27:1c:ea:40:af,-87,3,V
1462596074829493,myLGNet,00:01:36:2d:ea:4c,-90,3,V
1462596074829493,kms,00:26:66:76:37:9c,-93,3,V
1462596074829493,olleh_WiFi_A4A4,08:5d:dd:2d:a4:a8,-93,3,V
1462596074829493,U+Net8EF3,00:08:5b:80:8e:f1,-93,3,V
1462596074829493,SK_WiFiD942,00:23:aa:3d:d9:41,-93,3,V
1462596074829493,choon7,90:9f:33:bb:16:68,-94,3,V
1462596074829493,ichigo-2,90:9f:33:6d:8e:b6,-94,3,V
1462596085044107,pplt325,00:26:66:d0:c4:dc,-71,3,V
1462596085044107,SK_WLAN,00:27:1c:08:41:16,-86,3,V
1462596085044107,U+Net40B1,00:27:1c:ea:40:af,-86,3,V
1462596085044107,SK_WiFiD942,00:23:aa:3d:d9:41,-86,3,V
1462596085044107,myLGNet,00:01:36:2d:ea:4c,-90,3,V
1462596085044107,olleh_WiFi_A4A4,08:5d:dd:2d:a4:a8,-93,3,V
1462596085044107,U+Net8EF3,00:08:5b:80:8e:f1,-93,3,V
1462596085044107,choon7,90:9f:33:bb:16:68,-94,3,V
1462596085044107,ichigo-2,90:9f:33:6d:8e:b6,-94,3,V
1462596095026695,pplt325,00:26:66:d0:c4:dc,-81,3,V
1462596095026695,U+Net40B1,00:27:1c:ea:40:af,-81,3,V
1462596095026695,SK_WiFiD942,00:23:aa:3d:d9:41,-86,3,V
1462596095026695,myLGNet,00:01:36:2d:ea:4c,-90,3,V
1462596095026695,kms,00:26:66:76:37:9c,-91,3,V
1462596095026695,SK_WLAN,00:27:1c:08:41:16,-92,3,V
1462596095026695,SK_WiFiA3AA,00:23:aa:3e:a3:a9,-95,3,V
1462596105170088,pplt325,00:26:66:d0:c4:dc,-77,3,V
1462596105170088,U+Net40B1,00:27:1c:ea:40:af,-81,3,V
1462596105170088,kms,00:26:66:76:37:9c,-85,3,V
1462596105170088,SK_WLAN,00:27:1c:08:41:16,-88,3,V
1462596105170088,SK_WiFiA3AA,00:23:aa:3e:a3:a9,-95,3,V
1462596105170088,choon7,90:9f:33:bb:16:68,-95,3,V
1462596105170088,myLGNet,00:01:36:2d:ea:4c,-96,3,V
1462596114930221,pplt325,00:26:66:d0:c4:dc,-75,3,V
1462596114930221,U+Net40B1,00:27:1c:ea:40:af,-86,3,V
1462596114930221,kms,00:26:66:76:37:9c,-87,3,V
1462596114930221,SK_WLAN,00:27:1c:08:41:16,-92,3,V
1462596114930221,choon7,90:9f:33:bb:16:68,-95,3,V
1462596114930221,myLGNet,00:01:36:2d:ea:4c,-96,3,V
1462596125028713,pplt325,00:26:66:d0:c4:dc,-74,3,V
1462596125028713,U+Net40B1,00:27:1c:ea:40:af,-88,3,V
1462596125028713,kanghee,64:e5:99:4d:7b:68,-91,3,V
1462596125028713,SK_WLAN,00:27:1c:08:41:16,-92,3,V
1462596125028713,ichigo-2,90:9f:33:6d:8e:b6,-93,3,V
1462596125028713,kms,00:26:66:76:37:9c,-94,3,V
1462596125028713,SK_WiFiA3AA,00:23:aa:3e:a3:a9,-95,3,V
1462596125028713,myLGNet111F,10:f9:6f:f4:11:1d,-95,3,V
1462596134914701,pplt325,00:26:66:d0:c4:dc,-76,3,V
1462596134914701,U+Net40B1,00:27:1c:ea:40:af,-80,3,V
1462596134914701,myLGNet,00:01:36:2d:ea:4c,-88,3,V
1462596134914701,SK_WLAN,00:27:1c:08:41:16,-88,3,V
1462596134914701,kanghee,64:e5:99:4d:7b:68,-91,3,V
1462596134914701,ichigo-2,90:9f:33:6d:8e:b6,-93,3,V
1462596134914701,kms,00:26:66:76:37:9c,-95,3,V
1462596134914701,SK_WiFiA3AA,00:23:aa:3e:a3:a9,-95,3,V
1462596134914701,myLGNet111F,10:f9:6f:f4:11:1d,-95,3,V
1462598056634117,pplt325,00:26:66:d0:c4:dc,-75,1,E
1462598056634117,U+Net40B1,00:27:1c:ea:40:af,-74,1,E
1462598056634117,myLGNet,00:01:36:2d:ea:4c,-81,1,E
1462598056634117,SK_WLAN,00:27:1c:08:41:16,-82,1,E
1462598056634117,SK_WiFiD942,00:23:aa:3d:d9:41,-93,1,E
1462598056634117,iptime,64:e5:99:82:5a:20,-95,1,E
1462598056634117,KT_WLAN,0a:0e:dc:5a:b6:c8,-95,1,E
1462598056634117,Hacker,64:e5:99:82:5a:21,-98,1,E
1462598066683774,pplt325,00:26:66:d0:c4:dc,-66,1,E
1462598066683774,U+Net40B1,00:27:1c:ea:40:af,-60,1,E
1462598066683774,SK_WLAN,00:27:1c:08:41:16,-82,1,E
1462598066683774,myLGNet,00:01:36:2d:ea:4c,-87,1,E
1462598066683774,kms,00:26:66:76:37:9c,-93,1,E
1462598066683774,myLGNet9066,00:40:5a:db:5e:c9,-94,1,E
1462598066683774,SK_WiFiD942,00:23:aa:3d:d9:41,-94,1,E
1462598066683774,KT_WLAN,0a:0e:dc:5a:b6:c8,-95,1,E
1462598076652005,pplt325,00:26:66:d0:c4:dc,-66,1,E
1462598076652005,U+Net40B1,00:27:1c:ea:40:af,-60,1,E
1462598076652005,SK_WLAN,00:27:1c:08:41:16,-84,1,E
1462598076652005,myLGNet,00:01:36:2d:ea:4c,-87,1,E
1462598076652005,kms,00:26:66:76:37:9c,-93,1,E
1462598076652005,myLGNet9066,00:40:5a:db:5e:c9,-94,1,E
1462598076652005,SK_WiFiD942,00:23:aa:3d:d9:41,-94,1,E
1462598076652005,KT_WLAN,0a:0e:dc:5a:b6:c8,-94,1,E
1462598086755965,pplt325,00:26:66:d0:c4:dc,-66,1,E
1462598086755965,U+Net40B1,00:27:1c:ea:40:af,-76,1,E
1462598086755965,SK_WLAN,00:27:1c:08:41:16,-85,1,E
1462598086755965,myLGNet,00:01:36:2d:ea:4c,-89,1,E
1462598086755965,KT_WLAN,0a:0e:dc:5a:b6:c8,-91,1,E
1462598086755965,myLGNet9066,00:40:5a:db:5e:c9,-94,1,E
1462598086755965,SK_WiFiD942,00:23:aa:3d:d9:41,-96,1,E
1462598096819694,pplt325,00:26:66:d0:c4:dc,-67,1,E
1462598096819694,U+Net40B1,00:27:1c:ea:40:af,-62,1,E
1462598096819694,SK_WLAN,00:27:1c:08:41:16,-81,1,E
1462598096819694,myLGNet,00:01:36:2d:ea:4c,-90,1,E
1462598096819694,myLGNet9066,00:40:5a:db:5e:c9,-90,1,E
1462598096819694,KT_WLAN,0a:0e:dc:5a:b6:c8,-93,1,E
1462598096819694,SK_WiFiD942,00:23:aa:3d:d9:41,-99,1,E
1462598106726534,pplt325,00:26:66:d0:c4:dc,-65,1,E
1462598106726534,U+Net40B1,00:27:1c:ea:40:af,-61,1,E
1462598106726534,SK_WLAN,00:27:1c:08:41:16,-81,1,E
1462598106726534,myLGNet,00:01:36:2d:ea:4c,-87,1,E
1462598106726534,myLGNet9066,00:40:5a:db:5e:c9,-93,1,E
1462598106726534,KT_WLAN,0a:0e:dc:5a:b6:c8,-93,1,E
1462598106726534,SK_WiFiD942,00:23:aa:3d:d9:41,-96,1,E
1462598116790542,pplt325,00:26:66:d0:c4:dc,-68,1,E
1462598116790542,U+Net40B1,00:27:1c:ea:40:af,-58,1,E
1462598116790542,SK_WLAN,00:27:1c:08:41:16,-84,1,E
1462598116790542,myLGNet,00:01:36:2d:ea:4c,-88,1,E
1462598116790542,myLGNet9066,00:40:5a:db:5e:c9,-93,1,E
1462598116790542,KT_WLAN,0a:0e:dc:5a:b6:c8,-94,1,E
1462598116790542,SK_WiFiD942,00:23:aa:3d:d9:41,-96,1,E
1462598126634706,pplt325,00:26:66:d0:c4:dc,-68,1,E
1462598126634706,U+Net40B1,00:27:1c:ea:40:af,-58,1,E
1462598126634706,SK_WLAN,00:27:1c:08:41:16,-84,1,E
1462598126634706,myLGNet,00:01:36:2d:ea:4c,-88,1,E
1462598126634706,myLGNet9066,00:40:5a:db:5e:c9,-93,1,E
1462598126634706,KT_WLAN,0a:0e:dc:5a:b6:c8,-94,1,E
1462598136654979,pplt325,00:26:66:d0:c4:dc,-67,1,E
1462598136654979,U+Net40B1,00:27:1c:ea:40:af,-59,1,E
1462598136654979,SK_WLAN,00:27:1c:08:41:16,-82,1,E
1462598136654979,myLGNet,00:01:36:2d:ea:4c,-86,1,E
1462598136654979,KT_WLAN,0a:0e:dc:5a:b6:c8,-93,1,E
1462598136654979,myLGNet9066,00:40:5a:db:5e:c9,-95,1,E
1462598136654979,U+Net205B,00:08:5b:5a:20:59,-98,1,E
1462598146684582,pplt325,00:26:66:d0:c4:dc,-67,1,E
1462598146684582,U+Net40B1,00:27:1c:ea:40:af,-72,1,E
1462598146684582,SK_WLAN,00:27:1c:08:41:16,-82,1,E
1462598146684582,myLGNet,00:01:36:2d:ea:4c,-82,1,E
1462598146684582,KT_WLAN,0a:0e:dc:5a:b6:c8,-90,1,E
1462598146684582,myLGNet9066,00:40:5a:db:5e:c9,-93,1,E
1462598146684582,U+Net205B,00:08:5b:5a:20:59,-98,1,E
1462598156665291,pplt325,00:26:66:d0:c4:dc,-67,1,E
1462598156665291,U+Net40B1,00:27:1c:ea:40:af,-72,1,E
1462598156665291,SK_WLAN,00:27:1c:08:41:16,-82,1,E
1462598156665291,myLGNet,00:01:36:2d:ea:4c,-82,1,E
1462598156665291,KT_WLAN,0a:0e:dc:5a:b6:c8,-90,1,E
1462598156665291,myLGNet9066,00:40:5a:db:5e:c9,-93,1,E
1462598166771013,pplt325,00:26:66:d0:c4:dc,-65,1,E
1462598166771013,U+Net40B1,00:27:1c:ea:40:af,-59,1,E
1462598166771013,SK_WLAN,00:27:1c:08:41:16,-82,1,E
1462598166771013,myLGNet,00:01:36:2d:ea:4c,-86,1,E
1462598166771013,KT_WLAN,0a:0e:dc:5a:b6:c8,-90,1,E
1462598166771013,myLGNet9066,00:40:5a:db:5e:c9,-92,1,E
1462598176703857,pplt325,00:26:66:d0:c4:dc,-67,1,E
1462598176703857,U+Net40B1,00:27:1c:ea:40:af,-58,1,E
1462598176703857,SK_WLAN,00:27:1c:08:41:16,-83,1,E
1462598176703857,myLGNet,00:01:36:2d:ea:4c,-85,1,E
1462598176703857,KT_WLAN,0a:0e:dc:5a:b6:c8,-90,1,E
1462598176703857,myLGNet9066,00:40:5a:db:5e:c9,-92,1,E
1462598186671990,pplt325,00:26:66:d0:c4:dc,-66,1,E
1462598186671990,U+Net40B1,00:27:1c:ea:40:af,-61,1,E
1462598186671990,SK_WLAN,00:27:1c:08:41:16,-82,1,E
1462598186671990,myLGNet,00:01:36:2d:ea:4c,-87,1,E
1462598186671990,KT_WLAN,0a:0e:dc:5a:b6:c8,-90,1,E
1462598186671990,myLGNet9066,00:40:5a:db:5e:c9,-93,1,E
1462598196664472,pplt325,00:26:66:d0:c4:dc,-67,1,E
1462598196664472,U+Net40B1,00:27:1c:ea:40:af,-58,1,E
1462598196664472,SK_WLAN,00:27:1c:08:41:16,-81,1,E
1462598196664472,myLGNet,00:01:36:2d:ea:4c,-86,1,E
1462598196664472,KT_WLAN,0a:0e:dc:5a:b6:c8,-90,1,E
1462598196664472,myLGNet9066,00:40:5a:db:5e:c9,-91,1,E
1462598206750183,pplt325,00:26:66:d0:c4:dc,-65,1,E
1462598206750183,U+Net40B1,00:27:1c:ea:40:af,-61,1,E
1462598206750183,SK_WLAN,00:27:1c:08:41:16,-81,1,E
1462598206750183,myLGNet,00:01:36:2d:ea:4c,-85,1,E
1462598206750183,myLGNet9066,00:40:5a:db:5e:c9,-91,1,E
1462598206750183,KT_WLAN,0a:0e:dc:5a:b6:c8,-93,1,E
1462598206750183,U+Net205B,00:08:5b:5a:20:59,-97,1,E
1462598206750183,SK_WiFiD942,00:23:aa:3d:d9:41,-97,1,E
1462598216785385,pplt325,00:26:66:d0:c4:dc,-68,1,E
1462598216785385,U+Net40B1,00:27:1c:ea:40:af,-61,1,E
1462598216785385,SK_WLAN,00:27:1c:08:41:16,-83,1,E
1462598216785385,myLGNet,00:01:36:2d:ea:4c,-87,1,E
1462598216785385,myLGNet9066,00:40:5a:db:5e:c9,-91,1,E
1462598216785385,KT_WLAN,0a:0e:dc:5a:b6:c8,-95,1,E
1462598216785385,U+Net205B,00:08:5b:5a:20:59,-97,1,E
1462598216785385,SK_WiFiD942,00:23:aa:3d:d9:41,-97,1,E
1462598226675019,pplt325,00:26:66:d0:c4:dc,-67,1,E
1462598226675019,U+Net40B1,00:27:1c:ea:40:af,-59,1,E
1462598226675019,SK_WLAN,00:27:1c:08:41:16,-84,1,E
1462598226675019,myLGNet,00:01:36:2d:ea:4c,-84,1,E
1462598226675019,myLGNet9066,00:40:5a:db:5e:c9,-91,1,E
1462598226675019,KT_WLAN,0a:0e:dc:5a:b6:c8,-91,1,E
1462598226675019,SK_WiFiD942,00:23:aa:3d:d9:41,-97,1,E
1462598236686918,pplt325,00:26:66:d0:c4:dc,-67,1,E
1462598236686918,U+Net40B1,00:27:1c:ea:40:af,-59,1,E
1462598236686918,SK_WLAN,00:27:1c:08:41:16,-84,1,E
1462598236686918,myLGNet,00:01:36:2d:ea:4c,-84,1,E
1462598236686918,myLGNet9066,00:40:5a:db:5e:c9,-91,1,E
1462598236686918,KT_WLAN,0a:0e:dc:5a:b6:c8,-91,1,E
1462598236686918,SK_WiFiD942,00:23:aa:3d:d9:41,-97,1,E
1462598246741329,pplt325,00:26:66:d0:c4:dc,-66,1,E
1462598246741329,U+Net40B1,00:27:1c:ea:40:af,-60,1,E
1462598246741329,SK_WLAN,00:27:1c:08:41:16,-82,1,E
1462598246741329,myLGNet,00:01:36:2d:ea:4c,-89,1,E
1462598246741329,myLGNet9066,00:40:5a:db:5e:c9,-91,1,E
1462598246741329,KT_WLAN,0a:0e:dc:5a:b6:c8,-93,1,E
1462598256689206,pplt325,00:26:66:d0:c4:dc,-67,1,E
1462598256689206,U+Net40B1,00:27:1c:ea:40:af,-59,1,E
1462598256689206,SK_WLAN,00:27:1c:08:41:16,-82,1,E
1462598256689206,myLGNet,00:01:36:2d:ea:4c,-88,1,E
1462598256689206,SK_WiFiD942,00:23:aa:3d:d9:41,-93,1,E
1462598256689206,KT_WLAN,0a:0e:dc:5a:b6:c8,-97,1,E
1462598266755840,pplt325,00:26:66:d0:c4:dc,-66,1,E
1462598266755840,U+Net40B1,00:27:1c:ea:40:af,-60,1,E
1462598266755840,myLGNet,00:01:36:2d:ea:4c,-84,1,E
1462598266755840,SK_WLAN,00:27:1c:08:41:16,-85,1,E
1462598266755840,KT_WLAN,0a:0e:dc:5a:b6:c8,-92,1,E
1462598266755840,SK_WiFiD942,00:23:aa:3d:d9:41,-93,1,E
1462598266755840,myLGNet9066,00:40:5a:db:5e:c9,-93,1,E
1462598276642393,pplt325,00:26:66:d0:c4:dc,-70,1,E
1462598276642393,U+Net40B1,00:27:1c:ea:40:af,-59,1,E
1462598276642393,SK_WLAN,00:27:1c:08:41:16,-83,1,E
1462598276642393,myLGNet,00:01:36:2d:ea:4c,-87,1,E
1462598276642393,KT_WLAN,0a:0e:dc:5a:b6:c8,-92,1,E
1462598276642393,myLGNet9066,00:40:5a:db:5e:c9,-93,1,E
1462598286685034,pplt325,00:26:66:d0:c4:dc,-70,1,E
1462598286685034,U+Net40B1,00:27:1c:ea:40:af,-59,1,E
1462598286685034,SK_WLAN,00:27:1c:08:41:16,-83,1,E
1462598286685034,myLGNet,00:01:36:2d:ea:4c,-87,1,E
1462598286685034,KT_WLAN,0a:0e:dc:5a:b6:c8,-92,1,E
1462598286685034,myLGNet9066,00:40:5a:db:5e:c9,-93,1,E
1462598296688508,pplt325,00:26:66:d0:c4:dc,-68,1,E
1462598296688508,U+Net40B1,00:27:1c:ea:40:af,-60,1,E
1462598296688508,SK_WLAN,00:27:1c:08:41:16,-84,1,E
1462598296688508,myLGNet,00:01:36:2d:ea:4c,-90,1,E
1462598296688508,myLGNet9066,00:40:5a:db:5e:c9,-95,1,E
1462598296688508,KT_WLAN,0a:0e:dc:5a:b6:c8,-95,1,E
1462598296688508,SK_WiFiD942,00:23:aa:3d:d9:41,-96,1,E
1462598306628437,pplt325,00:26:66:d0:c4:dc,-70,1,E
1462598306628437,U+Net40B1,00:27:1c:ea:40:af,-60,1,E
1462598306628437,SK_WLAN,00:27:1c:08:41:16,-84,1,E
1462598306628437,myLGNet,00:01:36:2d:ea:4c,-88,1,E
1462598306628437,myLGNet9066,00:40:5a:db:5e:c9,-95,1,E
1462598306628437,KT_WLAN,0a:0e:dc:5a:b6:c8,-95,1,E
1462598306628437,SK_WiFiD942,00:23:aa:3d:d9:41,-96,1,E
1462598316610431,pplt325,00:26:66:d0:c4:dc,-70,1,E
1462598316610431,U+Net40B1,00:27:1c:ea:40:af,-60,1,E
1462598316610431,SK_WLAN,00:27:1c:08:41:16,-84,1,E
1462598316610431,myLGNet,00:01:36:2d:ea:4c,-88,1,E
1462598316610431,myLGNet9066,00:40:5a:db:5e:c9,-95,1,E
1462598316610431,KT_WLAN,0a:0e:dc:5a:b6:c8,-95,1,E
1462598316610431,SK_WiFiD942,00:23:aa:3d:d9:41,-96,1,E
1462598326683564,pplt325,00:26:66:d0:c4:dc,-68,1,E
1462598326683564,U+Net40B1,00:27:1c:ea:40:af,-71,1,E
1462598326683564,SK_WLAN,00:27:1c:08:41:16,-81,1,E
1462598326683564,myLGNet,00:01:36:2d:ea:4c,-91,1,E
1462598326683564,SK_WiFiD942,00:23:aa:3d:d9:41,-92,1,E
1462598326683564,KT_WLAN,0a:0e:dc:5a:b6:c8,-94,1,E
1462598326683564,myLGNet9066,00:40:5a:db:5e:c9,-95,1,E
1462598336756231,pplt325,00:26:66:d0:c4:dc,-61,1,E
1462598336756231,U+Net40B1,00:27:1c:ea:40:af,-62,1,E
1462598336756231,SK_WLAN,00:27:1c:08:41:16,-83,1,E
1462598336756231,myLGNet,00:01:36:2d:ea:4c,-84,1,E
1462598336756231,KT_WLAN,0a:0e:dc:5a:b6:c8,-91,1,E
1462598336756231,SK_WiFiD942,00:23:aa:3d:d9:41,-92,1,E
1462598336756231,myLGNet9066,00:40:5a:db:5e:c9,-94,1,E
1462598346794015,pplt325,00:26:66:d0:c4:dc,-64,1,E
1462598346794015,U+Net40B1,00:27:1c:ea:40:af,-63,1,E
1462598346794015,SK_WLAN,00:27:1c:08:41:16,-76,1,E
1462598346794015,myLGNet,00:01:36:2d:ea:4c,-83,1,E
1462598346794015,SK_WiFiD942,00:23:aa:3d:d9:41,-92,1,E
1462598346794015,KT_WLAN,0a:0e:dc:5a:b6:c8,-95,1,E
1462598346794015,olleh_WiFi_5332,00:07:89:2b:53:35,-96,1,E
1462598356675223,pplt325,00:26:66:d0:c4:dc,-66,1,E
1462598356675223,U+Net40B1,00:27:1c:ea:40:af,-72,1,E
1462598356675223,SK_WLAN,00:27:1c:08:41:16,-76,1,E
1462598356675223,myLGNet,00:01:36:2d:ea:4c,-84,1,E
1462598356675223,KT_WLAN,0a:0e:dc:5a:b6:c8,-92,1,E
1462598356675223,olleh_WiFi_5332,00:07:89:2b:53:35,-96,1,E
1462599062314472,pplt325,00:26:66:d0:c4:dc,-45,0,T
1462599062314472,U+Net40B1,00:27:1c:ea:40:af,-54,0,T
1462599062314472,myLGNet,00:01:36:2d:ea:4c,-69,0,T
1462599062314472,SK_WLAN,00:27:1c:08:41:16,-76,0,T
1462599062314472,SK_WiFiD942,00:23:aa:3d:d9:41,-82,0,T
1462599062314472,SK_WiFi4C25,00:30:0d:62:4c:24,-89,0,T
1462599062314472,iptime,64:e5:99:82:5a:20,-94,0,T
1462599062314472,Hacker,64:e5:99:82:5a:21,-95,0,T
1462599062314472,iptime_skt,90:9f:33:40:a0:9e,-98,0,T
1462599072296553,pplt325,00:26:66:d0:c4:dc,-45,0,T
1462599072296553,U+Net40B1,00:27:1c:ea:40:af,-56,0,T
1462599072296553,myLGNet,00:01:36:2d:ea:4c,-69,0,T
1462599072296553,SK_WLAN,00:27:1c:08:41:16,-70,0,T
1462599072296553,SK_WiFiD942,00:23:aa:3d:d9:41,-82,0,T
1462599072296553,Hacker,64:e5:99:82:5a:21,-90,0,T
1462599072296553,SK_WiFi4C25,00:30:0d:62:4c:24,-91,0,T
1462599072296553,iptime,64:e5:99:82:5a:20,-93,0,T
1462599072296553,iptime_skt,90:9f:33:40:a0:9e,-98,0,T
1462599082360257,pplt325,00:26:66:d0:c4:dc,-47,0,T
1462599082360257,U+Net40B1,00:27:1c:ea:40:af,-56,0,T
1462599082360257,SK_WLAN,00:27:1c:08:41:16,-73,0,T
1462599082360257,myLGNet,00:01:36:2d:ea:4c,-80,0,T
1462599082360257,SK_WiFiD942,00:23:aa:3d:d9:41,-82,0,T
1462599082360257,iptime,64:e5:99:82:5a:20,-94,0,T
1462599082360257,SK_WiFi4C25,00:30:0d:62:4c:24,-94,0,T
1462599082360257,Hacker,64:e5:99:82:5a:21,-96,0,T
1462599092512849,pplt325,00:26:66:d0:c4:dc,-45,0,T
1462599092512849,U+Net40B1,00:27:1c:ea:40:af,-56,0,T
1462599092512849,SK_WLAN,00:27:1c:08:41:16,-69,0,T
1462599092512849,myLGNet,00:01:36:2d:ea:4c,-83,0,T
1462599092512849,SK_WiFiD942,00:23:aa:3d:d9:41,-86,0,T
1462599092512849,iptime,64:e5:99:82:5a:20,-93,0,T
1462599092512849,SK_WiFi4C25,00:30:0d:62:4c:24,-94,0,T
1462599092512849,iptime_skt,90:9f:33:40:a0:9e,-94,0,T
1462599092512849,Hacker,64:e5:99:82:5a:21,-96,0,T
1462599102575653,pplt325,00:26:66:d0:c4:dc,-45,0,T
1462599102575653,U+Net40B1,00:27:1c:ea:40:af,-56,0,T
1462599102575653,SK_WLAN,00:27:1c:08:41:16,-70,0,T
1462599102575653,myLGNet,00:01:36:2d:ea:4c,-82,0,T
1462599102575653,SK_WiFiD942,00:23:aa:3d:d9:41,-86,0,T
1462599102575653,iptime,64:e5:99:82:5a:20,-91,0,T
1462599102575653,SK_WiFi4C25,00:30:0d:62:4c:24,-94,0,T
1462599102575653,iptime_skt,90:9f:33:40:a0:9e,-94,0,T
1462599102575653,Hacker,64:e5:99:82:5a:21,-94,0,T
1462599112307552,pplt325,00:26:66:d0:c4:dc,-46,0,T
1462599112307552,U+Net40B1,00:27:1c:ea:40:af,-56,0,T
1462599112307552,SK_WLAN,00:27:1c:08:41:16,-70,0,T
1462599112307552,myLGNet,00:01:36:2d:ea:4c,-83,0,T
1462599112307552,SK_WiFiD942,00:23:aa:3d:d9:41,-86,0,T
1462599112307552,Hacker,64:e5:99:82:5a:21,-92,0,T
1462599112307552,iptime,64:e5:99:82:5a:20,-93,0,T
1462599112307552,SK_WiFi4C25,00:30:0d:62:4c:24,-94,0,T
1462599112307552,iptime_skt,90:9f:33:40:a0:9e,-98,0,T
1462599122476798,pplt325,00:26:66:d0:c4:dc,-46,0,T
1462599122476798,U+Net40B1,00:27:1c:ea:40:af,-56,0,T
1462599122476798,SK_WLAN,00:27:1c:08:41:16,-70,0,T
1462599122476798,myLGNet,00:01:36:2d:ea:4c,-83,0,T
1462599122476798,SK_WiFiD942,00:23:aa:3d:d9:41,-86,0,T
1462599122476798,Hacker,64:e5:99:82:5a:21,-92,0,T
1462599122476798,iptime,64:e5:99:82:5a:20,-93,0,T
1462599122476798,SK_WiFi4C25,00:30:0d:62:4c:24,-94,0,T
1462599122476798,iptime_skt,90:9f:33:40:a0:9e,-98,0,T
1462599132291931,pplt325,00:26:66:d0:c4:dc,-47,0,T
1462599132291931,U+Net40B1,00:27:1c:ea:40:af,-56,0,T
1462599132291931,SK_WLAN,00:27:1c:08:41:16,-70,0,T
1462599132291931,myLGNet,00:01:36:2d:ea:4c,-85,0,T
1462599132291931,iptime,64:e5:99:82:5a:20,-91,0,T
1462599132291931,SK_WiFi4C25,00:30:0d:62:4c:24,-92,0,T
1462599132291931,Hacker,64:e5:99:82:5a:21,-93,0,T
1462599132291931,iptime_skt,90:9f:33:40:a0:9e,-97,0,T
1462599142383539,pplt325,00:26:66:d0:c4:dc,-45,0,T
1462599142383539,U+Net40B1,00:27:1c:ea:40:af,-58,0,T
1462599142383539,SK_WLAN,00:27:1c:08:41:16,-72,0,T
1462599142383539,myLGNet,00:01:36:2d:ea:4c,-80,0,T
1462599142383539,iptime,64:e5:99:82:5a:20,-91,0,T
1462599142383539,SK_WiFi4C25,00:30:0d:62:4c:24,-91,0,T
1462599142383539,iptime_skt,90:9f:33:40:a0:9e,-93,0,T
1462599142383539,Hacker,64:e5:99:82:5a:21,-94,0,T
1462599152365228,pplt325,00:26:66:d0:c4:dc,-45,0,T
1462599152365228,U+Net40B1,00:27:1c:ea:40:af,-58,0,T
1462599152365228,SK_WLAN,00:27:1c:08:41:16,-72,0,T
1462599152365228,myLGNet,00:01:36:2d:ea:4c,-80,0,T
1462599152365228,SK_WiFiD942,00:23:aa:3d:d9:41,-81,0,T
1462599152365228,iptime,64:e5:99:82:5a:20,-91,0,T
1462599152365228,SK_WiFi4C25,00:30:0d:62:4c:24,-91,0,T
1462599152365228,iptime_skt,90:9f:33:40:a0:9e,-93,0,T
1462599152365228,Hacker,64:e5:99:82:5a:21,-94,0,T
1462599162394262,pplt325,00:26:66:d0:c4:dc,-41,0,T
1462599162394262,U+Net40B1,00:27:1c:ea:40:af,-52,0,T
1462599162394262,SK_WLAN,00:27:1c:08:41:16,-67,0,T
1462599162394262,myLGNet,00:01:36:2d:ea:4c,-69,0,T
1462599162394262,SK_WiFiD942,00:23:aa:3d:d9:41,-81,0,T
1462599162394262,SK_WiFi4C25,00:30:0d:62:4c:24,-95,0,T
1462599162394262,Hacker,64:e5:99:82:5a:21,-95,0,T
1462599162394262,KT_WLAN,0a:0e:dc:5a:b6:c8,-97,0,T
1462599162394262,iptime,64:e5:99:82:5a:20,-97,0,T
1462599172412556,pplt325,00:26:66:d0:c4:dc,-43,0,T
1462599172412556,U+Net40B1,00:27:1c:ea:40:af,-56,0,T
1462599172412556,SK_WLAN,00:27:1c:08:41:16,-65,0,T
1462599172412556,myLGNet,00:01:36:2d:ea:4c,-69,0,T
1462599172412556,SK_WiFiD942,00:23:aa:3d:d9:41,-86,0,T
1462599172412556,Hacker,64:e5:99:82:5a:21,-96,0,T
1462599172412556,KT_WLAN,0a:0e:dc:5a:b6:c8,-97,0,T
1462599172412556,iptime,64:e5:99:82:5a:20,-97,0,T
1462599172412556,SK_WiFi4C25,00:30:0d:62:4c:24,-97,0,T
1462599182287742,pplt325,00:26:66:d0:c4:dc,-41,0,T
1462599182287742,U+Net40B1,00:27:1c:ea:40:af,-54,0,T
1462599182287742,SK_WLAN,00:27:1c:08:41:16,-66,0,T
1462599182287742,myLGNet,00:01:36:2d:ea:4c,-70,0,T
1462599182287742,SK_WiFiD942,00:23:aa:3d:d9:41,-87,0,T
1462599182287742,SK_WiFi4C25,00:30:0d:62:4c:24,-91,0,T
1462599182287742,iptime,64:e5:99:82:5a:20,-95,0,T
1462599182287742,Hacker,64:e5:99:82:5a:21,-95,0,T
1462599182287742,KT_WLAN,0a:0e:dc:5a:b6:c8,-99,0,T
1462599192251907,pplt325,00:26:66:d0:c4:dc,-41,0,T
1462599192251907,U+Net40B1,00:27:1c:ea:40:af,-54,0,T
1462599192251907,SK_WLAN,00:27:1c:08:41:16,-66,0,T
1462599192251907,myLGNet,00:01:36:2d:ea:4c,-70,0,T
1462599192251907,SK_WiFiD942,00:23:aa:3d:d9:41,-87,0,T
1462599192251907,SK_WiFi4C25,00:30:0d:62:4c:24,-91,0,T
1462599192251907,Hacker,64:e5:99:82:5a:21,-95,0,T
1462599192251907,KT_WLAN,0a:0e:dc:5a:b6:c8,-99,0,T
1462599202295392,pplt325,00:26:66:d0:c4:dc,-41,0,T
1462599202295392,U+Net40B1,00:27:1c:ea:40:af,-54,0,T
1462599202295392,SK_WLAN,00:27:1c:08:41:16,-65,0,T
1462599202295392,myLGNet,00:01:36:2d:ea:4c,-68,0,T
1462599202295392,KT_WLAN,0a:0e:dc:5a:b6:c8,-94,0,T
1462599202295392,SK_WiFi4C25,00:30:0d:62:4c:24,-97,0,T
1462599212457630,pplt325,00:26:66:d0:c4:dc,-46,0,T
1462599212457630,U+Net40B1,00:27:1c:ea:40:af,-52,0,T
1462599212457630,SK_WLAN,00:27:1c:08:41:16,-67,0,T
1462599212457630,myLGNet,00:01:36:2d:ea:4c,-81,0,T
1462599212457630,SK_WiFiD942,00:23:aa:3d:d9:41,-85,0,T
1462599212457630,SK_WiFi4C25,00:30:0d:62:4c:24,-95,0,T
1462599222441204,pplt325,00:26:66:d0:c4:dc,-46,0,T
1462599222441204,U+Net40B1,00:27:1c:ea:40:af,-52,0,T
1462599222441204,SK_WLAN,00:27:1c:08:41:16,-67,0,T
1462599222441204,myLGNet,00:01:36:2d:ea:4c,-81,0,T
1462599222441204,SK_WiFiD942,00:23:aa:3d:d9:41,-85,0,T
1462599222441204,SK_WiFi4C25,00:30:0d:62:4c:24,-95,0,T
1462599232330980,pplt325,00:26:66:d0:c4:dc,-42,0,T
1462599232330980,U+Net40B1,00:27:1c:ea:40:af,-56,0,T
1462599232330980,SK_WLAN,00:27:1c:08:41:16,-66,0,T
1462599232330980,myLGNet,00:01:36:2d:ea:4c,-82,0,T
1462599232330980,SK_WiFiD942,00:23:aa:3d:d9:41,-83,0,T
1462599232330980,SK_WiFi4C25,00:30:0d:62:4c:24,-92,0,T
1462599242495674,pplt325,00:26:66:d0:c4:dc,-42,0,T
1462599242495674,U+Net40B1,00:27:1c:ea:40:af,-56,0,T
1462599242495674,SK_WLAN,00:27:1c:08:41:16,-66,0,T
1462599242495674,myLGNet,00:01:36:2d:ea:4c,-82,0,T
1462599242495674,SK_WiFiD942,00:23:aa:3d:d9:41,-83,0,T
1462599242495674,SK_WiFi4C25,00:30:0d:62:4c:24,-92,0,T
1462599252595245,pplt325,00:26:66:d0:c4:dc,-44,0,T
1462599252595245,U+Net40B1,00:27:1c:ea:40:af,-56,0,T
1462599252595245,SK_WLAN,00:27:1c:08:41:16,-67,0,T
1462599252595245,myLGNet,00:01:36:2d:ea:4c,-80,0,T
1462599252595245,SK_WiFiD942,00:23:aa:3d:d9:41,-85,0,T
1462599252595245,SK_WiFi4C25,00:30:0d:62:4c:24,-95,0,T
1462599304136168,pplt325,00:26:66:d0:c4:dc,-36,0,T
1462599304136168,SK_WLAN,00:27:1c:08:41:16,-60,0,T
1462599304136168,U+Net40B1,00:27:1c:ea:40:af,-64,0,T
1462599304136168,myLGNet,00:01:36:2d:ea:4c,-69,0,T
1462599304136168,SK_WiFiD942,00:23:aa:3d:d9:41,-89,0,T
1462599304136168,iptime,64:e5:99:82:5a:20,-93,0,T
1462599304136168,Hacker,64:e5:99:82:5a:21,-94,0,T
1462599304136168,SK_WiFi4C25,00:30:0d:62:4c:24,-95,0,T
1462599314078810,pplt325,00:26:66:d0:c4:dc,-39,0,T
1462599314078810,SK_WLAN,00:27:1c:08:41:16,-56,0,T
1462599314078810,U+Net40B1,00:27:1c:ea:40:af,-61,0,T
1462599314078810,myLGNet,00:01:36:2d:ea:4c,-67,0,T
1462599314078810,Hacker,64:e5:99:82:5a:21,-88,0,T
1462599314078810,SK_WiFiD942,00:23:aa:3d:d9:41,-90,0,T
1462599314078810,iptime,64:e5:99:82:5a:20,-93,0,T
1462599324081339,pplt325,00:26:66:d0:c4:dc,-39,0,T
1462599324081339,SK_WLAN,00:27:1c:08:41:16,-56,0,T
1462599324081339,U+Net40B1,00:27:1c:ea:40:af,-61,0,T
1462599324081339,myLGNet,00:01:36:2d:ea:4c,-67,0,T
1462599324081339,Hacker,64:e5:99:82:5a:21,-88,0,T
1462599324081339,SK_WiFiD942,00:23:aa:3d:d9:41,-90,0,T
1462599324081339,SK_WiFi4C25,00:30:0d:62:4c:24,-97,0,T
1462599324081339,iptime_skt,90:9f:33:40:a0:9e,-98,0,T
1462599334234452,pplt325,00:26:66:d0:c4:dc,-34,0,T
1462599334234452,SK_WLAN,00:27:1c:08:41:16,-56,0,T
1462599334234452,U+Net40B1,00:27:1c:ea:40:af,-59,0,T
1462599334234452,myLGNet,00:01:36:2d:ea:4c,-67,0,T
1462599334234452,SK_WiFiD942,00:23:aa:3d:d9:41,-88,0,T
1462599334234452,iptime_skt,90:9f:33:40:a0:9e,-95,0,T
1462599334234452,Hacker,64:e5:99:82:5a:21,-96,0,T
1462599334234452,SK_WiFi4C25,00:30:0d:62:4c:24,-96,0,T
1462599334234452,olleh_WiFi_5332,00:07:89:2b:53:35,-97,0,T
1462599344064048,pplt325,00:26:66:d0:c4:dc,-34,0,T
1462599344064048,SK_WLAN,00:27:1c:08:41:16,-58,0,T
1462599344064048,U+Net40B1,00:27:1c:ea:40:af,-61,0,T
1462599344064048,myLGNet,00:01:36:2d:ea:4c,-70,0,T
1462599344064048,SK_WiFiD942,00:23:aa:3d:d9:41,-88,0,T
1462599344064048,SK_WiFi4C25,00:30:0d:62:4c:24,-92,0,T
1462599344064048,iptime_skt,90:9f:33:40:a0:9e,-95,0,T
1462599344064048,olleh_WiFi_5332,00:07:89:2b:53:35,-95,0,T
1462599344064048,Hacker,64:e5:99:82:5a:21,-96,0,T
1462599354115976,pplt325,00:26:66:d0:c4:dc,-34,0,T
1462599354115976,SK_WLAN,00:27:1c:08:41:16,-58,0,T
1462599354115976,U+Net40B1,00:27:1c:ea:40:af,-61,0,T
1462599354115976,myLGNet,00:01:36:2d:ea:4c,-70,0,T
1462599354115976,SK_WiFiD942,00:23:aa:3d:d9:41,-88,0,T
1462599354115976,SK_WiFi4C25,00:30:0d:62:4c:24,-92,0,T
1462599354115976,olleh_WiFi_5332,00:07:89:2b:53:35,-95,0,T
1462599354115976,iptime,64:e5:99:82:5a:20,-95,0,T
1462599354115976,Hacker,64:e5:99:82:5a:21,-96,0,T
1462599364098624,pplt325,00:26:66:d0:c4:dc,-35,0,T
1462599364098624,SK_WLAN,00:27:1c:08:41:16,-58,0,T
1462599364098624,U+Net40B1,00:27:1c:ea:40:af,-63,0,T
1462599364098624,myLGNet,00:01:36:2d:ea:4c,-69,0,T
1462599364098624,SK_WiFi4C25,00:30:0d:62:4c:24,-89,0,T
1462599364098624,iptime,64:e5:99:82:5a:20,-93,0,T
1462599364098624,Hacker,64:e5:99:82:5a:21,-94,0,T
1462599374125750,pplt325,00:26:66:d0:c4:dc,-35,0,T
1462599374125750,SK_WLAN,00:27:1c:08:41:16,-56,0,T
1462599374125750,U+Net40B1,00:27:1c:ea:40:af,-61,0,T
1462599374125750,myLGNet,00:01:36:2d:ea:4c,-69,0,T
1462599374125750,SK_WiFiD942,00:23:aa:3d:d9:41,-87,0,T
1462599374125750,SK_WiFi4C25,00:30:0d:62:4c:24,-89,0,T
1462599374125750,iptime,64:e5:99:82:5a:20,-96,0,T
1462599384407162,pplt325,00:26:66:d0:c4:dc,-39,0,T
1462599384407162,SK_WLAN,00:27:1c:08:41:16,-58,0,T
1462599384407162,U+Net40B1,00:27:1c:ea:40:af,-64,0,T
1462599384407162,myLGNet,00:01:36:2d:ea:4c,-73,0,T
1462599384407162,SK_WiFiD942,00:23:aa:3d:d9:41,-87,0,T
1462599384407162,iptime_skt,90:9f:33:40:a0:9e,-94,0,T
1462599384407162,iptime,64:e5:99:82:5a:20,-96,0,T
1462599384407162,SK_WiFi4C25,00:30:0d:62:4c:24,-97,0,T
1462599384407162,Hacker,64:e5:99:82:5a:21,-98,0,T
1462599393951391,pplt325,00:26:66:d0:c4:dc,-39,0,T
1462599393951391,SK_WLAN,00:27:1c:08:41:16,-58,0,T
1462599393951391,U+Net40B1,00:27:1c:ea:40:af,-62,0,T
1462599393951391,myLGNet,00:01:36:2d:ea:4c,-68,0,T
1462599393951391,Hacker,64:e5:99:82:5a:21,-92,0,T
1462599393951391,iptime_skt,90:9f:33:40:a0:9e,-94,0,T
1462599393951391,iptime,64:e5:99:82:5a:20,-94,0,T
1462599393951391,SK_WiFi4C25,00:30:0d:62:4c:24,-97,0,T
1462599404078616,pplt325,00:26:66:d0:c4:dc,-38,0,T
1462599404078616,SK_WLAN,00:27:1c:08:41:16,-60,0,T
1462599404078616,U+Net40B1,00:27:1c:ea:40:af,-61,0,T
1462599404078616,myLGNet,00:01:36:2d:ea:4c,-68,0,T
1462599404078616,SK_WiFiD942,00:23:aa:3d:d9:41,-89,0,T
1462599404078616,Hacker,64:e5:99:82:5a:21,-93,0,T
1462599404078616,iptime,64:e5:99:82:5a:20,-94,0,T
1462599404078616,iptime_skt,90:9f:33:40:a0:9e,-95,0,T
1462599414174081,pplt325,00:26:66:d0:c4:dc,-36,0,T
1462599414174081,SK_WLAN,00:27:1c:08:41:16,-60,0,T
1462599414174081,U+Net40B1,00:27:1c:ea:40:af,-61,0,T
1462599414174081,myLGNet,00:01:36:2d:ea:4c,-71,0,T
1462599414174081,SK_WiFiD942,00:23:aa:3d:d9:41,-89,0,T
1462599414174081,Hacker,64:e5:99:82:5a:21,-93,0,T
1462599414174081,iptime,64:e5:99:82:5a:20,-95,0,T
1462599414174081,iptime_skt,90:9f:33:40:a0:9e,-96,0,T
1462599414174081,olleh_WiFi_5332,00:07:89:2b:53:35,-100,0,T
1462599423936933,pplt325,00:26:66:d0:c4:dc,-38,0,T
1462599423936933,SK_WLAN,00:27:1c:08:41:16,-60,0,T
1462599423936933,U+Net40B1,00:27:1c:ea:40:af,-61,0,T
1462599423936933,myLGNet,00:01:36:2d:ea:4c,-71,0,T
1462599423936933,Hacker,64:e5:99:82:5a:21,-93,0,T
1462599423936933,iptime,64:e5:99:82:5a:20,-95,0,T
1462599423936933,iptime_skt,90:9f:33:40:a0:9e,-96,0,T
1462599423936933,SK_WiFi4C25,00:30:0d:62:4c:24,-96,0,T
1462599423936933,olleh_WiFi_5332,00:07:89:2b:53:35,-100,0,T
1462599434149843,pplt325,00:26:66:d0:c4:dc,-36,0,T
1462599434149843,SK_WLAN,00:27:1c:08:41:16,-59,0,T
1462599434149843,U+Net40B1,00:27:1c:ea:40:af,-60,0,T
1462599434149843,myLGNet,00:01:36:2d:ea:4c,-68,0,T
1462599434149843,Hacker,64:e5:99:82:5a:21,-92,0,T
1462599434149843,iptime,64:e5:99:82:5a:20,-94,0,T
1462599434149843,KT_WLAN,0a:0e:dc:5a:b6:c8,-95,0,T
1462599434149843,SK_WiFi4C25,00:30:0d:62:4c:24,-97,0,T
1462599444036399,pplt325,00:26:66:d0:c4:dc,-38,0,T
1462599444036399,U+Net40B1,00:27:1c:ea:40:af,-59,0,T
1462599444036399,SK_WLAN,00:27:1c:08:41:16,-61,0,T
1462599444036399,myLGNet,00:01:36:2d:ea:4c,-71,0,T
1462599444036399,Hacker,64:e5:99:82:5a:21,-92,0,T
1462599444036399,KT_WLAN,0a:0e:dc:5a:b6:c8,-95,0,T
1462599444036399,iptime,64:e5:99:82:5a:20,-96,0,T
1462599444036399,SK_WiFi4C25,00:30:0d:62:4c:24,-96,0,T
1462599454378766,pplt325,00:26:66:d0:c4:dc,-39,0,T
1462599454378766,U+Net40B1,00:27:1c:ea:40:af,-59,0,T
1462599454378766,SK_WLAN,00:27:1c:08:41:16,-60,0,T
1462599454378766,myLGNet,00:01:36:2d:ea:4c,-71,0,T
1462599454378766,Hacker,64:e5:99:82:5a:21,-96,0,T
1462599454378766,iptime,64:e5:99:82:5a:20,-96,0,T
1462599454378766,SK_WiFi4C25,00:30:0d:62:4c:24,-96,0,T
1462599454378766,iptime_skt,90:9f:33:40:a0:9e,-97,0,T
1462599464112949,pplt325,00:26:66:d0:c4:dc,-39,0,T
1462599464112949,U+Net40B1,00:27:1c:ea:40:af,-59,0,T
1462599464112949,SK_WLAN,00:27:1c:08:41:16,-60,0,T
1462599464112949,myLGNet,00:01:36:2d:ea:4c,-71,0,T
1462599464112949,Hacker,64:e5:99:82:5a:21,-96,0,T
1462599464112949,iptime,64:e5:99:82:5a:20,-96,0,T
1462599464112949,SK_WiFi4C25,00:30:0d:62:4c:24,-96,0,T
1462599464112949,iptime_skt,90:9f:33:40:a0:9e,-97,0,T
1462599474041739,pplt325,00:26:66:d0:c4:dc,-38,0,T
1462599474041739,SK_WLAN,00:27:1c:08:41:16,-58,0,T
1462599474041739,U+Net40B1,00:27:1c:ea:40:af,-59,0,T
1462599474041739,myLGNet,00:01:36:2d:ea:4c,-71,0,T
1462599474041739,Hacker,64:e5:99:82:5a:21,-92,0,T
1462599474041739,iptime_skt,90:9f:33:40:a0:9e,-96,0,T
1462599484009906,pplt325,00:26:66:d0:c4:dc,-36,0,T
1462599484009906,U+Net40B1,00:27:1c:ea:40:af,-58,0,T
1462599484009906,SK_WLAN,00:27:1c:08:41:16,-60,0,T
1462599484009906,myLGNet,00:01:36:2d:ea:4c,-70,0,T
1462599484009906,SK_WiFiD942,00:23:aa:3d:d9:41,-89,0,T
1462599484009906,Hacker,64:e5:99:82:5a:21,-92,0,T
1462599484009906,iptime,64:e5:99:82:5a:20,-93,0,T
1462599484009906,iptime333,90:9f:33:6c:a4:92,-95,0,T
1462599494047701,pplt325,00:26:66:d0:c4:dc,-39,0,T
1462599494047701,U+Net40B1,00:27:1c:ea:40:af,-58,0,T
1462599494047701,SK_WLAN,00:27:1c:08:41:16,-60,0,T
1462599494047701,myLGNet,00:01:36:2d:ea:4c,-74,0,T
1462599494047701,SK_WiFiD942,00:23:aa:3d:d9:41,-92,0,T
1462599494047701,Hacker,64:e5:99:82:5a:21,-92,0,T
1462599494047701,iptime,64:e5:99:82:5a:20,-93,0,T
1462599494047701,iptime333,90:9f:33:6c:a4:92,-95,0,T
1462599504096027,pplt325,00:26:66:d0:c4:dc,-38,0,T
1462599504096027,U+Net40B1,00:27:1c:ea:40:af,-58,0,T
1462599504096027,SK_WLAN,00:27:1c:08:41:16,-60,0,T
1462599504096027,myLGNet,00:01:36:2d:ea:4c,-71,0,T
1462599504096027,SK_WiFiD942,00:23:aa:3d:d9:41,-89,0,T
1462599504096027,iptime,64:e5:99:82:5a:20,-94,0,T
1462599504096027,SK_WiFi7AC2,00:23:aa:3c:7a:c1,-98,0,T
1462599808025447,pplt325,00:26:66:d0:c4:dc,-38,3,SL
1462599808025447,U+Net40B1,00:27:1c:ea:40:af,-58,3,SL
1462599808025447,SK_WLAN,00:27:1c:08:41:16,-60,3,SL
1462599808025447,myLGNet,00:01:36:2d:ea:4c,-71,3,SL
1462599808025447,SK_WiFiD942,00:23:aa:3d:d9:41,-89,3,SL
1462599808025447,kms,00:26:66:76:37:9c,-89,3,SL
1462599808025447,iptime,64:e5:99:82:5a:20,-94,3,SL
1462599808025447,SK_WiFi7AC2,00:23:aa:3c:7a:c1,-98,3,SL
1462599818109685,pplt325,00:26:66:d0:c4:dc,-80,3,SL
1462599818109685,U+Net40B1,00:27:1c:ea:40:af,-83,3,SL
1462599818109685,SK_WLAN,00:27:1c:08:41:16,-94,3,SL
1462599818109685,kms,00:26:66:76:37:9c,-94,3,SL
1462599818109685,myLGNet,00:01:36:2d:ea:4c,-95,3,SL
1462599828312259,pplt325,00:26:66:d0:c4:dc,-82,3,SL
1462599828312259,U+Net40B1,00:27:1c:ea:40:af,-81,3,SL
1462599828312259,kms,00:26:66:76:37:9c,-93,3,SL
1462599828312259,myLGNet,00:01:36:2d:ea:4c,-93,3,SL
1462599828312259,SK_WLAN,00:27:1c:08:41:16,-94,3,SL
1462599838248620,pplt325,00:26:66:d0:c4:dc,-82,3,SL
1462599838248620,U+Net40B1,00:27:1c:ea:40:af,-80,3,SL
1462599838248620,SK_WLAN,00:27:1c:08:41:16,-92,3,SL
1462599838248620,kms,00:26:66:76:37:9c,-93,3,SL
1462599838248620,myLGNet,00:01:36:2d:ea:4c,-93,3,SL
1462599848003931,pplt325,00:26:66:d0:c4:dc,-82,3,SL
1462599848003931,U+Net40B1,00:27:1c:ea:40:af,-82,3,SL
1462599848003931,kms,00:26:66:76:37:9c,-90,3,SL
1462599848003931,myLGNet,00:01:36:2d:ea:4c,-93,3,SL
1462599848003931,SK_WLAN,00:27:1c:08:41:16,-96,3,SL
1462599858134331,pplt325,00:26:66:d0:c4:dc,-82,3,SL
1462599858134331,U+Net40B1,00:27:1c:ea:40:af,-81,3,SL
1462599858134331,kms,00:26:66:76:37:9c,-90,3,SL
1462599858134331,myLGNet,00:01:36:2d:ea:4c,-93,3,SL
1462599858134331,SK_WLAN,00:27:1c:08:41:16,-94,3,SL
1462599868066252,pplt325,00:26:66:d0:c4:dc,-82,3,SL
1462599868066252,U+Net40B1,00:27:1c:ea:40:af,-83,3,SL
1462599868066252,kms,00:26:66:76:37:9c,-90,3,SL
1462599868066252,SK_WLAN,00:27:1c:08:41:16,-93,3,SL
1462599868066252,myLGNet,00:01:36:2d:ea:4c,-95,3,SL
1462599878135367,pplt325,00:26:66:d0:c4:dc,-81,3,SL
1462599878135367,U+Net40B1,00:27:1c:ea:40:af,-85,3,SL
1462599878135367,kms,00:26:66:76:37:9c,-91,3,SL
1462599878135367,SK_WLAN,00:27:1c:08:41:16,-92,3,SL
1462599878135367,myLGNet,00:01:36:2d:ea:4c,-93,3,SL
1462599888215660,pplt325,00:26:66:d0:c4:dc,-83,3,SL
1462599888215660,U+Net40B1,00:27:1c:ea:40:af,-85,3,SL
1462599888215660,kms,00:26:66:76:37:9c,-90,3,SL
1462599888215660,SK_WLAN,00:27:1c:08:41:16,-91,3,SL
1462599888215660,myLGNet,00:01:36:2d:ea:4c,-95,3,SL
1462599898065722,pplt325,00:26:66:d0:c4:dc,-79,3,SL
1462599898065722,SK_WLAN,00:27:1c:08:41:16,-89,3,SL
1462599898065722,kms,00:26:66:76:37:9c,-92,3,SL
1462599898065722,U+Net40B1,00:27:1c:ea:40:af,-94,3,SL
1462599898065722,myLGNet,00:01:36:2d:ea:4c,-95,3,SL
1462599908157826,pplt325,00:26:66:d0:c4:dc,-76,3,SL
1462599908157826,U+Net40B1,00:27:1c:ea:40:af,-84,3,SL
1462599908157826,SK_WLAN,00:27:1c:08:41:16,-88,3,SL
1462599908157826,kms,00:26:66:76:37:9c,-92,3,SL
1462599908157826,myLGNet,00:01:36:2d:ea:4c,-93,3,SL
1462599918073236,pplt325,00:26:66:d0:c4:dc,-78,3,SL
1462599918073236,SK_WLAN,00:27:1c:08:41:16,-90,3,SL
1462599918073236,myLGNet,00:01:36:2d:ea:4c,-90,3,SL
1462599918073236,U+Net40B1,00:27:1c:ea:40:af,-91,3,SL
1462599918073236,kms,00:26:66:76:37:9c,-92,3,SL
1462599918073236,SK_WiFiD942,00:23:aa:3d:d9:41,-96,3,SL
1462599928105308,pplt325,00:26:66:d0:c4:dc,-76,3,SL
1462599928105308,SK_WLAN,00:27:1c:08:41:16,-89,3,SL
1462599928105308,myLGNet,00:01:36:2d:ea:4c,-90,3,SL
1462599928105308,U+Net40B1,00:27:1c:ea:40:af,-91,3,SL
1462599928105308,kms,00:26:66:76:37:9c,-92,3,SL
1462599928105308,SK_WiFiD942,00:23:aa:3d:d9:41,-96,3,SL
1462599938112420,pplt325,00:26:66:d0:c4:dc,-76,3,SL
1462599938112420,SK_WLAN,00:27:1c:08:41:16,-89,3,SL
1462599938112420,U+Net40B1,00:27:1c:ea:40:af,-91,3,SL
1462599938112420,kms,00:26:66:76:37:9c,-92,3,SL
1462599948089823,pplt325,00:26:66:d0:c4:dc,-77,3,SL
1462599948089823,U+Net40B1,00:27:1c:ea:40:af,-86,3,SL
1462599948089823,SK_WLAN,00:27:1c:08:41:16,-90,3,SL
1462599948089823,myLGNet,00:01:36:2d:ea:4c,-91,3,SL
1462599948089823,kms,00:26:66:76:37:9c,-92,3,SL
1462599948089823,SK_WiFiD942,00:23:aa:3d:d9:41,-93,3,SL
1462599958200559,pplt325,00:26:66:d0:c4:dc,-82,3,SL
1462599958200559,U+Net40B1,00:27:1c:ea:40:af,-83,3,SL
1462599958200559,SK_WLAN,00:27:1c:08:41:16,-88,3,SL
1462599958200559,kms,00:26:66:76:37:9c,-90,3,SL
1462599958200559,myLGNet,00:01:36:2d:ea:4c,-91,3,SL
1462599958200559,SK_WiFiD942,00:23:aa:3d:d9:41,-93,3,SL
1462599968190281,pplt325,00:26:66:d0:c4:dc,-78,3,SL
1462599968190281,U+Net40B1,00:27:1c:ea:40:af,-86,3,SL
1462599968190281,kms,00:26:66:76:37:9c,-91,3,SL
1462599968190281,SK_WLAN,00:27:1c:08:41:16,-92,3,SL
1462599968190281,myLGNet,00:01:36:2d:ea:4c,-95,3,SL
1462599968190281,SK_WiFiD942,00:23:aa:3d:d9:41,-98,3,SL
1462599978067930,pplt325,00:26:66:d0:c4:dc,-84,3,SL
1462599978067930,U+Net40B1,00:27:1c:ea:40:af,-89,3,SL
1462599978067930,kms,00:26:66:76:37:9c,-90,3,SL
1462599978067930,SK_WiFiD942,00:23:aa:3d:d9:41,-93,3,SL
1462599978067930,myLGNet,00:01:36:2d:ea:4c,-93,3,SL
1462599978067930,SK_WLAN,00:27:1c:08:41:16,-96,3,SL
1462599988185237,pplt325,00:26:66:d0:c4:dc,-87,3,SL
1462599988185237,U+Net40B1,00:27:1c:ea:40:af,-86,3,SL
1462599988185237,SK_WLAN,00:27:1c:08:41:16,-90,3,SL
1462599988185237,kms,00:26:66:76:37:9c,-91,3,SL
1462599988185237,SK_WiFiD942,00:23:aa:3d:d9:41,-93,3,SL
1462599988185237,myLGNet,00:01:36:2d:ea:4c,-93,3,SL
1462599998065368,pplt325,00:26:66:d0:c4:dc,-87,3,SL
1462599998065368,U+Net40B1,00:27:1c:ea:40:af,-86,3,SL
1462599998065368,SK_WLAN,00:27:1c:08:41:16,-90,3,SL
1462599998065368,kms,00:26:66:76:37:9c,-91,3,SL
1462600008114117,pplt325,00:26:66:d0:c4:dc,-93,3,SL
1462600008114117,myLGNet,00:01:36:2d:ea:4c,-94,3,SL
1462600008114117,SK_WLAN,00:27:1c:08:41:16,-95,3,SL
1462600711716148,pplt325,00:26:66:d0:c4:dc,-58,0,T
1462600711716148,U+Net40B1,00:27:1c:ea:40:af,-62,0,T
1462600711716148,myLGNet,00:01:36:2d:ea:4c,-79,0,T
1462600711716148,SK_WLAN,00:27:1c:08:41:16,-86,0,T
1462600711716148,SK_WiFiD942,00:23:aa:3d:d9:41,-88,0,T
1462600711716148,Hacker,64:e5:99:82:5a:21,-98,0,T
1462600721705706,pplt325,00:26:66:d0:c4:dc,-66,0,T
1462600721705706,U+Net40B1,00:27:1c:ea:40:af,-64,0,T
1462600721705706,myLGNet,00:01:36:2d:ea:4c,-77,0,T
1462600721705706,SK_WLAN,00:27:1c:08:41:16,-82,0,T
1462600721705706,SK_WiFiD942,00:23:aa:3d:d9:41,-86,0,T
1462600721705706,Hacker,64:e5:99:82:5a:21,-96,0,T
1462600721705706,SK_WiFi4C25,00:30:0d:62:4c:24,-98,0,T
1462600731949311,pplt325,00:26:66:d0:c4:dc,-56,0,T
1462600731949311,U+Net40B1,00:27:1c:ea:40:af,-68,0,T
1462600731949311,myLGNet,00:01:36:2d:ea:4c,-78,0,T
1462600731949311,SK_WiFiD942,00:23:aa:3d:d9:41,-83,0,T
1462600731949311,SK_WLAN,00:27:1c:08:41:16,-88,0,T
1462600731949311,Hacker,64:e5:99:82:5a:21,-96,0,T
1462600731949311,SK_WiFi4C25,00:30:0d:62:4c:24,-98,0,T
1462600741713226,pplt325,00:26:66:d0:c4:dc,-55,0,T
1462600741713226,U+Net40B1,00:27:1c:ea:40:af,-66,0,T
1462600741713226,myLGNet,00:01:36:2d:ea:4c,-81,0,T
1462600741713226,SK_WiFiD942,00:23:aa:3d:d9:41,-82,0,T
1462600741713226,SK_WLAN,00:27:1c:08:41:16,-83,0,T
1462600751630426,pplt325,00:26:66:d0:c4:dc,-55,0,T
1462600751630426,U+Net40B1,00:27:1c:ea:40:af,-66,0,T
1462600751630426,myLGNet,00:01:36:2d:ea:4c,-81,0,T
1462600751630426,SK_WiFiD942,00:23:aa:3d:d9:41,-82,0,T
1462600751630426,SK_WLAN,00:27:1c:08:41:16,-83,0,T
1462600761600258,pplt325,00:26:66:d0:c4:dc,-52,0,T
1462600761600258,U+Net40B1,00:27:1c:ea:40:af,-64,0,T
1462600761600258,myLGNet,00:01:36:2d:ea:4c,-80,0,T
1462600761600258,SK_WiFiD942,00:23:aa:3d:d9:41,-83,0,T
1462600761600258,SK_WLAN,00:27:1c:08:41:16,-83,0,T
1462600771831308,pplt325,00:26:66:d0:c4:dc,-54,0,T
1462600771831308,U+Net40B1,00:27:1c:ea:40:af,-72,0,T
1462600771831308,myLGNet,00:01:36:2d:ea:4c,-80,0,T
1462600771831308,SK_WLAN,00:27:1c:08:41:16,-84,0,T
1462600771831308,SK_WiFiD942,00:23:aa:3d:d9:41,-85,0,T
1462600781812308,pplt325,00:26:66:d0:c4:dc,-53,0,T
1462600781812308,U+Net40B1,00:27:1c:ea:40:af,-69,0,T
1462600781812308,myLGNet,00:01:36:2d:ea:4c,-79,0,T
1462600781812308,SK_WLAN,00:27:1c:08:41:16,-83,0,T
1462600781812308,SK_WiFiD942,00:23:aa:3d:d9:41,-85,0,T
1462600791813779,pplt325,00:26:66:d0:c4:dc,-59,0,T
1462600791813779,U+Net40B1,00:27:1c:ea:40:af,-66,0,T
1462600791813779,myLGNet,00:01:36:2d:ea:4c,-77,0,T
1462600791813779,SK_WLAN,00:27:1c:08:41:16,-84,0,T
1462600791813779,SK_WiFiD942,00:23:aa:3d:d9:41,-84,0,T
1462600791813779,Hacker,64:e5:99:82:5a:21,-95,0,T
1462600801806676,pplt325,00:26:66:d0:c4:dc,-55,0,T
1462600801806676,U+Net40B1,00:27:1c:ea:40:af,-66,0,T
1462600801806676,myLGNet,00:01:36:2d:ea:4c,-79,0,T
1462600801806676,SK_WLAN,00:27:1c:08:41:16,-87,0,T
1462600801806676,SK_WiFiD942,00:23:aa:3d:d9:41,-88,0,T
1462600801806676,Hacker,64:e5:99:82:5a:21,-95,0,T
1462600811886329,pplt325,00:26:66:d0:c4:dc,-54,0,T
1462600811886329,U+Net40B1,00:27:1c:ea:40:af,-70,0,T
1462600811886329,myLGNet,00:01:36:2d:ea:4c,-81,0,T
1462600811886329,SK_WiFiD942,00:23:aa:3d:d9:41,-81,0,T
1462600811886329,SK_WLAN,00:27:1c:08:41:16,-87,0,T
1462600821694856,pplt325,00:26:66:d0:c4:dc,-53,0,T
1462600821694856,U+Net40B1,00:27:1c:ea:40:af,-70,0,T
1462600821694856,myLGNet,00:01:36:2d:ea:4c,-81,0,T
1462600821694856,SK_WiFiD942,00:23:aa:3d:d9:41,-81,0,T
1462600821694856,SK_WLAN,00:27:1c:08:41:16,-88,0,T
1462600831701557,pplt325,00:26:66:d0:c4:dc,-56,0,T
1462600831701557,U+Net40B1,00:27:1c:ea:40:af,-62,0,T
1462600831701557,myLGNet,00:01:36:2d:ea:4c,-80,0,T
1462600831701557,SK_WiFiD942,00:23:aa:3d:d9:41,-82,0,T
1462600831701557,SK_WLAN,00:27:1c:08:41:16,-86,0,T
1462600841690335,pplt325,00:26:66:d0:c4:dc,-61,0,T
1462600841690335,U+Net40B1,00:27:1c:ea:40:af,-63,0,T
1462600841690335,SK_WLAN,00:27:1c:08:41:16,-70,0,T
1462600841690335,myLGNet,00:01:36:2d:ea:4c,-79,0,T
1462600841690335,SK_WiFiD942,00:23:aa:3d:d9:41,-88,0,T
1462600841690335,SK_WiFi4C25,00:30:0d:62:4c:24,-94,0,T
1462600841690335,Hacker,64:e5:99:82:5a:21,-97,0,T
1462600851787529,pplt325,00:26:66:d0:c4:dc,-60,0,T
1462600851787529,U+Net40B1,00:27:1c:ea:40:af,-67,0,T
1462600851787529,SK_WLAN,00:27:1c:08:41:16,-71,0,T
1462600851787529,myLGNet,00:01:36:2d:ea:4c,-75,0,T
1462600851787529,SK_WiFiD942,00:23:aa:3d:d9:41,-86,0,T
1462600851787529,Hacker,64:e5:99:82:5a:21,-95,0,T
1462600851787529,SK_WiFi4C25,00:30:0d:62:4c:24,-98,0,T
1462600861946595,pplt325,00:26:66:d0:c4:dc,-62,0,T
1462600861946595,SK_WLAN,00:27:1c:08:41:16,-71,0,T
1462600861946595,myLGNet,00:01:36:2d:ea:4c,-77,0,T
1462600861946595,U+Net40B1,00:27:1c:ea:40:af,-77,0,T
1462600861946595,SK_WiFiD942,00:23:aa:3d:d9:41,-88,0,T
1462600861946595,Hacker,64:e5:99:82:5a:21,-95,0,T
1462600861946595,SK_WiFi4C25,00:30:0d:62:4c:24,-96,0,T
1462600861946595,iptime_skt,90:9f:33:40:a0:9e,-99,0,T
1462600871725312,pplt325,00:26:66:d0:c4:dc,-67,0,T
1462600871725312,U+Net40B1,00:27:1c:ea:40:af,-69,0,T
1462600871725312,SK_WLAN,00:27:1c:08:41:16,-71,0,T
1462600871725312,myLGNet,00:01:36:2d:ea:4c,-77,0,T
1462600871725312,SK_WiFiD942,00:23:aa:3d:d9:41,-84,0,T
1462600871725312,Hacker,64:e5:99:82:5a:21,-95,0,T
1462600871725312,SK_WiFi4C25,00:30:0d:62:4c:24,-96,0,T
1462600871725312,iptime_skt,90:9f:33:40:a0:9e,-99,0,T
1462600881763231,pplt325,00:26:66:d0:c4:dc,-63,0,T
1462600881763231,U+Net40B1,00:27:1c:ea:40:af,-62,0,T
1462600881763231,SK_WLAN,00:27:1c:08:41:16,-80,0,T
1462600881763231,myLGNet,00:01:36:2d:ea:4c,-82,0,T
1462600881763231,SK_WiFiD942,00:23:aa:3d:d9:41,-89,0,T
1462600891640302,pplt325,00:26:66:d0:c4:dc,-65,0,T
1462600891640302,U+Net40B1,00:27:1c:ea:40:af,-65,0,T
1462600891640302,SK_WLAN,00:27:1c:08:41:16,-73,0,T
1462600891640302,myLGNet,00:01:36:2d:ea:4c,-82,0,T
1462600891640302,SK_WiFiD942,00:23:aa:3d:d9:41,-83,0,T
1462600891640302,SK_WiFi4C25,00:30:0d:62:4c:24,-95,0,T
1462600891640302,Hacker,64:e5:99:82:5a:21,-97,0,T
1462600901699345,pplt325,00:26:66:d0:c4:dc,-65,0,T
1462600901699345,U+Net40B1,00:27:1c:ea:40:af,-69,0,T
1462600901699345,SK_WLAN,00:27:1c:08:41:16,-70,0,T
1462600901699345,SK_WiFiD942,00:23:aa:3d:d9:41,-87,0,T
1462600901699345,myLGNet,00:01:36:2d:ea:4c,-89,0,T
1462600901699345,Hacker,64:e5:99:82:5a:21,-97,0,T
1462600901699345,SK_WiFi4C25,00:30:0d:62:4c:24,-98,0,T
1462600911749073,pplt325,00:26:66:d0:c4:dc,-66,0,T
1462600911749073,U+Net40B1,00:27:1c:ea:40:af,-65,0,T
1462600911749073,SK_WLAN,00:27:1c:08:41:16,-71,0,T
1462600911749073,SK_WiFiD942,00:23:aa:3d:d9:41,-86,0,T
1462600911749073,myLGNet,00:01:36:2d:ea:4c,-89,0,T
1462600911749073,Hacker,64:e5:99:82:5a:21,-94,0,T
1462600911749073,SK_WiFi4C25,00:30:0d:62:4c:24,-95,0,T
1462603376220308,pplt325,00:26:66:d0:c4:dc,-61,1,E
1462603376220308,U+Net40B1,00:27:1c:ea:40:af,-71,1,E
1462603376220308,myLGNet,00:01:36:2d:ea:4c,-80,1,E
1462603376220308,SK_WLAN,00:27:1c:08:41:16,-81,1,E
1462603376220308,kms,00:26:66:76:37:9c,-97,1,E
1462603386225144,pplt325,00:26:66:d0:c4:dc,-62,1,E
1462603386225144,U+Net40B1,00:27:1c:ea:40:af,-75,1,E
1462603386225144,SK_WLAN,00:27:1c:08:41:16,-78,1,E
1462603386225144,myLGNet,00:01:36:2d:ea:4c,-80,1,E
1462603396233158,pplt325,00:26:66:d0:c4:dc,-61,1,E
1462603396233158,U+Net40B1,00:27:1c:ea:40:af,-70,1,E
1462603396233158,SK_WLAN,00:27:1c:08:41:16,-78,1,E
1462603396233158,myLGNet,00:01:36:2d:ea:4c,-80,1,E
1462603406169388,pplt325,00:26:66:d0:c4:dc,-63,1,E
1462603406169388,U+Net40B1,00:27:1c:ea:40:af,-72,1,E
1462603406169388,myLGNet,00:01:36:2d:ea:4c,-80,1,E
1462603406169388,SK_WLAN,00:27:1c:08:41:16,-83,1,E
1462603416218178,pplt325,00:26:66:d0:c4:dc,-63,1,E
1462603416218178,U+Net40B1,00:27:1c:ea:40:af,-72,1,E
1462603416218178,myLGNet,00:01:36:2d:ea:4c,-80,1,E
1462603416218178,SK_WLAN,00:27:1c:08:41:16,-83,1,E
1462603426190902,pplt325,00:26:66:d0:c4:dc,-64,1,E
1462603426190902,U+Net40B1,00:27:1c:ea:40:af,-74,1,E
1462603426190902,SK_WLAN,00:27:1c:08:41:16,-77,1,E
1462603426190902,myLGNet,00:01:36:2d:ea:4c,-81,1,E
1462603436261536,pplt325,00:26:66:d0:c4:dc,-64,1,E
1462603436261536,U+Net40B1,00:27:1c:ea:40:af,-69,1,E
1462603436261536,myLGNet,00:01:36:2d:ea:4c,-79,1,E
1462603436261536,SK_WLAN,00:27:1c:08:41:16,-80,1,E
1462603436261536,SK_WiFiD942,00:23:aa:3d:d9:41,-94,1,E
1462603446156187,pplt325,00:26:66:d0:c4:dc,-60,1,E
1462603446156187,U+Net40B1,00:27:1c:ea:40:af,-76,1,E
1462603446156187,SK_WLAN,00:27:1c:08:41:16,-77,1,E
1462603446156187,myLGNet,00:01:36:2d:ea:4c,-78,1,E
1462603446156187,SK_WiFiD942,00:23:aa:3d:d9:41,-94,1,E
1462603456208942,pplt325,00:26:66:d0:c4:dc,-61,1,E
1462603456208942,SK_WLAN,00:27:1c:08:41:16,-77,1,E
1462603456208942,myLGNet,00:01:36:2d:ea:4c,-78,1,E
1462603456208942,U+Net40B1,00:27:1c:ea:40:af,-78,1,E
1462603466120896,pplt325,00:26:66:d0:c4:dc,-62,1,E
1462603466120896,U+Net40B1,00:27:1c:ea:40:af,-76,1,E
1462603466120896,SK_WLAN,00:27:1c:08:41:16,-77,1,E
1462603466120896,myLGNet,00:01:36:2d:ea:4c,-80,1,E
1462603466120896,SK_WiFiD942,00:23:aa:3d:d9:41,-92,1,E
1462603476197918,pplt325,00:26:66:d0:c4:dc,-62,1,E
1462603476197918,SK_WLAN,00:27:1c:08:41:16,-76,1,E
1462603476197918,U+Net40B1,00:27:1c:ea:40:af,-78,1,E
1462603476197918,myLGNet,00:01:36:2d:ea:4c,-81,1,E
1462603476197918,SK_WiFiD942,00:23:aa:3d:d9:41,-92,1,E
1462603486330909,pplt325,00:26:66:d0:c4:dc,-62,1,E
1462603486330909,U+Net40B1,00:27:1c:ea:40:af,-72,1,E
1462603486330909,SK_WLAN,00:27:1c:08:41:16,-77,1,E
1462603486330909,myLGNet,00:01:36:2d:ea:4c,-80,1,E
1462603496219248,pplt325,00:26:66:d0:c4:dc,-62,1,E
1462603496219248,U+Net40B1,00:27:1c:ea:40:af,-72,1,E
1462603496219248,SK_WLAN,00:27:1c:08:41:16,-77,1,E
1462603496219248,myLGNet,00:01:36:2d:ea:4c,-80,1,E
1462603506348904,pplt325,00:26:66:d0:c4:dc,-61,1,E
1462603506348904,U+Net40B1,00:27:1c:ea:40:af,-73,1,E
1462603506348904,SK_WLAN,00:27:1c:08:41:16,-79,1,E
1462603506348904,myLGNet,00:01:36:2d:ea:4c,-81,1,E
1462603516134454,pplt325,00:26:66:d0:c4:dc,-63,1,E
1462603516134454,U+Net40B1,00:27:1c:ea:40:af,-76,1,E
1462603516134454,SK_WLAN,00:27:1c:08:41:16,-80,1,E
1462603516134454,myLGNet,00:01:36:2d:ea:4c,-80,1,E
1462603526099214,pplt325,00:26:66:d0:c4:dc,-62,1,E
1462603526099214,U+Net40B1,00:27:1c:ea:40:af,-76,1,E
1462603526099214,SK_WLAN,00:27:1c:08:41:16,-79,1,E
1462603526099214,myLGNet,00:01:36:2d:ea:4c,-81,1,E
1462603536276679,pplt325,00:26:66:d0:c4:dc,-64,1,E
1462603536276679,U+Net40B1,00:27:1c:ea:40:af,-75,1,E
1462603536276679,SK_WLAN,00:27:1c:08:41:16,-78,1,E
1462603536276679,myLGNet,00:01:36:2d:ea:4c,-79,1,E
1462603546312731,pplt325,00:26:66:d0:c4:dc,-62,1,E
1462603546312731,U+Net40B1,00:27:1c:ea:40:af,-74,1,E
1462603546312731,SK_WLAN,00:27:1c:08:41:16,-78,1,E
1462603546312731,myLGNet,00:01:36:2d:ea:4c,-82,1,E
1462603556200378,pplt325,00:26:66:d0:c4:dc,-62,1,E
1462603556200378,U+Net40B1,00:27:1c:ea:40:af,-74,1,E
1462603556200378,SK_WLAN,00:27:1c:08:41:16,-78,1,E
1462603556200378,myLGNet,00:01:36:2d:ea:4c,-81,1,E
1462603556200378,SK_WiFiD942,00:23:aa:3d:d9:41,-97,1,E
1462603566085171,pplt325,00:26:66:d0:c4:dc,-65,1,E
1462603566085171,U+Net40B1,00:27:1c:ea:40:af,-74,1,E
1462603566085171,SK_WLAN,00:27:1c:08:41:16,-77,1,E
1462603566085171,myLGNet,00:01:36:2d:ea:4c,-83,1,E
1462603566085171,SK_WiFiD942,00:23:aa:3d:d9:41,-97,1,E
1462603576327981,pplt325,00:26:66:d0:c4:dc,-64,1,E
1462603576327981,U+Net40B1,00:27:1c:ea:40:af,-74,1,E
1462603576327981,SK_WLAN,00:27:1c:08:41:16,-78,1,E
1462603576327981,myLGNet,00:01:36:2d:ea:4c,-82,1,E
1462603586217162,pplt325,00:26:66:d0:c4:dc,-64,1,E
1462603586217162,U+Net40B1,00:27:1c:ea:40:af,-74,1,E
1462603586217162,SK_WLAN,00:27:1c:08:41:16,-78,1,E
1462603586217162,myLGNet,00:01:36:2d:ea:4c,-82,1,E
1462603596222204,pplt325,00:26:66:d0:c4:dc,-63,1,E
1462603596222204,U+Net40B1,00:27:1c:ea:40:af,-75,1,E
1462603596222204,SK_WLAN,00:27:1c:08:41:16,-77,1,E
1462603596222204,myLGNet,00:01:36:2d:ea:4c,-80,1,E
1462603606535360,pplt325,00:26:66:d0:c4:dc,-60,1,E
1462603606535360,U+Net40B1,00:27:1c:ea:40:af,-75,1,E
1462603606535360,SK_WLAN,00:27:1c:08:41:16,-76,1,E
1462603606535360,myLGNet,00:01:36:2d:ea:4c,-80,1,E
1462603616228009,pplt325,00:26:66:d0:c4:dc,-62,1,E
1462603616228009,U+Net40B1,00:27:1c:ea:40:af,-76,1,E
1462603616228009,SK_WLAN,00:27:1c:08:41:16,-78,1,E
1462603616228009,myLGNet,00:01:36:2d:ea:4c,-79,1,E
1462603626148419,pplt325,00:26:66:d0:c4:dc,-62,1,E
1462603626148419,U+Net40B1,00:27:1c:ea:40:af,-76,1,E
1462603626148419,SK_WLAN,00:27:1c:08:41:16,-78,1,E
1462603626148419,myLGNet,00:01:36:2d:ea:4c,-79,1,E
1462603636163319,pplt325,00:26:66:d0:c4:dc,-65,1,E
1462603636163319,U+Net40B1,00:27:1c:ea:40:af,-70,1,E
1462603636163319,SK_WLAN,00:27:1c:08:41:16,-78,1,E
1462603636163319,myLGNet,00:01:36:2d:ea:4c,-82,1,E
1462603636163319,SK_WiFiD942,00:23:aa:3d:d9:41,-91,1,E
1462603646227595,pplt325,00:26:66:d0:c4:dc,-63,1,E
1462603646227595,U+Net40B1,00:27:1c:ea:40:af,-69,1,E
1462603646227595,SK_WLAN,00:27:1c:08:41:16,-79,1,E
1462603646227595,myLGNet,00:01:36:2d:ea:4c,-82,1,E
1462603646227595,SK_WiFiD942,00:23:aa:3d:d9:41,-91,1,E
1462603656219473,pplt325,00:26:66:d0:c4:dc,-69,1,E
1462603656219473,U+Net40B1,00:27:1c:ea:40:af,-70,1,E
1462603656219473,SK_WLAN,00:27:1c:08:41:16,-77,1,E
1462603656219473,myLGNet,00:01:36:2d:ea:4c,-79,1,E
1462603666169582,pplt325,00:26:66:d0:c4:dc,-61,1,E
1462603666169582,U+Net40B1,00:27:1c:ea:40:af,-76,1,E
1462603666169582,SK_WLAN,00:27:1c:08:41:16,-77,1,E
1462603666169582,myLGNet,00:01:36:2d:ea:4c,-80,1,E
