1467694992742799,"pplt325","00:26:66:d0:c4:dc",-77,2,"SH"
1467694992742799,"U+Net40B1","00:27:1c:ea:40:af",-69,2,"SH"
1467694992742799,"myLGNet","00:01:36:2d:ea:4c",-83,2,"SH"
1467694992742799,"SK_WLAN","00:27:1c:08:41:16",-97,2,"SH"
1467695002826583,"pplt325","00:26:66:d0:c4:dc",-73,2,"SH"
1467695002826583,"U+Net40B1","00:27:1c:ea:40:af",-73,2,"SH"
1467695002826583,"myLGNet","00:01:36:2d:ea:4c",-85,2,"SH"
1467695002826583,"SK_WLAN","00:27:1c:08:41:16",-95,2,"SH"
1467695012690176,"pplt325","00:26:66:d0:c4:dc",-72,2,"SH"
1467695012690176,"U+Net40B1","00:27:1c:ea:40:af",-70,2,"SH"
1467695012690176,"myLGNet","00:01:36:2d:ea:4c",-85,2,"SH"
1467695012690176,"SK_WLAN","00:27:1c:08:41:16",-95,2,"SH"
1467695022701173,"pplt325","00:26:66:d0:c4:dc",-73,2,"SH"
1467695022701173,"U+Net40B1","00:27:1c:ea:40:af",-69,2,"SH"
1467695022701173,"myLGNet","00:01:36:2d:ea:4c",-82,2,"SH"
1467695022701173,"SK_WiFiD942","00:23:aa:3d:d9:41",-93,2,"SH"
1467695022701173,"SK_WLAN","00:27:1c:08:41:16",-93,2,"SH"
1467695032852582,"pplt325","00:26:66:d0:c4:dc",-73,2,"SH"
1467695032852582,"U+Net40B1","00:27:1c:ea:40:af",-73,2,"SH"
1467695032852582,"myLGNet","00:01:36:2d:ea:4c",-83,2,"SH"
1467695032852582,"SK_WLAN","00:27:1c:08:41:16",-91,2,"SH"
1467695032852582,"SK_WiFiD942","00:23:aa:3d:d9:41",-93,2,"SH"
1467695042717767,"pplt325","00:26:66:d0:c4:dc",-70,2,"SH"
1467695042717767,"U+Net40B1","00:27:1c:ea:40:af",-72,2,"SH"
1467695042717767,"myLGNet","00:01:36:2d:ea:4c",-83,2,"SH"
1467695042717767,"SK_WLAN","00:27:1c:08:41:16",-94,2,"SH"
1467695052744133,"pplt325","00:26:66:d0:c4:dc",-71,2,"SH"
1467695052744133,"U+Net40B1","00:27:1c:ea:40:af",-72,2,"SH"
1467695052744133,"myLGNet","00:01:36:2d:ea:4c",-85,2,"SH"
1467695052744133,"SK_WLAN","00:27:1c:08:41:16",-92,2,"SH"
1467695062686259,"pplt325","00:26:66:d0:c4:dc",-69,2,"SH"
1467695062686259,"U+Net40B1","00:27:1c:ea:40:af",-72,2,"SH"
1467695062686259,"myLGNet","00:01:36:2d:ea:4c",-82,2,"SH"
1467695062686259,"SK_WLAN","00:27:1c:08:41:16",-94,2,"SH"
1467695072708570,"pplt325","00:26:66:d0:c4:dc",-73,2,"SH"
1467695072708570,"U+Net40B1","00:27:1c:ea:40:af",-70,2,"SH"
1467695072708570,"myLGNet","00:01:36:2d:ea:4c",-82,2,"SH"
1467695072708570,"SK_WLAN","00:27:1c:08:41:16",-89,2,"SH"
1467695082759940,"pplt325","00:26:66:d0:c4:dc",-73,2,"SH"
1467695082759940,"U+Net40B1","00:27:1c:ea:40:af",-69,2,"SH"
1467695082759940,"myLGNet","00:01:36:2d:ea:4c",-84,2,"SH"
1467695082759940,"SK_WLAN","00:27:1c:08:41:16",-91,2,"SH"
1467695092705115,"pplt325","00:26:66:d0:c4:dc",-72,2,"SH"
1467695092705115,"U+Net40B1","00:27:1c:ea:40:af",-70,2,"SH"
1467695092705115,"myLGNet","00:01:36:2d:ea:4c",-81,2,"SH"
1467695092705115,"SK_WLAN","00:27:1c:08:41:16",-95,2,"SH"
1467695092705115,"SK_WiFiD942","00:23:aa:3d:d9:41",-96,2,"SH"
1467695102721870,"pplt325","00:26:66:d0:c4:dc",-71,2,"SH"
1467695102721870,"U+Net40B1","00:27:1c:ea:40:af",-67,2,"SH"
1467695102721870,"myLGNet","00:01:36:2d:ea:4c",-79,2,"SH"
1467695102721870,"SK_WLAN","00:27:1c:08:41:16",-93,2,"SH"
1467695102721870,"SK_WiFiD942","00:23:aa:3d:d9:41",-96,2,"SH"
1467695112829167,"pplt325","00:26:66:d0:c4:dc",-72,2,"SH"
1467695112829167,"U+Net40B1","00:27:1c:ea:40:af",-67,2,"SH"
1467695112829167,"myLGNet","00:01:36:2d:ea:4c",-80,2,"SH"
1467695112829167,"SK_WLAN","00:27:1c:08:41:16",-91,2,"SH"
1467695122773553,"pplt325","00:26:66:d0:c4:dc",-67,2,"SH"
1467695122773553,"U+Net40B1","00:27:1c:ea:40:af",-67,2,"SH"
1467695122773553,"myLGNet","00:01:36:2d:ea:4c",-80,2,"SH"
1467695122773553,"SK_WLAN","00:27:1c:08:41:16",-91,2,"SH"
1467695132670459,"pplt325","00:26:66:d0:c4:dc",-72,2,"SH"
1467695132670459,"U+Net40B1","00:27:1c:ea:40:af",-75,2,"SH"
1467695132670459,"myLGNet","00:01:36:2d:ea:4c",-79,2,"SH"
1467695132670459,"SK_WLAN","00:27:1c:08:41:16",-91,2,"SH"
1467695142670232,"pplt325","00:26:66:d0:c4:dc",-74,2,"SH"
1467695142670232,"U+Net40B1","00:27:1c:ea:40:af",-69,2,"SH"
1467695142670232,"myLGNet","00:01:36:2d:ea:4c",-79,2,"SH"
1467695142670232,"SK_WLAN","00:27:1c:08:41:16",-91,2,"SH"
1467695152824688,"pplt325","00:26:66:d0:c4:dc",-65,2,"SH"
1467695152824688,"U+Net40B1","00:27:1c:ea:40:af",-65,2,"SH"
1467695152824688,"myLGNet","00:01:36:2d:ea:4c",-82,2,"SH"
1467695152824688,"SK_WLAN","00:27:1c:08:41:16",-90,2,"SH"
1467695162892673,"pplt325","00:26:66:d0:c4:dc",-68,2,"SH"
1467695162892673,"U+Net40B1","00:27:1c:ea:40:af",-66,2,"SH"
1467695162892673,"myLGNet","00:01:36:2d:ea:4c",-81,2,"SH"
1467695162892673,"SK_WiFiD942","00:23:aa:3d:d9:41",-92,2,"SH"
1467695162892673,"SK_WLAN","00:27:1c:08:41:16",-93,2,"SH"
1467695172734821,"pplt325","00:26:66:d0:c4:dc",-69,2,"SH"
1467695172734821,"U+Net40B1","00:27:1c:ea:40:af",-66,2,"SH"
1467695172734821,"myLGNet","00:01:36:2d:ea:4c",-81,2,"SH"
1467695172734821,"SK_WiFiD942","00:23:aa:3d:d9:41",-92,2,"SH"
1467695172734821,"SK_WLAN","00:27:1c:08:41:16",-93,2,"SH"
1467695182720881,"pplt325","00:26:66:d0:c4:dc",-68,2,"SH"
1467695182720881,"U+Net40B1","00:27:1c:ea:40:af",-66,2,"SH"
1467695182720881,"myLGNet","00:01:36:2d:ea:4c",-79,2,"SH"
1467695182720881,"SK_WLAN","00:27:1c:08:41:16",-91,2,"SH"
1467695182720881,"SK_WiFiD942","00:23:aa:3d:d9:41",-91,2,"SH"
1467695192696849,"pplt325","00:26:66:d0:c4:dc",-71,2,"SH"
1467695192696849,"U+Net40B1","00:27:1c:ea:40:af",-66,2,"SH"
1467695192696849,"myLGNet","00:01:36:2d:ea:4c",-79,2,"SH"
1467695192696849,"SK_WLAN","00:27:1c:08:41:16",-91,2,"SH"
1467695202698427,"pplt325","00:26:66:d0:c4:dc",-69,2,"SH"
1467695202698427,"U+Net40B1","00:27:1c:ea:40:af",-67,2,"SH"
1467695202698427,"myLGNet","00:01:36:2d:ea:4c",-84,2,"SH"
1467695202698427,"SK_WLAN","00:27:1c:08:41:16",-89,2,"SH"
1467695212779951,"pplt325","00:26:66:d0:c4:dc",-66,2,"SH"
1467695212779951,"U+Net40B1","00:27:1c:ea:40:af",-68,2,"SH"
1467695212779951,"myLGNet","00:01:36:2d:ea:4c",-78,2,"SH"
1467695212779951,"SK_WLAN","00:27:1c:08:41:16",-90,2,"SH"
1467695212779951,"SK_WiFiD942","00:23:aa:3d:d9:41",-93,2,"SH"
1467695222832651,"pplt325","00:26:66:d0:c4:dc",-67,2,"SH"
1467695222832651,"U+Net40B1","00:27:1c:ea:40:af",-68,2,"SH"
1467695222832651,"myLGNet","00:01:36:2d:ea:4c",-78,2,"SH"
1467695222832651,"SK_WLAN","00:27:1c:08:41:16",-90,2,"SH"
1467695222832651,"SK_WiFiD942","00:23:aa:3d:d9:41",-93,2,"SH"
1467695232707406,"pplt325","00:26:66:d0:c4:dc",-71,2,"SH"
1467695232707406,"U+Net40B1","00:27:1c:ea:40:af",-65,2,"SH"
1467695232707406,"myLGNet","00:01:36:2d:ea:4c",-78,2,"SH"
1467695232707406,"SK_WLAN","00:27:1c:08:41:16",-86,2,"SH"
1467695232707406,"SK_WiFiD942","00:23:aa:3d:d9:41",-92,2,"SH"
1467695242735716,"pplt325","00:26:66:d0:c4:dc",-69,2,"SH"
1467695242735716,"U+Net40B1","00:27:1c:ea:40:af",-68,2,"SH"
1467695242735716,"myLGNet","00:01:36:2d:ea:4c",-80,2,"SH"
1467695242735716,"SK_WLAN","00:27:1c:08:41:16",-86,2,"SH"
1467695242735716,"SK_WiFiD942","00:23:aa:3d:d9:41",-92,2,"SH"
1467695252717064,"pplt325","00:26:66:d0:c4:dc",-68,2,"SH"
1467695252717064,"U+Net40B1","00:27:1c:ea:40:af",-68,2,"SH"
1467695252717064,"myLGNet","00:01:36:2d:ea:4c",-80,2,"SH"
1467695252717064,"SK_WLAN","00:27:1c:08:41:16",-92,2,"SH"
1467695252717064,"SK_WiFiD942","00:23:aa:3d:d9:41",-94,2,"SH"
1467695262711218,"pplt325","00:26:66:d0:c4:dc",-70,2,"SH"
1467695262711218,"U+Net40B1","00:27:1c:ea:40:af",-65,2,"SH"
1467695262711218,"myLGNet","00:01:36:2d:ea:4c",-81,2,"SH"
1467695262711218,"SK_WLAN","00:27:1c:08:41:16",-91,2,"SH"
1467695262711218,"SK_WiFiD942","00:23:aa:3d:d9:41",-94,2,"SH"
1467695272722261,"pplt325","00:26:66:d0:c4:dc",-71,2,"SH"
1467695272722261,"U+Net40B1","00:27:1c:ea:40:af",-67,2,"SH"
1467695272722261,"myLGNet","00:01:36:2d:ea:4c",-81,2,"SH"
1467695272722261,"SK_WLAN","00:27:1c:08:41:16",-87,2,"SH"
1467695282911630,"pplt325","00:26:66:d0:c4:dc",-75,2,"SH"
1467695282911630,"U+Net40B1","00:27:1c:ea:40:af",-71,2,"SH"
1467695282911630,"myLGNet","00:01:36:2d:ea:4c",-81,2,"SH"
1467695282911630,"SK_WLAN","00:27:1c:08:41:16",-89,2,"SH"
1467695282911630,"SK_WiFiD942","00:23:aa:3d:d9:41",-90,2,"SH"
1467695292776424,"pplt325","00:26:66:d0:c4:dc",-68,2,"SH"
1467695292776424,"U+Net40B1","00:27:1c:ea:40:af",-73,2,"SH"
1467695292776424,"myLGNet","00:01:36:2d:ea:4c",-80,2,"SH"
1467695292776424,"SK_WLAN","00:27:1c:08:41:16",-86,2,"SH"
1467695292776424,"SK_WiFiD942","00:23:aa:3d:d9:41",-90,2,"SH"
1467695302893591,"pplt325","00:26:66:d0:c4:dc",-67,2,"SH"
1467695302893591,"U+Net40B1","00:27:1c:ea:40:af",-67,2,"SH"
1467695302893591,"myLGNet","00:01:36:2d:ea:4c",-80,2,"SH"
1467695302893591,"SK_WLAN","00:27:1c:08:41:16",-91,2,"SH"
1467695312874902,"pplt325","00:26:66:d0:c4:dc",-66,2,"SH"
1467695312874902,"U+Net40B1","00:27:1c:ea:40:af",-68,2,"SH"
1467695312874902,"myLGNet","00:01:36:2d:ea:4c",-79,2,"SH"
1467695312874902,"SK_WLAN","00:27:1c:08:41:16",-88,2,"SH"
1467695322691954,"pplt325","00:26:66:d0:c4:dc",-66,2,"SH"
1467695322691954,"U+Net40B1","00:27:1c:ea:40:af",-68,2,"SH"
1467695322691954,"myLGNet","00:01:36:2d:ea:4c",-78,2,"SH"
1467695322691954,"SK_WLAN","00:27:1c:08:41:16",-85,2,"SH"
1467695332798955,"pplt325","00:26:66:d0:c4:dc",-69,2,"SH"
1467695332798955,"U+Net40B1","00:27:1c:ea:40:af",-68,2,"SH"
1467695332798955,"myLGNet","00:01:36:2d:ea:4c",-78,2,"SH"
1467695332798955,"SK_WLAN","00:27:1c:08:41:16",-86,2,"SH"
1467695332798955,"SK_WiFiD942","00:23:aa:3d:d9:41",-93,2,"SH"
1467695342750816,"pplt325","00:26:66:d0:c4:dc",-71,2,"SH"
1467695342750816,"U+Net40B1","00:27:1c:ea:40:af",-68,2,"SH"
1467695342750816,"myLGNet","00:01:36:2d:ea:4c",-79,2,"SH"
1467695342750816,"SK_WLAN","00:27:1c:08:41:16",-91,2,"SH"
1467695342750816,"SK_WiFiD942","00:23:aa:3d:d9:41",-93,2,"SH"
1467695368894351,"pplt325","00:26:66:d0:c4:dc",-75,2,"SH"
1467695368894351,"U+Net40B1","00:27:1c:ea:40:af",-86,2,"SH"
1467695368894351,"SK_WLAN","00:27:1c:08:41:16",-89,2,"SH"
1467695368894351,"myLGNet","00:01:36:2d:ea:4c",-95,2,"SH"
1467695378883969,"pplt325","00:26:66:d0:c4:dc",-78,2,"SH"
1467695378883969,"U+Net40B1","00:27:1c:ea:40:af",-78,2,"SH"
1467695378883969,"myLGNet","00:01:36:2d:ea:4c",-88,2,"SH"
1467695378883969,"SK_WLAN","00:27:1c:08:41:16",-89,2,"SH"
1467695389039124,"pplt325","00:26:66:d0:c4:dc",-75,2,"SH"
1467695389039124,"U+Net40B1","00:27:1c:ea:40:af",-75,2,"SH"
1467695389039124,"myLGNet","00:01:36:2d:ea:4c",-88,2,"SH"
1467695389039124,"SK_WLAN","00:27:1c:08:41:16",-89,2,"SH"
1467695399116783,"pplt325","00:26:66:d0:c4:dc",-77,2,"SH"
1467695399116783,"U+Net40B1","00:27:1c:ea:40:af",-79,2,"SH"
1467695399116783,"myLGNet","00:01:36:2d:ea:4c",-88,2,"SH"
1467695399116783,"SK_WLAN","00:27:1c:08:41:16",-90,2,"SH"
1467695399116783,"SK_WiFiD942","00:23:aa:3d:d9:41",-99,2,"SH"
1467695408967839,"pplt325","00:26:66:d0:c4:dc",-73,2,"SH"
1467695408967839,"U+Net40B1","00:27:1c:ea:40:af",-79,2,"SH"
1467695408967839,"SK_WLAN","00:27:1c:08:41:16",-87,2,"SH"
1467695408967839,"myLGNet","00:01:36:2d:ea:4c",-87,2,"SH"
1467695408967839,"SK_WiFiD942","00:23:aa:3d:d9:41",-99,2,"SH"
1467695418974282,"pplt325","00:26:66:d0:c4:dc",-74,2,"SH"
1467695418974282,"U+Net40B1","00:27:1c:ea:40:af",-76,2,"SH"
1467695418974282,"myLGNet","00:01:36:2d:ea:4c",-87,2,"SH"
1467695418974282,"SK_WLAN","00:27:1c:08:41:16",-91,2,"SH"
1467695428877103,"pplt325","00:26:66:d0:c4:dc",-75,2,"SH"
1467695428877103,"U+Net40B1","00:27:1c:ea:40:af",-80,2,"SH"
1467695428877103,"myLGNet","00:01:36:2d:ea:4c",-88,2,"SH"
1467695428877103,"SK_WLAN","00:27:1c:08:41:16",-91,2,"SH"
1467695439032507,"pplt325","00:26:66:d0:c4:dc",-77,2,"SH"
1467695439032507,"U+Net40B1","00:27:1c:ea:40:af",-81,2,"SH"
1467695439032507,"myLGNet","00:01:36:2d:ea:4c",-86,2,"SH"
1467695439032507,"SK_WLAN","00:27:1c:08:41:16",-89,2,"SH"
1467695448955008,"pplt325","00:26:66:d0:c4:dc",-73,2,"SH"
1467695448955008,"U+Net40B1","00:27:1c:ea:40:af",-78,2,"SH"
1467695448955008,"SK_WLAN","00:27:1c:08:41:16",-89,2,"SH"
1467695448955008,"myLGNet","00:01:36:2d:ea:4c",-93,2,"SH"
1467695458870973,"pplt325","00:26:66:d0:c4:dc",-76,2,"SH"
1467695458870973,"U+Net40B1","00:27:1c:ea:40:af",-84,2,"SH"
1467695458870973,"myLGNet","00:01:36:2d:ea:4c",-87,2,"SH"
1467695458870973,"SK_WLAN","00:27:1c:08:41:16",-88,2,"SH"
1467695468953571,"pplt325","00:26:66:d0:c4:dc",-75,2,"SH"
1467695468953571,"U+Net40B1","00:27:1c:ea:40:af",-84,2,"SH"
1467695468953571,"myLGNet","00:01:36:2d:ea:4c",-87,2,"SH"
1467695468953571,"SK_WLAN","00:27:1c:08:41:16",-88,2,"SH"
1467695478903918,"pplt325","00:26:66:d0:c4:dc",-74,2,"SH"
1467695478903918,"U+Net40B1","00:27:1c:ea:40:af",-81,2,"SH"
1467695478903918,"myLGNet","00:01:36:2d:ea:4c",-87,2,"SH"
1467695478903918,"SK_WLAN","00:27:1c:08:41:16",-93,2,"SH"
1467695488911089,"pplt325","00:26:66:d0:c4:dc",-78,2,"SH"
1467695488911089,"U+Net40B1","00:27:1c:ea:40:af",-81,2,"SH"
1467695488911089,"myLGNet","00:01:36:2d:ea:4c",-90,2,"SH"
1467695488911089,"SK_WLAN","00:27:1c:08:41:16",-91,2,"SH"
1467695498853827,"pplt325","00:26:66:d0:c4:dc",-69,2,"SH"
1467695498853827,"U+Net40B1","00:27:1c:ea:40:af",-76,2,"SH"
1467695498853827,"myLGNet","00:01:36:2d:ea:4c",-83,2,"SH"
1467695498853827,"SK_WLAN","00:27:1c:08:41:16",-91,2,"SH"
1467695508833736,"pplt325","00:26:66:d0:c4:dc",-70,2,"SH"
1467695508833736,"U+Net40B1","00:27:1c:ea:40:af",-76,2,"SH"
1467695508833736,"myLGNet","00:01:36:2d:ea:4c",-83,2,"SH"
1467695508833736,"SK_WLAN","00:27:1c:08:41:16",-91,2,"SH"
1467695518879983,"pplt325","00:26:66:d0:c4:dc",-72,2,"SH"
1467695518879983,"myLGNet","00:01:36:2d:ea:4c",-85,2,"SH"
1467695518879983,"U+Net40B1","00:27:1c:ea:40:af",-86,2,"SH"
1467695518879983,"SK_WLAN","00:27:1c:08:41:16",-91,2,"SH"
1467695528992782,"pplt325","00:26:66:d0:c4:dc",-66,2,"SH"
1467695528992782,"U+Net40B1","00:27:1c:ea:40:af",-86,2,"SH"
1467695528992782,"myLGNet","00:01:36:2d:ea:4c",-87,2,"SH"
1467695528992782,"SK_WLAN","00:27:1c:08:41:16",-88,2,"SH"
1467695539072171,"pplt325","00:26:66:d0:c4:dc",-68,2,"SH"
1467695539072171,"U+Net40B1","00:27:1c:ea:40:af",-84,2,"SH"
1467695539072171,"myLGNet","00:01:36:2d:ea:4c",-86,2,"SH"
1467695539072171,"SK_WLAN","00:27:1c:08:41:16",-87,2,"SH"
1467695539072171,"SK_WiFiD942","00:23:aa:3d:d9:41",-94,2,"SH"
1467695549033628,"pplt325","00:26:66:d0:c4:dc",-68,2,"SH"
1467695549033628,"myLGNet","00:01:36:2d:ea:4c",-86,2,"SH"
1467695549033628,"SK_WLAN","00:27:1c:08:41:16",-88,2,"SH"
1467695549033628,"U+Net40B1","00:27:1c:ea:40:af",-90,2,"SH"
1467695549033628,"SK_WiFiD942","00:23:aa:3d:d9:41",-94,2,"SH"
1467695558910739,"pplt325","00:26:66:d0:c4:dc",-66,2,"SH"
1467695558910739,"U+Net40B1","00:27:1c:ea:40:af",-84,2,"SH"
1467695558910739,"myLGNet","00:01:36:2d:ea:4c",-84,2,"SH"
1467695558910739,"SK_WLAN","00:27:1c:08:41:16",-89,2,"SH"
1467695569003303,"pplt325","00:26:66:d0:c4:dc",-67,2,"SH"
1467695569003303,"U+Net40B1","00:27:1c:ea:40:af",-82,2,"SH"
1467695569003303,"myLGNet","00:01:36:2d:ea:4c",-84,2,"SH"
1467695569003303,"SK_WLAN","00:27:1c:08:41:16",-89,2,"SH"
1467695578963425,"pplt325","00:26:66:d0:c4:dc",-70,2,"SH"
1467695578963425,"U+Net40B1","00:27:1c:ea:40:af",-77,2,"SH"
1467695578963425,"myLGNet","00:01:36:2d:ea:4c",-88,2,"SH"
1467695578963425,"SK_WLAN","00:27:1c:08:41:16",-90,2,"SH"
1467695588902948,"pplt325","00:26:66:d0:c4:dc",-70,2,"SH"
1467695588902948,"U+Net40B1","00:27:1c:ea:40:af",-78,2,"SH"
1467695588902948,"myLGNet","00:01:36:2d:ea:4c",-89,2,"SH"
1467695588902948,"SK_WLAN","00:27:1c:08:41:16",-89,2,"SH"
1467695598979233,"pplt325","00:26:66:d0:c4:dc",-76,2,"SH"
1467695598979233,"U+Net40B1","00:27:1c:ea:40:af",-77,2,"SH"
1467695598979233,"SK_WLAN","00:27:1c:08:41:16",-91,2,"SH"
1467695598979233,"myLGNet","00:01:36:2d:ea:4c",-94,2,"SH"
1467695608899584,"pplt325","00:26:66:d0:c4:dc",-70,2,"SH"
1467695608899584,"U+Net40B1","00:27:1c:ea:40:af",-75,2,"SH"
1467695608899584,"SK_WLAN","00:27:1c:08:41:16",-90,2,"SH"
1467695608899584,"myLGNet","00:01:36:2d:ea:4c",-94,2,"SH"
1467695618901701,"pplt325","00:26:66:d0:c4:dc",-69,2,"SH"
1467695618901701,"U+Net40B1","00:27:1c:ea:40:af",-77,2,"SH"
1467695618901701,"SK_WLAN","00:27:1c:08:41:16",-89,2,"SH"
1467695618901701,"myLGNet","00:01:36:2d:ea:4c",-90,2,"SH"
1467695628900682,"pplt325","00:26:66:d0:c4:dc",-68,2,"SH"
1467695628900682,"U+Net40B1","00:27:1c:ea:40:af",-76,2,"SH"
1467695628900682,"SK_WLAN","00:27:1c:08:41:16",-90,2,"SH"
1467695628900682,"myLGNet","00:01:36:2d:ea:4c",-93,2,"SH"
1467695628900682,"SK_WiFiD942","00:23:aa:3d:d9:41",-98,2,"SH"
1467695638833029,"pplt325","00:26:66:d0:c4:dc",-69,2,"SH"
1467695638833029,"U+Net40B1","00:27:1c:ea:40:af",-76,2,"SH"
1467695638833029,"SK_WLAN","00:27:1c:08:41:16",-90,2,"SH"
1467695638833029,"myLGNet","00:01:36:2d:ea:4c",-93,2,"SH"
1467695638833029,"SK_WiFiD942","00:23:aa:3d:d9:41",-98,2,"SH"
1467695649031077,"pplt325","00:26:66:d0:c4:dc",-72,2,"SH"
1467695649031077,"U+Net40B1","00:27:1c:ea:40:af",-76,2,"SH"
1467695649031077,"SK_WLAN","00:27:1c:08:41:16",-90,2,"SH"
1467695649031077,"myLGNet","00:01:36:2d:ea:4c",-91,2,"SH"
1467695649031077,"SK_WiFiD942","00:23:aa:3d:d9:41",-95,2,"SH"
1467695658916707,"pplt325","00:26:66:d0:c4:dc",-69,2,"SH"
1467695658916707,"U+Net40B1","00:27:1c:ea:40:af",-79,2,"SH"
1467695658916707,"myLGNet","00:01:36:2d:ea:4c",-91,2,"SH"
1467695658916707,"SK_WLAN","00:27:1c:08:41:16",-93,2,"SH"
1467695658916707,"SK_WiFiD942","00:23:aa:3d:d9:41",-95,2,"SH"
1467695668943261,"pplt325","00:26:66:d0:c4:dc",-74,2,"SH"
1467695668943261,"U+Net40B1","00:27:1c:ea:40:af",-78,2,"SH"
1467695668943261,"SK_WLAN","00:27:1c:08:41:16",-88,2,"SH"
1467695668943261,"myLGNet","00:01:36:2d:ea:4c",-91,2,"SH"
1467695678938955,"pplt325","00:26:66:d0:c4:dc",-71,2,"SH"
1467695678938955,"U+Net40B1","00:27:1c:ea:40:af",-78,2,"SH"
1467695678938955,"SK_WLAN","00:27:1c:08:41:16",-91,2,"SH"
1467695678938955,"myLGNet","00:01:36:2d:ea:4c",-91,2,"SH"
1467695688836468,"pplt325","00:26:66:d0:c4:dc",-75,2,"SH"
1467695688836468,"U+Net40B1","00:27:1c:ea:40:af",-81,2,"SH"
1467695688836468,"myLGNet","00:01:36:2d:ea:4c",-87,2,"SH"
1467695688836468,"SK_WLAN","00:27:1c:08:41:16",-92,2,"SH"
1467695699143016,"pplt325","00:26:66:d0:c4:dc",-74,2,"SH"
1467695699143016,"U+Net40B1","00:27:1c:ea:40:af",-80,2,"SH"
1467695699143016,"myLGNet","00:01:36:2d:ea:4c",-87,2,"SH"
1467695699143016,"SK_WLAN","00:27:1c:08:41:16",-92,2,"SH"
1467695820007591,"pplt325","00:26:66:d0:c4:dc",-55,0,"TV"
1467695820007591,"U+Net40B1","00:27:1c:ea:40:af",-68,0,"TV"
1467695820007591,"SK_WLAN","00:27:1c:08:41:16",-75,0,"TV"
1467695820007591,"myLGNet","00:01:36:2d:ea:4c",-90,0,"TV"
1467695830148964,"pplt325","00:26:66:d0:c4:dc",-69,0,"TV"
1467695830148964,"U+Net40B1","00:27:1c:ea:40:af",-71,0,"TV"
1467695830148964,"SK_WLAN","00:27:1c:08:41:16",-76,0,"TV"
1467695830148964,"myLGNet","00:01:36:2d:ea:4c",-80,0,"TV"
1467695830148964,"SK_WiFi4C25","00:30:0d:62:4c:24",-94,0,"TV"
1467695840216300,"pplt325","00:26:66:d0:c4:dc",-58,0,"TV"
1467695840216300,"U+Net40B1","00:27:1c:ea:40:af",-70,0,"TV"
1467695840216300,"myLGNet","00:01:36:2d:ea:4c",-77,0,"TV"
1467695840216300,"SK_WLAN","00:27:1c:08:41:16",-84,0,"TV"
1467695840216300,"SK_WiFi4C25","00:30:0d:62:4c:24",-95,0,"TV"
1467695850281100,"pplt325","00:26:66:d0:c4:dc",-55,0,"TV"
1467695850281100,"U+Net40B1","00:27:1c:ea:40:af",-59,0,"TV"
1467695850281100,"myLGNet","00:01:36:2d:ea:4c",-74,0,"TV"
1467695850281100,"SK_WLAN","00:27:1c:08:41:16",-88,0,"TV"
1467695850281100,"SK_WiFi4C25","00:30:0d:62:4c:24",-95,0,"TV"
1467695860258266,"pplt325","00:26:66:d0:c4:dc",-59,0,"TV"
1467695860258266,"U+Net40B1","00:27:1c:ea:40:af",-59,0,"TV"
1467695860258266,"myLGNet","00:01:36:2d:ea:4c",-77,0,"TV"
1467695860258266,"SK_WLAN","00:27:1c:08:41:16",-89,0,"TV"
1467695870112591,"pplt325","00:26:66:d0:c4:dc",-57,0,"TV"
1467695870112591,"U+Net40B1","00:27:1c:ea:40:af",-59,0,"TV"
1467695870112591,"myLGNet","00:01:36:2d:ea:4c",-77,0,"TV"
1467695870112591,"SK_WLAN","00:27:1c:08:41:16",-89,0,"TV"
1467695880040441,"pplt325","00:26:66:d0:c4:dc",-65,0,"TV"
1467695880040441,"U+Net40B1","00:27:1c:ea:40:af",-61,0,"TV"
1467695880040441,"myLGNet","00:01:36:2d:ea:4c",-75,0,"TV"
1467695880040441,"SK_WLAN","00:27:1c:08:41:16",-91,0,"TV"
1467695890083822,"pplt325","00:26:66:d0:c4:dc",-61,0,"TV"
1467695890083822,"U+Net40B1","00:27:1c:ea:40:af",-63,0,"TV"
1467695890083822,"myLGNet","00:01:36:2d:ea:4c",-80,0,"TV"
1467695890083822,"SK_WLAN","00:27:1c:08:41:16",-93,0,"TV"
1467695900056665,"pplt325","00:26:66:d0:c4:dc",-59,0,"TV"
1467695900056665,"U+Net40B1","00:27:1c:ea:40:af",-63,0,"TV"
1467695900056665,"myLGNet","00:01:36:2d:ea:4c",-80,0,"TV"
1467695900056665,"SK_WLAN","00:27:1c:08:41:16",-93,0,"TV"
1467695910050615,"pplt325","00:26:66:d0:c4:dc",-59,0,"TV"
1467695910050615,"myLGNet","00:01:36:2d:ea:4c",-76,0,"TV"
1467695910050615,"U+Net40B1","00:27:1c:ea:40:af",-76,0,"TV"
1467695910050615,"SK_WLAN","00:27:1c:08:41:16",-84,0,"TV"
1467695920109915,"pplt325","00:26:66:d0:c4:dc",-61,0,"TV"
1467695920109915,"U+Net40B1","00:27:1c:ea:40:af",-63,0,"TV"
1467695920109915,"myLGNet","00:01:36:2d:ea:4c",-76,0,"TV"
1467695920109915,"SK_WLAN","00:27:1c:08:41:16",-95,0,"TV"
1467695920109915,"SK_WiFiD942","00:23:aa:3d:d9:41",-96,0,"TV"
1467695930143860,"pplt325","00:26:66:d0:c4:dc",-58,0,"TV"
1467695930143860,"U+Net40B1","00:27:1c:ea:40:af",-73,0,"TV"
1467695930143860,"myLGNet","00:01:36:2d:ea:4c",-73,0,"TV"
1467695930143860,"SK_WLAN","00:27:1c:08:41:16",-96,0,"TV"
1467695930143860,"SK_WiFiD942","00:23:aa:3d:d9:41",-96,0,"TV"
1467695940221908,"pplt325","00:26:66:d0:c4:dc",-62,0,"TV"
1467695940221908,"U+Net40B1","00:27:1c:ea:40:af",-73,0,"TV"
1467695940221908,"myLGNet","00:01:36:2d:ea:4c",-74,0,"TV"
1467695940221908,"SK_WLAN","00:27:1c:08:41:16",-87,0,"TV"
1467695940221908,"SK_WiFi4C25","00:30:0d:62:4c:24",-96,0,"TV"
1467695940221908,"SK_WiFiD942","00:23:aa:3d:d9:41",-98,0,"TV"
1467695950165246,"pplt325","00:26:66:d0:c4:dc",-58,0,"TV"
1467695950165246,"myLGNet","00:01:36:2d:ea:4c",-73,0,"TV"
1467695950165246,"SK_WLAN","00:27:1c:08:41:16",-87,0,"TV"
1467695950165246,"SK_WiFi4C25","00:30:0d:62:4c:24",-92,0,"TV"
1467695950165246,"SK_WiFiD942","00:23:aa:3d:d9:41",-95,0,"TV"
1467695960264362,"pplt325","00:26:66:d0:c4:dc",-64,0,"TV"
1467695960264362,"U+Net40B1","00:27:1c:ea:40:af",-62,0,"TV"
1467695960264362,"myLGNet","00:01:36:2d:ea:4c",-75,0,"TV"
1467695960264362,"SK_WiFi4C25","00:30:0d:62:4c:24",-94,0,"TV"
1467695960264362,"SK_WiFiD942","00:23:aa:3d:d9:41",-95,0,"TV"
1467695970264011,"pplt325","00:26:66:d0:c4:dc",-61,0,"TV"
1467695970264011,"U+Net40B1","00:27:1c:ea:40:af",-71,0,"TV"
1467695970264011,"myLGNet","00:01:36:2d:ea:4c",-74,0,"TV"
1467695970264011,"SK_WLAN","00:27:1c:08:41:16",-81,0,"TV"
1467695970264011,"SK_WiFiD942","00:23:aa:3d:d9:41",-93,0,"TV"
1467695970264011,"SK_WiFi4C25","00:30:0d:62:4c:24",-95,0,"TV"
1467695980205150,"pplt325","00:26:66:d0:c4:dc",-60,0,"TV"
1467695980205150,"U+Net40B1","00:27:1c:ea:40:af",-71,0,"TV"
1467695980205150,"myLGNet","00:01:36:2d:ea:4c",-77,0,"TV"
1467695980205150,"SK_WLAN","00:27:1c:08:41:16",-86,0,"TV"
1467695980205150,"SK_WiFiD942","00:23:aa:3d:d9:41",-89,0,"TV"
1467695980205150,"SK_WiFi4C25","00:30:0d:62:4c:24",-94,0,"TV"
1467695990129792,"pplt325","00:26:66:d0:c4:dc",-59,0,"TV"
1467695990129792,"U+Net40B1","00:27:1c:ea:40:af",-72,0,"TV"
1467695990129792,"myLGNet","00:01:36:2d:ea:4c",-75,0,"TV"
1467695990129792,"SK_WLAN","00:27:1c:08:41:16",-88,0,"TV"
1467695990129792,"SK_WiFiD942","00:23:aa:3d:d9:41",-89,0,"TV"
1467695990129792,"SK_WiFi4C25","00:30:0d:62:4c:24",-92,0,"TV"
1467696000118377,"pplt325","00:26:66:d0:c4:dc",-63,0,"TV"
1467696000118377,"U+Net40B1","00:27:1c:ea:40:af",-69,0,"TV"
1467696000118377,"myLGNet","00:01:36:2d:ea:4c",-77,0,"TV"
1467696000118377,"SK_WiFiD942","00:23:aa:3d:d9:41",-89,0,"TV"
1467696000118377,"SK_WLAN","00:27:1c:08:41:16",-90,0,"TV"
1467696000118377,"SK_WiFi4C25","00:30:0d:62:4c:24",-95,0,"TV"
1467696010141282,"pplt325","00:26:66:d0:c4:dc",-59,0,"TV"
1467696010141282,"U+Net40B1","00:27:1c:ea:40:af",-71,0,"TV"
1467696010141282,"myLGNet","00:01:36:2d:ea:4c",-77,0,"TV"
1467696010141282,"SK_WLAN","00:27:1c:08:41:16",-84,0,"TV"
1467696010141282,"SK_WiFiD942","00:23:aa:3d:d9:41",-89,0,"TV"
1467696010141282,"SK_WiFi4C25","00:30:0d:62:4c:24",-92,0,"TV"
1467696020134581,"pplt325","00:26:66:d0:c4:dc",-64,0,"TV"
1467696020134581,"U+Net40B1","00:27:1c:ea:40:af",-74,0,"TV"
1467696020134581,"myLGNet","00:01:36:2d:ea:4c",-76,0,"TV"
1467696020134581,"SK_WLAN","00:27:1c:08:41:16",-84,0,"TV"
1467696020134581,"SK_WiFi4C25","00:30:0d:62:4c:24",-92,0,"TV"
1467696046591682,"pplt325","00:26:66:d0:c4:dc",-60,0,"TV"
1467696046591682,"U+Net40B1","00:27:1c:ea:40:af",-62,0,"TV"
1467696046591682,"myLGNet","00:01:36:2d:ea:4c",-85,0,"TV"
1467696046591682,"SK_WLAN","00:27:1c:08:41:16",-90,0,"TV"
1467696046591682,"SK_WiFiD942","00:23:aa:3d:d9:41",-91,0,"TV"
1467696056431522,"pplt325","00:26:66:d0:c4:dc",-57,0,"TV"
1467696056431522,"U+Net40B1","00:27:1c:ea:40:af",-62,0,"TV"
1467696056431522,"myLGNet","00:01:36:2d:ea:4c",-85,0,"TV"
1467696056431522,"SK_WLAN","00:27:1c:08:41:16",-90,0,"TV"
1467696056431522,"SK_WiFi4C25","00:30:0d:62:4c:24",-90,0,"TV"
1467696056431522,"SK_WiFiD942","00:23:aa:3d:d9:41",-91,0,"TV"
1467696066521750,"pplt325","00:26:66:d0:c4:dc",-60,0,"TV"
1467696066521750,"U+Net40B1","00:27:1c:ea:40:af",-58,0,"TV"
1467696066521750,"SK_WLAN","00:27:1c:08:41:16",-81,0,"TV"
1467696066521750,"myLGNet","00:01:36:2d:ea:4c",-84,0,"TV"
1467696066521750,"SK_WiFi4C25","00:30:0d:62:4c:24",-90,0,"TV"
1467696066521750,"myLGNet9066","00:40:5a:db:5e:c9",-98,0,"TV"
1467696076427684,"pplt325","00:26:66:d0:c4:dc",-58,0,"TV"
1467696076427684,"U+Net40B1","00:27:1c:ea:40:af",-58,0,"TV"
1467696076427684,"myLGNet","00:01:36:2d:ea:4c",-79,0,"TV"
1467696076427684,"SK_WLAN","00:27:1c:08:41:16",-83,0,"TV"
1467696076427684,"SK_WiFi4C25","00:30:0d:62:4c:24",-91,0,"TV"
1467696076427684,"myLGNet9066","00:40:5a:db:5e:c9",-98,0,"TV"
1467696086351128,"pplt325","00:26:66:d0:c4:dc",-59,0,"TV"
1467696086351128,"U+Net40B1","00:27:1c:ea:40:af",-60,0,"TV"
1467696086351128,"myLGNet","00:01:36:2d:ea:4c",-80,0,"TV"
1467696086351128,"SK_WLAN","00:27:1c:08:41:16",-83,0,"TV"
1467696086351128,"SK_WiFi4C25","00:30:0d:62:4c:24",-90,0,"TV"
1467696096462632,"pplt325","00:26:66:d0:c4:dc",-57,0,"TV"
1467696096462632,"U+Net40B1","00:27:1c:ea:40:af",-58,0,"TV"
1467696096462632,"myLGNet","00:01:36:2d:ea:4c",-82,0,"TV"
1467696096462632,"SK_WLAN","00:27:1c:08:41:16",-82,0,"TV"
1467696096462632,"SK_WiFi4C25","00:30:0d:62:4c:24",-91,0,"TV"
1467696096462632,"SK_WiFiD942","00:23:aa:3d:d9:41",-92,0,"TV"
1467696106428186,"pplt325","00:26:66:d0:c4:dc",-59,0,"TV"
1467696106428186,"U+Net40B1","00:27:1c:ea:40:af",-61,0,"TV"
1467696106428186,"SK_WLAN","00:27:1c:08:41:16",-82,0,"TV"
1467696106428186,"myLGNet","00:01:36:2d:ea:4c",-87,0,"TV"
1467696106428186,"SK_WiFiD942","00:23:aa:3d:d9:41",-91,0,"TV"
1467696106428186,"SK_WiFi4C25","00:30:0d:62:4c:24",-92,0,"TV"
1467696116418429,"pplt325","00:26:66:d0:c4:dc",-57,0,"TV"
1467696116418429,"U+Net40B1","00:27:1c:ea:40:af",-56,0,"TV"
1467696116418429,"myLGNet","00:01:36:2d:ea:4c",-82,0,"TV"
1467696116418429,"SK_WLAN","00:27:1c:08:41:16",-83,0,"TV"
1467696116418429,"SK_WiFiD942","00:23:aa:3d:d9:41",-91,0,"TV"
1467696116418429,"SK_WiFi4C25","00:30:0d:62:4c:24",-91,0,"TV"
1467696126439142,"pplt325","00:26:66:d0:c4:dc",-53,0,"TV"
1467696126439142,"U+Net40B1","00:27:1c:ea:40:af",-56,0,"TV"
1467696126439142,"myLGNet","00:01:36:2d:ea:4c",-75,0,"TV"
1467696126439142,"SK_WLAN","00:27:1c:08:41:16",-80,0,"TV"
1467696126439142,"SK_WiFi4C25","00:30:0d:62:4c:24",-90,0,"TV"
1467696136295447,"pplt325","00:26:66:d0:c4:dc",-56,0,"TV"
1467696136295447,"U+Net40B1","00:27:1c:ea:40:af",-67,0,"TV"
1467696136295447,"myLGNet","00:01:36:2d:ea:4c",-75,0,"TV"
1467696136295447,"SK_WLAN","00:27:1c:08:41:16",-80,0,"TV"
1467696136295447,"SK_WiFi4C25","00:30:0d:62:4c:24",-90,0,"TV"
1467696146345969,"pplt325","00:26:66:d0:c4:dc",-55,0,"TV"
1467696146345969,"U+Net40B1","00:27:1c:ea:40:af",-67,0,"TV"
1467696146345969,"myLGNet","00:01:36:2d:ea:4c",-75,0,"TV"
1467696146345969,"SK_WLAN","00:27:1c:08:41:16",-80,0,"TV"
1467696146345969,"SK_WiFi4C25","00:30:0d:62:4c:24",-90,0,"TV"
1467696146345969,"SK_WiFiD942","00:23:aa:3d:d9:41",-93,0,"TV"
1467696156544628,"pplt325","00:26:66:d0:c4:dc",-55,0,"TV"
1467696156544628,"U+Net40B1","00:27:1c:ea:40:af",-56,0,"TV"
1467696156544628,"myLGNet","00:01:36:2d:ea:4c",-77,0,"TV"
1467696156544628,"SK_WLAN","00:27:1c:08:41:16",-81,0,"TV"
1467696156544628,"SK_WiFi4C25","00:30:0d:62:4c:24",-88,0,"TV"
1467696156544628,"SK_WiFiD942","00:23:aa:3d:d9:41",-94,0,"TV"
1467696166394908,"pplt325","00:26:66:d0:c4:dc",-57,0,"TV"
1467696166394908,"U+Net40B1","00:27:1c:ea:40:af",-56,0,"TV"
1467696166394908,"myLGNet","00:01:36:2d:ea:4c",-77,0,"TV"
1467696166394908,"SK_WLAN","00:27:1c:08:41:16",-81,0,"TV"
1467696166394908,"SK_WiFi4C25","00:30:0d:62:4c:24",-88,0,"TV"
1467696166394908,"SK_WiFiD942","00:23:aa:3d:d9:41",-94,0,"TV"
1467696176445599,"pplt325","00:26:66:d0:c4:dc",-60,0,"TV"
1467696176445599,"U+Net40B1","00:27:1c:ea:40:af",-56,0,"TV"
1467696176445599,"myLGNet","00:01:36:2d:ea:4c",-75,0,"TV"
1467696176445599,"SK_WLAN","00:27:1c:08:41:16",-81,0,"TV"
1467696176445599,"SK_WiFi4C25","00:30:0d:62:4c:24",-88,0,"TV"
1467696186496879,"pplt325","00:26:66:d0:c4:dc",-54,0,"TV"
1467696186496879,"U+Net40B1","00:27:1c:ea:40:af",-57,0,"TV"
1467696186496879,"myLGNet","00:01:36:2d:ea:4c",-75,0,"TV"
1467696186496879,"SK_WLAN","00:27:1c:08:41:16",-83,0,"TV"
1467696186496879,"SK_WiFi4C25","00:30:0d:62:4c:24",-87,0,"TV"
1467696186496879,"SK_WiFiD942","00:23:aa:3d:d9:41",-92,0,"TV"
1467696196548213,"pplt325","00:26:66:d0:c4:dc",-56,0,"TV"
1467696196548213,"U+Net40B1","00:27:1c:ea:40:af",-55,0,"TV"
1467696196548213,"myLGNet","00:01:36:2d:ea:4c",-78,0,"TV"
1467696196548213,"SK_WLAN","00:27:1c:08:41:16",-83,0,"TV"
1467696196548213,"SK_WiFi4C25","00:30:0d:62:4c:24",-90,0,"TV"
1467696196548213,"SK_WiFiD942","00:23:aa:3d:d9:41",-92,0,"TV"
1467696206420741,"pplt325","00:26:66:d0:c4:dc",-54,0,"TV"
1467696206420741,"U+Net40B1","00:27:1c:ea:40:af",-73,0,"TV"
1467696206420741,"myLGNet","00:01:36:2d:ea:4c",-77,0,"TV"
1467696206420741,"SK_WLAN","00:27:1c:08:41:16",-84,0,"TV"
1467696206420741,"SK_WiFi4C25","00:30:0d:62:4c:24",-94,0,"TV"
1467696206420741,"SK_WiFiD942","00:23:aa:3d:d9:41",-95,0,"TV"
1467696216322395,"pplt325","00:26:66:d0:c4:dc",-56,0,"TV"
1467696216322395,"U+Net40B1","00:27:1c:ea:40:af",-73,0,"TV"
1467696216322395,"myLGNet","00:01:36:2d:ea:4c",-77,0,"TV"
1467696216322395,"SK_WLAN","00:27:1c:08:41:16",-84,0,"TV"
1467696216322395,"SK_WiFi4C25","00:30:0d:62:4c:24",-94,0,"TV"
1467696216322395,"SK_WiFiD942","00:23:aa:3d:d9:41",-95,0,"TV"
1467696226408417,"pplt325","00:26:66:d0:c4:dc",-58,0,"TV"
1467696226408417,"U+Net40B1","00:27:1c:ea:40:af",-59,0,"TV"
1467696226408417,"myLGNet","00:01:36:2d:ea:4c",-80,0,"TV"
1467696226408417,"SK_WLAN","00:27:1c:08:41:16",-81,0,"TV"
1467696226408417,"SK_WiFi4C25","00:30:0d:62:4c:24",-93,0,"TV"
1467696226408417,"SK_WiFiD942","00:23:aa:3d:d9:41",-94,0,"TV"
1467696236438434,"pplt325","00:26:66:d0:c4:dc",-56,0,"TV"
1467696236438434,"U+Net40B1","00:27:1c:ea:40:af",-59,0,"TV"
1467696236438434,"myLGNet","00:01:36:2d:ea:4c",-80,0,"TV"
1467696236438434,"SK_WLAN","00:27:1c:08:41:16",-81,0,"TV"
1467696236438434,"SK_WiFi4C25","00:30:0d:62:4c:24",-93,0,"TV"
1467696236438434,"SK_WiFiD942","00:23:aa:3d:d9:41",-94,0,"TV"
1467696246473750,"pplt325","00:26:66:d0:c4:dc",-59,0,"TV"
1467696246473750,"U+Net40B1","00:27:1c:ea:40:af",-57,0,"TV"
1467696246473750,"myLGNet","00:01:36:2d:ea:4c",-78,0,"TV"
1467696246473750,"SK_WLAN","00:27:1c:08:41:16",-80,0,"TV"
1467696246473750,"SK_WiFi4C25","00:30:0d:62:4c:24",-91,0,"TV"
1467696270688754,"pplt325","00:26:66:d0:c4:dc",-35,0,"TV"
1467696270688754,"U+Net40B1","00:27:1c:ea:40:af",-62,0,"TV"
1467696270688754,"SK_WLAN","00:27:1c:08:41:16",-68,0,"TV"
1467696270688754,"myLGNet","00:01:36:2d:ea:4c",-73,0,"TV"
1467696270688754,"SK_WiFi4C25","00:30:0d:62:4c:24",-91,0,"TV"
1467696280778940,"pplt325","00:26:66:d0:c4:dc",-35,0,"TV"
1467696280778940,"U+Net40B1","00:27:1c:ea:40:af",-56,0,"TV"
1467696280778940,"SK_WLAN","00:27:1c:08:41:16",-68,0,"TV"
1467696280778940,"myLGNet","00:01:36:2d:ea:4c",-73,0,"TV"
1467696280778940,"SK_WiFiD942","00:23:aa:3d:d9:41",-88,0,"TV"
1467696290685799,"pplt325","00:26:66:d0:c4:dc",-34,0,"TV"
1467696290685799,"U+Net40B1","00:27:1c:ea:40:af",-53,0,"TV"
1467696290685799,"SK_WLAN","00:27:1c:08:41:16",-71,0,"TV"
1467696290685799,"myLGNet","00:01:36:2d:ea:4c",-75,0,"TV"
1467696290685799,"SK_WiFiD942","00:23:aa:3d:d9:41",-88,0,"TV"
1467696300558752,"pplt325","00:26:66:d0:c4:dc",-35,0,"TV"
1467696300558752,"U+Net40B1","00:27:1c:ea:40:af",-55,0,"TV"
1467696300558752,"myLGNet","00:01:36:2d:ea:4c",-72,0,"TV"
1467696300558752,"SK_WLAN","00:27:1c:08:41:16",-73,0,"TV"
1467696310540913,"pplt325","00:26:66:d0:c4:dc",-34,0,"TV"
1467696310540913,"U+Net40B1","00:27:1c:ea:40:af",-55,0,"TV"
1467696310540913,"myLGNet","00:01:36:2d:ea:4c",-72,0,"TV"
1467696310540913,"SK_WLAN","00:27:1c:08:41:16",-73,0,"TV"
1467696320597806,"pplt325","00:26:66:d0:c4:dc",-34,0,"TV"
1467696320597806,"SK_WLAN","00:27:1c:08:41:16",-70,0,"TV"
1467696320597806,"U+Net40B1","00:27:1c:ea:40:af",-71,0,"TV"
1467696320597806,"myLGNet","00:01:36:2d:ea:4c",-78,0,"TV"
1467696320597806,"SK_WiFiD942","00:23:aa:3d:d9:41",-87,0,"TV"
1467696320597806,"iptime","00:08:9f:16:28:42",-97,0,"TV"
1467696330495859,"pplt325","00:26:66:d0:c4:dc",-35,0,"TV"
1467696330495859,"SK_WLAN","00:27:1c:08:41:16",-70,0,"TV"
1467696330495859,"U+Net40B1","00:27:1c:ea:40:af",-71,0,"TV"
1467696330495859,"myLGNet","00:01:36:2d:ea:4c",-78,0,"TV"
1467696330495859,"SK_WiFiD942","00:23:aa:3d:d9:41",-87,0,"TV"
1467696330495859,"iptime","00:08:9f:16:28:42",-97,0,"TV"
1467696340477931,"pplt325","00:26:66:d0:c4:dc",-37,0,"TV"
1467696340477931,"U+Net40B1","00:27:1c:ea:40:af",-53,0,"TV"
1467696340477931,"SK_WLAN","00:27:1c:08:41:16",-71,0,"TV"
1467696340477931,"myLGNet","00:01:36:2d:ea:4c",-75,0,"TV"
1467696340477931,"SK_WiFiD942","00:23:aa:3d:d9:41",-89,0,"TV"
1467696340477931,"iptime","00:08:9f:16:28:42",-95,0,"TV"
1467696350416920,"pplt325","00:26:66:d0:c4:dc",-34,0,"TV"
1467696350416920,"U+Net40B1","00:27:1c:ea:40:af",-56,0,"TV"
1467696350416920,"SK_WLAN","00:27:1c:08:41:16",-68,0,"TV"
1467696350416920,"myLGNet","00:01:36:2d:ea:4c",-82,0,"TV"
1467696350416920,"SK_WiFiD942","00:23:aa:3d:d9:41",-89,0,"TV"
1467696360529810,"pplt325","00:26:66:d0:c4:dc",-37,0,"TV"
1467696360529810,"U+Net40B1","00:27:1c:ea:40:af",-56,0,"TV"
1467696360529810,"SK_WLAN","00:27:1c:08:41:16",-68,0,"TV"
1467696360529810,"myLGNet","00:01:36:2d:ea:4c",-82,0,"TV"
1467696360529810,"SK_WiFiD942","00:23:aa:3d:d9:41",-89,0,"TV"
1467696360529810,"myLGNet9066","00:40:5a:db:5e:c9",-95,0,"TV"
1467696370559470,"pplt325","00:26:66:d0:c4:dc",-35,0,"TV"
1467696370559470,"U+Net40B1","00:27:1c:ea:40:af",-56,0,"TV"
1467696370559470,"SK_WLAN","00:27:1c:08:41:16",-68,0,"TV"
1467696370559470,"myLGNet","00:01:36:2d:ea:4c",-76,0,"TV"
1467696370559470,"SK_WiFiD942","00:23:aa:3d:d9:41",-83,0,"TV"
1467696370559470,"iptime","00:08:9f:16:28:42",-92,0,"TV"
1467696370559470,"myLGNet9066","00:40:5a:db:5e:c9",-95,0,"TV"
1467696380513402,"pplt325","00:26:66:d0:c4:dc",-38,0,"TV"
1467696380513402,"U+Net40B1","00:27:1c:ea:40:af",-54,0,"TV"
1467696380513402,"SK_WLAN","00:27:1c:08:41:16",-67,0,"TV"
1467696380513402,"myLGNet","00:01:36:2d:ea:4c",-75,0,"TV"
1467696380513402,"SK_WiFiD942","00:23:aa:3d:d9:41",-83,0,"TV"
1467696380513402,"iptime","00:08:9f:16:28:42",-92,0,"TV"
1467696390511909,"pplt325","00:26:66:d0:c4:dc",-35,0,"TV"
1467696390511909,"U+Net40B1","00:27:1c:ea:40:af",-55,0,"TV"
1467696390511909,"SK_WLAN","00:27:1c:08:41:16",-74,0,"TV"
1467696390511909,"myLGNet","00:01:36:2d:ea:4c",-86,0,"TV"
1467696390511909,"iptime","00:08:9f:16:28:42",-96,0,"TV"
1467696400467536,"pplt325","00:26:66:d0:c4:dc",-35,0,"TV"
1467696400467536,"U+Net40B1","00:27:1c:ea:40:af",-56,0,"TV"
1467696400467536,"SK_WLAN","00:27:1c:08:41:16",-67,0,"TV"
1467696400467536,"myLGNet","00:01:36:2d:ea:4c",-75,0,"TV"
1467696400467536,"iptime","00:08:9f:16:28:42",-96,0,"TV"
1467696410508486,"pplt325","00:26:66:d0:c4:dc",-36,0,"TV"
1467696410508486,"U+Net40B1","00:27:1c:ea:40:af",-56,0,"TV"
1467696410508486,"SK_WLAN","00:27:1c:08:41:16",-67,0,"TV"
1467696410508486,"myLGNet","00:01:36:2d:ea:4c",-75,0,"TV"
1467696410508486,"SK_WiFiD942","00:23:aa:3d:d9:41",-87,0,"TV"
1467696410508486,"myLGNet9066","00:40:5a:db:5e:c9",-94,0,"TV"
1467696420630655,"pplt325","00:26:66:d0:c4:dc",-34,0,"TV"
1467696420630655,"U+Net40B1","00:27:1c:ea:40:af",-58,0,"TV"
1467696420630655,"SK_WLAN","00:27:1c:08:41:16",-69,0,"TV"
1467696420630655,"myLGNet","00:01:36:2d:ea:4c",-76,0,"TV"
1467696420630655,"SK_WiFiD942","00:23:aa:3d:d9:41",-88,0,"TV"
1467696420630655,"myLGNet9066","00:40:5a:db:5e:c9",-94,0,"TV"
1467696420630655,"iptime","00:08:9f:16:28:42",-97,0,"TV"
1467696430635778,"pplt325","00:26:66:d0:c4:dc",-32,0,"TV"
1467696430635778,"U+Net40B1","00:27:1c:ea:40:af",-60,0,"TV"
1467696430635778,"SK_WLAN","00:27:1c:08:41:16",-64,0,"TV"
1467696430635778,"myLGNet","00:01:36:2d:ea:4c",-81,0,"TV"
1467696430635778,"SK_WiFiD942","00:23:aa:3d:d9:41",-88,0,"TV"
1467696430635778,"SK_WiFi4C25","00:30:0d:62:4c:24",-92,0,"TV"
1467696430635778,"iptime","00:08:9f:16:28:42",-97,0,"TV"
1467696440602396,"pplt325","00:26:66:d0:c4:dc",-36,0,"TV"
1467696440602396,"U+Net40B1","00:27:1c:ea:40:af",-64,0,"TV"
1467696440602396,"SK_WLAN","00:27:1c:08:41:16",-71,0,"TV"
1467696440602396,"myLGNet","00:01:36:2d:ea:4c",-85,0,"TV"
1467696440602396,"SK_WiFi4C25","00:30:0d:62:4c:24",-92,0,"TV"
1467696440602396,"myLGNet9066","00:40:5a:db:5e:c9",-95,0,"TV"
1467696450574575,"pplt325","00:26:66:d0:c4:dc",-37,0,"TV"
1467696450574575,"U+Net40B1","00:27:1c:ea:40:af",-54,0,"TV"
1467696450574575,"SK_WLAN","00:27:1c:08:41:16",-73,0,"TV"
1467696450574575,"myLGNet","00:01:36:2d:ea:4c",-74,0,"TV"
1467696450574575,"SK_WiFiD942","00:23:aa:3d:d9:41",-89,0,"TV"
1467696450574575,"myLGNet9066","00:40:5a:db:5e:c9",-95,0,"TV"
1467696460461757,"pplt325","00:26:66:d0:c4:dc",-39,0,"TV"
1467696460461757,"U+Net40B1","00:27:1c:ea:40:af",-59,0,"TV"
1467696460461757,"SK_WLAN","00:27:1c:08:41:16",-78,0,"TV"
1467696460461757,"myLGNet","00:01:36:2d:ea:4c",-83,0,"TV"
1467696460461757,"SK_WiFiD942","00:23:aa:3d:d9:41",-91,0,"TV"
1467696460461757,"iptime_skt","90:9f:33:40:a0:9e",-96,0,"TV"
1467696553927530,"pplt325","00:26:66:d0:c4:dc",-47,0,"VC"
1467696553927530,"U+Net40B1","00:27:1c:ea:40:af",-66,0,"VC"
1467696553927530,"myLGNet","00:01:36:2d:ea:4c",-66,0,"VC"
1467696553927530,"SK_WLAN","00:27:1c:08:41:16",-77,0,"VC"
1467696553927530,"SK_WiFiD942","00:23:aa:3d:d9:41",-86,0,"VC"
1467696553927530,"KT_WLAN","0a:0e:dc:5a:b6:c8",-87,0,"VC"
1467696553927530,"myLGNet9066","00:40:5a:db:5e:c9",-90,0,"VC"
1467696553927530,"iptime_skt","90:9f:33:40:a0:9e",-96,0,"VC"
1467696553927530,"olleh_WiFi_5332","00:07:89:2b:53:35",-97,0,"VC"
1467696563768093,"pplt325","00:26:66:d0:c4:dc",-51,0,"VC"
1467696563768093,"U+Net40B1","00:27:1c:ea:40:af",-66,0,"VC"
1467696563768093,"myLGNet","00:01:36:2d:ea:4c",-66,0,"VC"
1467696563768093,"SK_WLAN","00:27:1c:08:41:16",-77,0,"VC"
1467696563768093,"SK_WiFiD942","00:23:aa:3d:d9:41",-86,0,"VC"
1467696563768093,"KT_WLAN","0a:0e:dc:5a:b6:c8",-87,0,"VC"
1467696563768093,"myLGNet9066","00:40:5a:db:5e:c9",-90,0,"VC"
1467696563768093,"olleh_WiFi_5332","00:07:89:2b:53:35",-97,0,"VC"
1467696573818927,"pplt325","00:26:66:d0:c4:dc",-44,0,"VC"
1467696573818927,"SK_WLAN","00:27:1c:08:41:16",-64,0,"VC"
1467696573818927,"myLGNet","00:01:36:2d:ea:4c",-70,0,"VC"
1467696573818927,"U+Net40B1","00:27:1c:ea:40:af",-72,0,"VC"
1467696573818927,"SK_WiFiD942","00:23:aa:3d:d9:41",-83,0,"VC"
1467696573818927,"myLGNet9066","00:40:5a:db:5e:c9",-94,0,"VC"
1467696573818927,"SK_WiFi4C25","00:30:0d:62:4c:24",-95,0,"VC"
1467696583946214,"pplt325","00:26:66:d0:c4:dc",-47,0,"VC"
1467696583946214,"myLGNet","00:01:36:2d:ea:4c",-66,0,"VC"
1467696583946214,"U+Net40B1","00:27:1c:ea:40:af",-66,0,"VC"
1467696583946214,"SK_WLAN","00:27:1c:08:41:16",-80,0,"VC"
1467696583946214,"SK_WiFiD942","00:23:aa:3d:d9:41",-83,0,"VC"
1467696583946214,"SK_WiFi4C25","00:30:0d:62:4c:24",-95,0,"VC"
1467696583946214,"Hacker","64:e5:99:82:5a:21",-95,0,"VC"
1467696593906168,"pplt325","00:26:66:d0:c4:dc",-54,0,"VC"
1467696593906168,"U+Net40B1","00:27:1c:ea:40:af",-62,0,"VC"
1467696593906168,"SK_WLAN","00:27:1c:08:41:16",-63,0,"VC"
1467696593906168,"myLGNet","00:01:36:2d:ea:4c",-67,0,"VC"
1467696593906168,"SK_WiFiD942","00:23:aa:3d:d9:41",-82,0,"VC"
1467696593906168,"Hacker","64:e5:99:82:5a:21",-92,0,"VC"
1467696593906168,"olleh_WiFi_5332","00:07:89:2b:53:35",-93,0,"VC"
1467696593906168,"myLGNet9066","00:40:5a:db:5e:c9",-93,0,"VC"
1467696603773016,"pplt325","00:26:66:d0:c4:dc",-41,0,"VC"
1467696603773016,"myLGNet","00:01:36:2d:ea:4c",-64,0,"VC"
1467696603773016,"SK_WLAN","00:27:1c:08:41:16",-65,0,"VC"
1467696603773016,"U+Net40B1","00:27:1c:ea:40:af",-69,0,"VC"
1467696603773016,"SK_WiFiD942","00:23:aa:3d:d9:41",-86,0,"VC"
1467696603773016,"Hacker","64:e5:99:82:5a:21",-92,0,"VC"
1467696603773016,"olleh_WiFi_5332","00:07:89:2b:53:35",-93,0,"VC"
1467696603773016,"SK_WiFi4C25","00:30:0d:62:4c:24",-93,0,"VC"
1467696603773016,"myLGNet9066","00:40:5a:db:5e:c9",-97,0,"VC"
1467696613805784,"pplt325","00:26:66:d0:c4:dc",-39,0,"VC"
1467696613805784,"myLGNet","00:01:36:2d:ea:4c",-62,0,"VC"
1467696613805784,"U+Net40B1","00:27:1c:ea:40:af",-69,0,"VC"
1467696613805784,"SK_WLAN","00:27:1c:08:41:16",-73,0,"VC"
1467696613805784,"SK_WiFiD942","00:23:aa:3d:d9:41",-81,0,"VC"
1467696613805784,"SK_WiFi4C25","00:30:0d:62:4c:24",-93,0,"VC"
1467696613805784,"U+Net0A3C","08:5d:dd:0b:0a:3a",-95,0,"VC"
1467696613805784,"myLGNet9066","00:40:5a:db:5e:c9",-97,0,"VC"
1467696623872180,"pplt325","00:26:66:d0:c4:dc",-45,0,"VC"
1467696623872180,"myLGNet","00:01:36:2d:ea:4c",-61,0,"VC"
1467696623872180,"SK_WLAN","00:27:1c:08:41:16",-67,0,"VC"
1467696623872180,"U+Net40B1","00:27:1c:ea:40:af",-69,0,"VC"
1467696623872180,"SK_WiFiD942","00:23:aa:3d:d9:41",-81,0,"VC"
1467696623872180,"SK_WiFi4C25","00:30:0d:62:4c:24",-92,0,"VC"
1467696623872180,"U+Net0A3C","08:5d:dd:0b:0a:3a",-95,0,"VC"
1467696633945661,"pplt325","00:26:66:d0:c4:dc",-50,0,"VC"
1467696633945661,"myLGNet","00:01:36:2d:ea:4c",-64,0,"VC"
1467696633945661,"SK_WLAN","00:27:1c:08:41:16",-72,0,"VC"
1467696633945661,"U+Net40B1","00:27:1c:ea:40:af",-76,0,"VC"
1467696633945661,"SK_WiFiD942","00:23:aa:3d:d9:41",-84,0,"VC"
1467696633945661,"SK_WiFi4C25","00:30:0d:62:4c:24",-95,0,"VC"
1467696643922260,"pplt325","00:26:66:d0:c4:dc",-45,0,"VC"
1467696643922260,"U+Net40B1","00:27:1c:ea:40:af",-65,0,"VC"
1467696643922260,"myLGNet","00:01:36:2d:ea:4c",-65,0,"VC"
1467696643922260,"SK_WLAN","00:27:1c:08:41:16",-68,0,"VC"
1467696643922260,"SK_WiFiD942","00:23:aa:3d:d9:41",-78,0,"VC"
1467696643922260,"Hacker","64:e5:99:82:5a:21",-93,0,"VC"
1467696643922260,"SK_WiFi4C25","00:30:0d:62:4c:24",-95,0,"VC"
1467696643922260,"iptime_skt","90:9f:33:40:a0:9e",-97,0,"VC"
1467696653768827,"pplt325","00:26:66:d0:c4:dc",-50,0,"VC"
1467696653768827,"U+Net40B1","00:27:1c:ea:40:af",-65,0,"VC"
1467696653768827,"myLGNet","00:01:36:2d:ea:4c",-65,0,"VC"
1467696653768827,"SK_WLAN","00:27:1c:08:41:16",-68,0,"VC"
1467696653768827,"SK_WiFiD942","00:23:aa:3d:d9:41",-78,0,"VC"
1467696653768827,"Hacker","64:e5:99:82:5a:21",-93,0,"VC"
1467696653768827,"SK_WiFi4C25","00:30:0d:62:4c:24",-95,0,"VC"
1467696653768827,"iptime_skt","90:9f:33:40:a0:9e",-97,0,"VC"
1467696663901152,"pplt325","00:26:66:d0:c4:dc",-46,0,"VC"
1467696663901152,"myLGNet","00:01:36:2d:ea:4c",-63,0,"VC"
1467696663901152,"U+Net40B1","00:27:1c:ea:40:af",-65,0,"VC"
1467696663901152,"SK_WLAN","00:27:1c:08:41:16",-77,0,"VC"
1467696663901152,"SK_WiFiD942","00:23:aa:3d:d9:41",-77,0,"VC"
1467696663901152,"KT_WLAN","0a:0e:dc:5a:b6:c8",-83,0,"VC"
1467696663901152,"myLGNet9066","00:40:5a:db:5e:c9",-91,0,"VC"
1467696673802590,"pplt325","00:26:66:d0:c4:dc",-49,0,"VC"
1467696673802590,"myLGNet","00:01:36:2d:ea:4c",-65,0,"VC"
1467696673802590,"U+Net40B1","00:27:1c:ea:40:af",-70,0,"VC"
1467696673802590,"SK_WLAN","00:27:1c:08:41:16",-70,0,"VC"
1467696673802590,"SK_WiFiD942","00:23:aa:3d:d9:41",-77,0,"VC"
1467696673802590,"KT_WLAN","0a:0e:dc:5a:b6:c8",-83,0,"VC"
1467696673802590,"myLGNet9066","00:40:5a:db:5e:c9",-91,0,"VC"
1467696683786327,"pplt325","00:26:66:d0:c4:dc",-53,0,"VC"
1467696683786327,"myLGNet","00:01:36:2d:ea:4c",-65,0,"VC"
1467696683786327,"U+Net40B1","00:27:1c:ea:40:af",-70,0,"VC"
1467696683786327,"SK_WLAN","00:27:1c:08:41:16",-70,0,"VC"
1467696693796303,"pplt325","00:26:66:d0:c4:dc",-56,0,"VC"
1467696693796303,"U+Net40B1","00:27:1c:ea:40:af",-64,0,"VC"
1467696693796303,"myLGNet","00:01:36:2d:ea:4c",-75,0,"VC"
1467696693796303,"SK_WLAN","00:27:1c:08:41:16",-80,0,"VC"
1467696693796303,"SK_WiFiD942","00:23:aa:3d:d9:41",-88,0,"VC"
1467696693796303,"KT_WLAN","0a:0e:dc:5a:b6:c8",-92,0,"VC"
1467696693796303,"iptime","00:08:9f:16:28:42",-93,0,"VC"
1467696693796303,"iptime","64:e5:99:82:5a:20",-93,0,"VC"
1467696704097962,"pplt325","00:26:66:d0:c4:dc",-58,0,"VC"
1467696704097962,"myLGNet","00:01:36:2d:ea:4c",-75,0,"VC"
1467696704097962,"SK_WLAN","00:27:1c:08:41:16",-76,0,"VC"
1467696704097962,"U+Net40B1","00:27:1c:ea:40:af",-79,0,"VC"
1467696704097962,"SK_WiFiD942","00:23:aa:3d:d9:41",-85,0,"VC"
1467696704097962,"iptime","00:08:9f:16:28:42",-91,0,"VC"
1467696704097962,"KT_WLAN","0a:0e:dc:5a:b6:c8",-92,0,"VC"
1467696704097962,"iptime","64:e5:99:82:5a:20",-93,0,"VC"
1467696713765767,"pplt325","00:26:66:d0:c4:dc",-55,0,"VC"
1467696713765767,"myLGNet","00:01:36:2d:ea:4c",-69,0,"VC"
1467696713765767,"SK_WLAN","00:27:1c:08:41:16",-81,0,"VC"
1467696713765767,"U+Net40B1","00:27:1c:ea:40:af",-81,0,"VC"
1467696713765767,"SK_WiFiD942","00:23:aa:3d:d9:41",-87,0,"VC"
1467696713765767,"iptime","00:08:9f:16:28:42",-91,0,"VC"
1467696713765767,"SK_WiFi4C25","00:30:0d:62:4c:24",-95,0,"VC"
1467696713765767,"Hacker","64:e5:99:82:5a:21",-99,0,"VC"
1467696723847833,"pplt325","00:26:66:d0:c4:dc",-56,0,"VC"
1467696723847833,"myLGNet","00:01:36:2d:ea:4c",-72,0,"VC"
1467696723847833,"SK_WLAN","00:27:1c:08:41:16",-76,0,"VC"
1467696723847833,"U+Net40B1","00:27:1c:ea:40:af",-81,0,"VC"
1467696723847833,"SK_WiFiD942","00:23:aa:3d:d9:41",-86,0,"VC"
1467696723847833,"KT_WLAN","0a:0e:dc:5a:b6:c8",-93,0,"VC"
1467696723847833,"SK_WiFi4C25","00:30:0d:62:4c:24",-95,0,"VC"
1467696723847833,"Hacker","64:e5:99:82:5a:21",-99,0,"VC"
1467696733732949,"pplt325","00:26:66:d0:c4:dc",-55,0,"VC"
1467696733732949,"myLGNet","00:01:36:2d:ea:4c",-72,0,"VC"
1467696733732949,"SK_WLAN","00:27:1c:08:41:16",-76,0,"VC"
1467696733732949,"SK_WiFiD942","00:23:aa:3d:d9:41",-86,0,"VC"
1467696733732949,"KT_WLAN","0a:0e:dc:5a:b6:c8",-93,0,"VC"
1467696743817434,"pplt325","00:26:66:d0:c4:dc",-57,0,"VC"
1467696743817434,"SK_WLAN","00:27:1c:08:41:16",-77,0,"VC"
1467696743817434,"myLGNet","00:01:36:2d:ea:4c",-78,0,"VC"
1467696743817434,"SK_WiFiD942","00:23:aa:3d:d9:41",-86,0,"VC"
1467696753698488,"pplt325","00:26:66:d0:c4:dc",-55,0,"VC"
1467696753698488,"SK_WLAN","00:27:1c:08:41:16",-71,0,"VC"
1467696753698488,"myLGNet","00:01:36:2d:ea:4c",-78,0,"VC"
1467696753698488,"SK_WiFiD942","00:23:aa:3d:d9:41",-89,0,"VC"
1467696753698488,"KT_WLAN","0a:0e:dc:5a:b6:c8",-95,0,"VC"
1467696763806836,"pplt325","00:26:66:d0:c4:dc",-58,0,"VC"
1467696763806836,"U+Net40B1","00:27:1c:ea:40:af",-65,0,"VC"
1467696763806836,"SK_WiFiD942","00:23:aa:3d:d9:41",-82,0,"VC"
1467696763806836,"SK_WLAN","00:27:1c:08:41:16",-83,0,"VC"
1467696763806836,"myLGNet","00:01:36:2d:ea:4c",-83,0,"VC"
1467696763806836,"KT_WLAN","0a:0e:dc:5a:b6:c8",-95,0,"VC"
1467696763806836,"U+Net02F3","00:40:5a:e2:02:f1",-96,0,"VC"
1467696763806836,"Hacker","64:e5:99:82:5a:21",-96,0,"VC"
1467696773899645,"pplt325","00:26:66:d0:c4:dc",-51,0,"VC"
1467696773899645,"U+Net40B1","00:27:1c:ea:40:af",-66,0,"VC"
1467696773899645,"myLGNet","00:01:36:2d:ea:4c",-68,0,"VC"
1467696773899645,"SK_WLAN","00:27:1c:08:41:16",-70,0,"VC"
1467696773899645,"SK_WiFiD942","00:23:aa:3d:d9:41",-82,0,"VC"
1467696773899645,"U+Net02F3","00:40:5a:e2:02:f1",-96,0,"VC"
1467696773899645,"Hacker","64:e5:99:82:5a:21",-96,0,"VC"
1467696783825715,"pplt325","00:26:66:d0:c4:dc",-58,0,"VC"
1467696783825715,"U+Net40B1","00:27:1c:ea:40:af",-68,0,"VC"
1467696783825715,"myLGNet","00:01:36:2d:ea:4c",-68,0,"VC"
1467696783825715,"SK_WLAN","00:27:1c:08:41:16",-75,0,"VC"
1467696783825715,"SK_WiFiD942","00:23:aa:3d:d9:41",-85,0,"VC"
1467696783825715,"HB","00:26:66:78:99:a8",-94,0,"VC"
1467696793776201,"pplt325","00:26:66:d0:c4:dc",-58,0,"VC"
1467696793776201,"U+Net40B1","00:27:1c:ea:40:af",-68,0,"VC"
1467696793776201,"myLGNet","00:01:36:2d:ea:4c",-68,0,"VC"
1467696793776201,"SK_WLAN","00:27:1c:08:41:16",-73,0,"VC"
1467696793776201,"SK_WiFiD942","00:23:aa:3d:d9:41",-92,0,"VC"
1467696793776201,"HB","00:26:66:78:99:a8",-94,0,"VC"
1467696793776201,"iptime_skt","90:9f:33:40:a0:9e",-97,0,"VC"
1467696803748150,"pplt325","00:26:66:d0:c4:dc",-51,0,"VC"
1467696803748150,"U+Net40B1","00:27:1c:ea:40:af",-61,0,"VC"
1467696803748150,"myLGNet","00:01:36:2d:ea:4c",-68,0,"VC"
1467696803748150,"SK_WLAN","00:27:1c:08:41:16",-73,0,"VC"
1467696803748150,"SK_WiFiD942","00:23:aa:3d:d9:41",-92,0,"VC"
1467696803748150,"SK_WiFi4C25","00:30:0d:62:4c:24",-96,0,"VC"
1467696803748150,"iptime_skt","90:9f:33:40:a0:9e",-97,0,"VC"
1467696813771781,"pplt325","00:26:66:d0:c4:dc",-55,0,"VC"
1467696813771781,"U+Net40B1","00:27:1c:ea:40:af",-61,0,"VC"
1467696813771781,"SK_WLAN","00:27:1c:08:41:16",-70,0,"VC"
1467696813771781,"myLGNet","00:01:36:2d:ea:4c",-70,0,"VC"
1467696813771781,"SK_WiFiD942","00:23:aa:3d:d9:41",-81,0,"VC"
1467696813771781,"SK_WiFi4C25","00:30:0d:62:4c:24",-92,0,"VC"
1467696823772398,"pplt325","00:26:66:d0:c4:dc",-54,0,"VC"
1467696823772398,"U+Net40B1","00:27:1c:ea:40:af",-65,0,"VC"
1467696823772398,"myLGNet","00:01:36:2d:ea:4c",-66,0,"VC"
1467696823772398,"SK_WLAN","00:27:1c:08:41:16",-75,0,"VC"
1467696823772398,"SK_WiFiD942","00:23:aa:3d:d9:41",-91,0,"VC"
1467696823772398,"SK_WiFi4C25","00:30:0d:62:4c:24",-92,0,"VC"
1467696823772398,"iptime","00:08:9f:16:28:42",-93,0,"VC"
1467696823772398,"HB","00:26:66:78:99:a8",-95,0,"VC"
1467696833897928,"pplt325","00:26:66:d0:c4:dc",-56,0,"VC"
1467696833897928,"U+Net40B1","00:27:1c:ea:40:af",-66,0,"VC"
1467696833897928,"myLGNet","00:01:36:2d:ea:4c",-74,0,"VC"
1467696833897928,"SK_WLAN","00:27:1c:08:41:16",-80,0,"VC"
1467696833897928,"SK_WiFiD942","00:23:aa:3d:d9:41",-84,0,"VC"
1467696833897928,"KT_WLAN","0a:0e:dc:5a:b6:c8",-92,0,"VC"
1467696833897928,"iptime","00:08:9f:16:28:42",-93,0,"VC"
1467696833897928,"HB","00:26:66:78:99:a8",-95,0,"VC"
1467696833897928,"iptime","64:e5:99:82:5a:20",-95,0,"VC"
1467696833897928,"myLGNet9066","00:40:5a:db:5e:c9",-97,0,"VC"
1467696843853470,"pplt325","00:26:66:d0:c4:dc",-50,0,"VC"
1467696843853470,"U+Net40B1","00:27:1c:ea:40:af",-72,0,"VC"
1467696843853470,"myLGNet","00:01:36:2d:ea:4c",-74,0,"VC"
1467696843853470,"SK_WLAN","00:27:1c:08:41:16",-74,0,"VC"
1467696843853470,"SK_WiFiD942","00:23:aa:3d:d9:41",-85,0,"VC"
1467696843853470,"KT_WLAN","0a:0e:dc:5a:b6:c8",-93,0,"VC"
1467696843853470,"iptime","64:e5:99:82:5a:20",-95,0,"VC"
1467696843853470,"myLGNet9066","00:40:5a:db:5e:c9",-97,0,"VC"
1467697292107810,"pplt325","00:26:66:d0:c4:dc",-72,3,"VC"
1467697292107810,"myLGNet","00:01:36:2d:ea:4c",-66,3,"VC"
1467697292107810,"U+Net40B1","00:27:1c:ea:40:af",-67,3,"VC"
1467697292107810,"SK_WiFiD942","00:23:aa:3d:d9:41",-85,3,"VC"
1467697292107810,"KT_WLAN","0a:0e:dc:5a:b6:c8",-88,3,"VC"
1467697292107810,"SK_WLAN","00:27:1c:08:41:16",-91,3,"VC"
1467697292107810,"SK_WiFi4C25","00:30:0d:62:4c:24",-93,3,"VC"
1467697292107810,"ichigo-2","90:9f:33:6d:8e:b6",-96,3,"VC"
1467697302042974,"pplt325","00:26:66:d0:c4:dc",-78,3,"VC"
1467697302042974,"SK_WLAN","00:27:1c:08:41:16",-91,3,"VC"
1467697302042974,"ichigo-2","90:9f:33:6d:8e:b6",-96,3,"VC"
1467697312196416,"pplt325","00:26:66:d0:c4:dc",-80,3,"VC"
1467697312196416,"myLGNet","00:01:36:2d:ea:4c",-85,3,"VC"
1467697312196416,"SK_WLAN","00:27:1c:08:41:16",-93,3,"VC"
1467697312196416,"U+Net40B1","00:27:1c:ea:40:af",-94,3,"VC"
1467697322152409,"pplt325","00:26:66:d0:c4:dc",-59,3,"VC"
1467697322152409,"myLGNet","00:01:36:2d:ea:4c",-85,3,"VC"
1467697322152409,"SK_WLAN","00:27:1c:08:41:16",-93,3,"VC"
1467697322152409,"U+Net40B1","00:27:1c:ea:40:af",-94,3,"VC"
1467697332134017,"pplt325","00:26:66:d0:c4:dc",-65,3,"VC"
1467697332134017,"SK_WLAN","00:27:1c:08:41:16",-85,3,"VC"
1467697332134017,"myLGNet","00:01:36:2d:ea:4c",-86,3,"VC"
1467697332134017,"U+Net40B1","00:27:1c:ea:40:af",-91,3,"VC"
1467697332134017,"SK_WiFiD942","00:23:aa:3d:d9:41",-95,3,"VC"
1467697332134017,"kms","00:26:66:76:37:9c",-97,3,"VC"
1467697342112568,"pplt325","00:26:66:d0:c4:dc",-76,3,"VC"
1467697342112568,"SK_WLAN","00:27:1c:08:41:16",-85,3,"VC"
1467697342112568,"myLGNet","00:01:36:2d:ea:4c",-86,3,"VC"
1467697342112568,"U+Net40B1","00:27:1c:ea:40:af",-88,3,"VC"
1467697342112568,"SK_WiFiD942","00:23:aa:3d:d9:41",-95,3,"VC"
1467697342112568,"kms","00:26:66:76:37:9c",-97,3,"VC"
1467697352110654,"pplt325","00:26:66:d0:c4:dc",-74,3,"VC"
1467697352110654,"U+Net40B1","00:27:1c:ea:40:af",-88,3,"VC"
1467697352110654,"SK_WLAN","00:27:1c:08:41:16",-90,3,"VC"
1467697352110654,"myLGNet","00:01:36:2d:ea:4c",-90,3,"VC"
1467697352110654,"SK_WiFiD942","00:23:aa:3d:d9:41",-95,3,"VC"
1467697362086715,"pplt325","00:26:66:d0:c4:dc",-74,3,"VC"
1467697362086715,"SK_WLAN","00:27:1c:08:41:16",-90,3,"VC"
1467697362086715,"myLGNet","00:01:36:2d:ea:4c",-90,3,"VC"
1467697362086715,"SK_WiFiD942","00:23:aa:3d:d9:41",-95,3,"VC"
1467697371981746,"pplt325","00:26:66:d0:c4:dc",-67,3,"VC"
1467697371981746,"myLGNet","00:01:36:2d:ea:4c",-88,3,"VC"
1467697371981746,"SK_WLAN","00:27:1c:08:41:16",-90,3,"VC"
1467697371981746,"kms","00:26:66:76:37:9c",-93,3,"VC"
1467697371981746,"U+Net40B1","00:27:1c:ea:40:af",-95,3,"VC"
1467697382072411,"pplt325","00:26:66:d0:c4:dc",-66,3,"VC"
1467697382072411,"U+Net40B1","00:27:1c:ea:40:af",-87,3,"VC"
1467697382072411,"myLGNet","00:01:36:2d:ea:4c",-88,3,"VC"
1467697382072411,"SK_WLAN","00:27:1c:08:41:16",-88,3,"VC"
1467697382072411,"kms","00:26:66:76:37:9c",-93,3,"VC"
1467697392020728,"pplt325","00:26:66:d0:c4:dc",-67,3,"VC"
1467697392020728,"U+Net40B1","00:27:1c:ea:40:af",-87,3,"VC"
1467697392020728,"myLGNet","00:01:36:2d:ea:4c",-88,3,"VC"
1467697392020728,"SK_WLAN","00:27:1c:08:41:16",-88,3,"VC"
1467697402129241,"pplt325","00:26:66:d0:c4:dc",-69,3,"VC"
1467697402129241,"U+Net40B1","00:27:1c:ea:40:af",-90,3,"VC"
1467697402129241,"myLGNet","00:01:36:2d:ea:4c",-90,3,"VC"
1467697402129241,"SK_WLAN","00:27:1c:08:41:16",-92,3,"VC"
1467697402129241,"kms","00:26:66:76:37:9c",-95,3,"VC"
1467697412011736,"pplt325","00:26:66:d0:c4:dc",-69,3,"VC"
1467697412011736,"U+Net40B1","00:27:1c:ea:40:af",-86,3,"VC"
1467697412011736,"myLGNet","00:01:36:2d:ea:4c",-90,3,"VC"
1467697412011736,"SK_WLAN","00:27:1c:08:41:16",-90,3,"VC"
1467697412011736,"kms","00:26:66:76:37:9c",-95,3,"VC"
1467697422039302,"pplt325","00:26:66:d0:c4:dc",-65,3,"VC"
1467697422039302,"U+Net40B1","00:27:1c:ea:40:af",-86,3,"VC"
1467697422039302,"SK_WLAN","00:27:1c:08:41:16",-86,3,"VC"
1467697422039302,"myLGNet","00:01:36:2d:ea:4c",-93,3,"VC"
1467697422039302,"ichigo-2","90:9f:33:6d:8e:b6",-93,3,"VC"
1467697432093171,"pplt325","00:26:66:d0:c4:dc",-64,3,"VC"
1467697432093171,"U+Net40B1","00:27:1c:ea:40:af",-90,3,"VC"
1467697432093171,"kms","00:26:66:76:37:9c",-92,3,"VC"
1467697432093171,"ichigo-2","90:9f:33:6d:8e:b6",-93,3,"VC"
1467697432093171,"SK_WLAN","00:27:1c:08:41:16",-95,3,"VC"
1467697432093171,"myLGNet","00:01:36:2d:ea:4c",-98,3,"VC"
1467697442164783,"pplt325","00:26:66:d0:c4:dc",-67,3,"VC"
1467697442164783,"SK_WLAN","00:27:1c:08:41:16",-87,3,"VC"
1467697442164783,"U+Net40B1","00:27:1c:ea:40:af",-90,3,"VC"
1467697442164783,"kms","00:26:66:76:37:9c",-92,3,"VC"
1467697442164783,"myLGNet","00:01:36:2d:ea:4c",-94,3,"VC"
1467697452021589,"pplt325","00:26:66:d0:c4:dc",-68,3,"VC"
1467697452021589,"SK_WLAN","00:27:1c:08:41:16",-87,3,"VC"
1467697452021589,"myLGNet","00:01:36:2d:ea:4c",-88,3,"VC"
1467697452021589,"kms","00:26:66:76:37:9c",-89,3,"VC"
1467697462037396,"pplt325","00:26:66:d0:c4:dc",-65,3,"VC"
1467697462037396,"SK_WLAN","00:27:1c:08:41:16",-88,3,"VC"
1467697462037396,"myLGNet","00:01:36:2d:ea:4c",-88,3,"VC"
1467697462037396,"kms","00:26:66:76:37:9c",-89,3,"VC"
1467697472100020,"pplt325","00:26:66:d0:c4:dc",-68,3,"VC"
1467697472100020,"U+Net40B1","00:27:1c:ea:40:af",-87,3,"VC"
1467697472100020,"SK_WLAN","00:27:1c:08:41:16",-87,3,"VC"
1467697472100020,"myLGNet","00:01:36:2d:ea:4c",-89,3,"VC"
1467697482132957,"pplt325","00:26:66:d0:c4:dc",-69,3,"VC"
1467697482132957,"U+Net40B1","00:27:1c:ea:40:af",-87,3,"VC"
1467697482132957,"SK_WLAN","00:27:1c:08:41:16",-87,3,"VC"
1467697482132957,"myLGNet","00:01:36:2d:ea:4c",-89,3,"VC"
1467697492256310,"pplt325","00:26:66:d0:c4:dc",-69,3,"VC"
1467697492256310,"U+Net40B1","00:27:1c:ea:40:af",-87,3,"VC"
1467697492256310,"SK_WLAN","00:27:1c:08:41:16",-92,3,"VC"
1467697492256310,"myLGNet","00:01:36:2d:ea:4c",-95,3,"VC"
1467697492256310,"kms","00:26:66:76:37:9c",-96,3,"VC"
1467697502070699,"pplt325","00:26:66:d0:c4:dc",-70,3,"VC"
1467697502070699,"myLGNet","00:01:36:2d:ea:4c",-91,3,"VC"
1467697502070699,"U+Net40B1","00:27:1c:ea:40:af",-92,3,"VC"
1467697502070699,"SK_WLAN","00:27:1c:08:41:16",-92,3,"VC"
1467697502070699,"kms","00:26:66:76:37:9c",-96,3,"VC"
1467697512160790,"pplt325","00:26:66:d0:c4:dc",-66,3,"VC"
1467697512160790,"SK_WLAN","00:27:1c:08:41:16",-87,3,"VC"
1467697512160790,"U+Net40B1","00:27:1c:ea:40:af",-89,3,"VC"
1467697512160790,"myLGNet","00:01:36:2d:ea:4c",-92,3,"VC"
1467697522159764,"pplt325","00:26:66:d0:c4:dc",-73,3,"VC"
1467697522159764,"U+Net40B1","00:27:1c:ea:40:af",-89,3,"VC"
1467697522159764,"myLGNet","00:01:36:2d:ea:4c",-92,3,"VC"
1467697522159764,"SK_WLAN","00:27:1c:08:41:16",-93,3,"VC"
1467697532078594,"pplt325","00:26:66:d0:c4:dc",-76,3,"VC"
1467697532078594,"myLGNet","00:01:36:2d:ea:4c",-92,3,"VC"
1467697532078594,"SK_WLAN","00:27:1c:08:41:16",-93,3,"VC"
1467697532078594,"SK_WiFiD942","00:23:aa:3d:d9:41",-95,3,"VC"
1467697541989572,"pplt325","00:26:66:d0:c4:dc",-67,3,"VC"
1467697541989572,"myLGNet","00:01:36:2d:ea:4c",-89,3,"VC"
1467697541989572,"SK_WLAN","00:27:1c:08:41:16",-93,3,"VC"
1467697541989572,"SK_WiFiD942","00:23:aa:3d:d9:41",-95,3,"VC"
1467697552014693,"pplt325","00:26:66:d0:c4:dc",-68,3,"VC"
1467697552014693,"myLGNet","00:01:36:2d:ea:4c",-87,3,"VC"
1467697552014693,"SK_WLAN","00:27:1c:08:41:16",-89,3,"VC"
1467697552014693,"U+Net40B1","00:27:1c:ea:40:af",-91,3,"VC"
1467697552014693,"kms","00:26:66:76:37:9c",-95,3,"VC"
1467697562091487,"pplt325","00:26:66:d0:c4:dc",-69,3,"VC"
1467697562091487,"SK_WLAN","00:27:1c:08:41:16",-84,3,"VC"
1467697562091487,"myLGNet","00:01:36:2d:ea:4c",-87,3,"VC"
1467697562091487,"U+Net40B1","00:27:1c:ea:40:af",-91,3,"VC"
1467697562091487,"kms","00:26:66:76:37:9c",-95,3,"VC"
1467697572154039,"pplt325","00:26:66:d0:c4:dc",-74,3,"VC"
1467697572154039,"U+Net40B1","00:27:1c:ea:40:af",-84,3,"VC"
1467697572154039,"myLGNet","00:01:36:2d:ea:4c",-91,3,"VC"
1467697572154039,"SK_WLAN","00:27:1c:08:41:16",-93,3,"VC"
1467697572154039,"SK_WiFiD942","00:23:aa:3d:d9:41",-96,3,"VC"
1467697572154039,"ichigo-2","90:9f:33:6d:8e:b6",-99,3,"VC"
1467697582247139,"pplt325","00:26:66:d0:c4:dc",-78,3,"VC"
1467697582247139,"U+Net40B1","00:27:1c:ea:40:af",-85,3,"VC"
1467697582247139,"myLGNet","00:01:36:2d:ea:4c",-91,3,"VC"
1467697582247139,"SK_WLAN","00:27:1c:08:41:16",-93,3,"VC"
1467697582247139,"SK_WiFiD942","00:23:aa:3d:d9:41",-96,3,"VC"
1467697582247139,"ichigo-2","90:9f:33:6d:8e:b6",-99,3,"VC"
1467697592021805,"pplt325","00:26:66:d0:c4:dc",-72,3,"VC"
1467697592021805,"U+Net40B1","00:27:1c:ea:40:af",-85,3,"VC"
1467697592021805,"myLGNet","00:01:36:2d:ea:4c",-91,3,"VC"
1467697592021805,"SK_WLAN","00:27:1c:08:41:16",-93,3,"VC"
1467698767988591,"pplt325","00:26:66:d0:c4:dc",-70,1,"ET"
1467698767988591,"SK_WLAN","00:27:1c:08:41:16",-71,1,"ET"
1467698767988591,"myLGNet","00:01:36:2d:ea:4c",-74,1,"ET"
1467698767988591,"U+Net40B1","00:27:1c:ea:40:af",-82,1,"ET"
1467698767988591,"iptime_skt","90:9f:33:40:a0:9e",-95,1,"ET"
1467698777979817,"pplt325","00:26:66:d0:c4:dc",-75,1,"ET"
1467698777979817,"U+Net40B1","00:27:1c:ea:40:af",-79,1,"ET"
1467698777979817,"kms","00:26:66:76:37:9c",-92,1,"ET"
1467698788236320,"pplt325","00:26:66:d0:c4:dc",-70,1,"ET"
1467698788236320,"U+Net40B1","00:27:1c:ea:40:af",-79,1,"ET"
1467698788236320,"kms","00:26:66:76:37:9c",-89,1,"ET"
1467698788236320,"SK_WLAN","00:27:1c:08:41:16",-98,1,"ET"
1467698798209523,"pplt325","00:26:66:d0:c4:dc",-72,1,"ET"
1467698798209523,"U+Net40B1","00:27:1c:ea:40:af",-75,1,"ET"
1467698798209523,"kms","00:26:66:76:37:9c",-93,1,"ET"
1467698798209523,"SK_WLAN","00:27:1c:08:41:16",-98,1,"ET"
1467698808118678,"pplt325","00:26:66:d0:c4:dc",-74,1,"ET"
1467698808118678,"U+Net40B1","00:27:1c:ea:40:af",-79,1,"ET"
1467698808118678,"myLGNet","00:01:36:2d:ea:4c",-92,1,"ET"
1467698808118678,"kms","00:26:66:76:37:9c",-93,1,"ET"
1467698808118678,"SK_WLAN","00:27:1c:08:41:16",-93,1,"ET"
1467698818111315,"pplt325","00:26:66:d0:c4:dc",-69,1,"ET"
1467698818111315,"U+Net40B1","00:27:1c:ea:40:af",-78,1,"ET"
1467698818111315,"SK_WLAN","00:27:1c:08:41:16",-89,1,"ET"
1467698818111315,"myLGNet","00:01:36:2d:ea:4c",-92,1,"ET"
1467698828047944,"pplt325","00:26:66:d0:c4:dc",-70,1,"ET"
1467698828047944,"U+Net40B1","00:27:1c:ea:40:af",-76,1,"ET"
1467698828047944,"SK_WLAN","00:27:1c:08:41:16",-91,1,"ET"
1467698838050539,"pplt325","00:26:66:d0:c4:dc",-71,1,"ET"
1467698838050539,"U+Net40B1","00:27:1c:ea:40:af",-76,1,"ET"
1467698838050539,"SK_WLAN","00:27:1c:08:41:16",-91,1,"ET"
1467698838050539,"kms","00:26:66:76:37:9c",-94,1,"ET"
1467698848036175,"pplt325","00:26:66:d0:c4:dc",-70,1,"ET"
1467698848036175,"U+Net40B1","00:27:1c:ea:40:af",-82,1,"ET"
1467698848036175,"kms","00:26:66:76:37:9c",-89,1,"ET"
1467698848036175,"SK_WLAN","00:27:1c:08:41:16",-94,1,"ET"
1467698858048657,"pplt325","00:26:66:d0:c4:dc",-72,1,"ET"
1467698858048657,"U+Net40B1","00:27:1c:ea:40:af",-79,1,"ET"
1467698858048657,"kms","00:26:66:76:37:9c",-89,1,"ET"
1467698858048657,"SK_WLAN","00:27:1c:08:41:16",-92,1,"ET"
1467698867992156,"pplt325","00:26:66:d0:c4:dc",-69,1,"ET"
1467698867992156,"U+Net40B1","00:27:1c:ea:40:af",-76,1,"ET"
1467698867992156,"SK_WLAN","00:27:1c:08:41:16",-95,1,"ET"
1467698878045875,"pplt325","00:26:66:d0:c4:dc",-71,1,"ET"
1467698878045875,"U+Net40B1","00:27:1c:ea:40:af",-81,1,"ET"
1467698878045875,"SK_WLAN","00:27:1c:08:41:16",-91,1,"ET"
1467698878045875,"kms","00:26:66:76:37:9c",-94,1,"ET"
1467698878045875,"myLGNet","00:01:36:2d:ea:4c",-97,1,"ET"
1467698887982404,"pplt325","00:26:66:d0:c4:dc",-69,1,"ET"
1467698887982404,"U+Net40B1","00:27:1c:ea:40:af",-77,1,"ET"
1467698887982404,"SK_WLAN","00:27:1c:08:41:16",-92,1,"ET"
1467698887982404,"myLGNet","00:01:36:2d:ea:4c",-92,1,"ET"
1467698887982404,"kms","00:26:66:76:37:9c",-94,1,"ET"
1467698897955251,"pplt325","00:26:66:d0:c4:dc",-69,1,"ET"
1467698897955251,"U+Net40B1","00:27:1c:ea:40:af",-77,1,"ET"
1467698897955251,"SK_WLAN","00:27:1c:08:41:16",-92,1,"ET"
1467698897955251,"myLGNet","00:01:36:2d:ea:4c",-92,1,"ET"
1467698907995106,"pplt325","00:26:66:d0:c4:dc",-67,1,"ET"
1467698907995106,"U+Net40B1","00:27:1c:ea:40:af",-80,1,"ET"
1467698907995106,"myLGNet","00:01:36:2d:ea:4c",-91,1,"ET"
1467698907995106,"SK_WLAN","00:27:1c:08:41:16",-92,1,"ET"
1467698907995106,"kms","00:26:66:76:37:9c",-92,1,"ET"
1467698918163335,"pplt325","00:26:66:d0:c4:dc",-67,1,"ET"
1467698918163335,"U+Net40B1","00:27:1c:ea:40:af",-79,1,"ET"
1467698918163335,"kms","00:26:66:76:37:9c",-92,1,"ET"
1467698927833700,"pplt325","00:26:66:d0:c4:dc",-69,1,"ET"
1467698927833700,"U+Net40B1","00:27:1c:ea:40:af",-79,1,"ET"
1467698927833700,"SK_WLAN","00:27:1c:08:41:16",-90,1,"ET"
1467698938109626,"pplt325","00:26:66:d0:c4:dc",-70,1,"ET"
1467698938109626,"U+Net40B1","00:27:1c:ea:40:af",-81,1,"ET"
1467698938109626,"SK_WLAN","00:27:1c:08:41:16",-90,1,"ET"
1467698938109626,"kms","00:26:66:76:37:9c",-92,1,"ET"
1467698948152618,"pplt325","00:26:66:d0:c4:dc",-70,1,"ET"
1467698948152618,"U+Net40B1","00:27:1c:ea:40:af",-75,1,"ET"
1467698948152618,"kms","00:26:66:76:37:9c",-91,1,"ET"
1467698948152618,"SK_WLAN","00:27:1c:08:41:16",-93,1,"ET"
1467698958093123,"pplt325","00:26:66:d0:c4:dc",-72,1,"ET"
1467698958093123,"U+Net40B1","00:27:1c:ea:40:af",-78,1,"ET"
1467698958093123,"kms","00:26:66:76:37:9c",-91,1,"ET"
1467698958093123,"SK_WLAN","00:27:1c:08:41:16",-93,1,"ET"
1467698968111548,"pplt325","00:26:66:d0:c4:dc",-71,1,"ET"
1467698968111548,"U+Net40B1","00:27:1c:ea:40:af",-78,1,"ET"
1467698968111548,"SK_WLAN","00:27:1c:08:41:16",-92,1,"ET"
1467698968111548,"kms","00:26:66:76:37:9c",-93,1,"ET"
1467698977992468,"pplt325","00:26:66:d0:c4:dc",-68,1,"ET"
1467698977992468,"U+Net40B1","00:27:1c:ea:40:af",-78,1,"ET"
1467698977992468,"SK_WLAN","00:27:1c:08:41:16",-92,1,"ET"
1467698977992468,"kms","00:26:66:76:37:9c",-93,1,"ET"
1467698987960152,"pplt325","00:26:66:d0:c4:dc",-70,1,"ET"
1467698987960152,"U+Net40B1","00:27:1c:ea:40:af",-78,1,"ET"
1467698987960152,"SK_WLAN","00:27:1c:08:41:16",-90,1,"ET"
1467698987960152,"kms","00:26:66:76:37:9c",-94,1,"ET"
1467698998038940,"pplt325","00:26:66:d0:c4:dc",-66,1,"ET"
1467698998038940,"U+Net40B1","00:27:1c:ea:40:af",-82,1,"ET"
1467698998038940,"SK_WLAN","00:27:1c:08:41:16",-87,1,"ET"
1467698998038940,"kms","00:26:66:76:37:9c",-94,1,"ET"
1467699008004977,"pplt325","00:26:66:d0:c4:dc",-68,1,"ET"
1467699008004977,"U+Net40B1","00:27:1c:ea:40:af",-76,1,"ET"
1467699008004977,"SK_WLAN","00:27:1c:08:41:16",-87,1,"ET"
1467699017966166,"pplt325","00:26:66:d0:c4:dc",-68,1,"ET"
1467699017966166,"U+Net40B1","00:27:1c:ea:40:af",-76,1,"ET"
1467699017966166,"SK_WLAN","00:27:1c:08:41:16",-91,1,"ET"
1467699028080274,"pplt325","00:26:66:d0:c4:dc",-75,1,"ET"
1467699028080274,"U+Net40B1","00:27:1c:ea:40:af",-84,1,"ET"
1467699028080274,"SK_WLAN","00:27:1c:08:41:16",-91,1,"ET"
1467699038028023,"pplt325","00:26:66:d0:c4:dc",-72,1,"ET"
1467699038028023,"U+Net40B1","00:27:1c:ea:40:af",-80,1,"ET"
1467699038028023,"SK_WLAN","00:27:1c:08:41:16",-88,1,"ET"
1467699038028023,"kms","00:26:66:76:37:9c",-95,1,"ET"
1467699048029802,"pplt325","00:26:66:d0:c4:dc",-73,1,"ET"
1467699048029802,"U+Net40B1","00:27:1c:ea:40:af",-77,1,"ET"
1467699048029802,"SK_WLAN","00:27:1c:08:41:16",-92,1,"ET"
1467699048029802,"kms","00:26:66:76:37:9c",-94,1,"ET"
1467699058169620,"pplt325","00:26:66:d0:c4:dc",-72,1,"ET"
1467699058169620,"U+Net40B1","00:27:1c:ea:40:af",-77,1,"ET"
1467699058169620,"SK_WLAN","00:27:1c:08:41:16",-92,1,"ET"
1467699058169620,"kms","00:26:66:76:37:9c",-94,1,"ET"
1467699058169620,"myLGNet","00:01:36:2d:ea:4c",-94,1,"ET"
1467699507994488,"pplt325","00:26:66:d0:c4:dc",-67,3,"ET"
1467699507994488,"U+Net40B1","00:27:1c:ea:40:af",-75,3,"ET"
1467699507994488,"myLGNet","00:01:36:2d:ea:4c",-89,3,"ET"
1467699507994488,"SK_WLAN","00:27:1c:08:41:16",-94,3,"ET"
1467699518007433,"pplt325","00:26:66:d0:c4:dc",-74,3,"ET"
1467699518007433,"U+Net40B1","00:27:1c:ea:40:af",-75,3,"ET"
1467699518007433,"myLGNet","00:01:36:2d:ea:4c",-89,3,"ET"
1467699518007433,"SK_WLAN","00:27:1c:08:41:16",-94,3,"ET"
1467699528018998,"pplt325","00:26:66:d0:c4:dc",-73,3,"ET"
1467699528018998,"U+Net40B1","00:27:1c:ea:40:af",-88,3,"ET"
1467699528018998,"myLGNet","00:01:36:2d:ea:4c",-90,3,"ET"
1467699528018998,"SK_WLAN","00:27:1c:08:41:16",-90,3,"ET"
1467699538005129,"pplt325","00:26:66:d0:c4:dc",-73,3,"ET"
1467699538005129,"myLGNet","00:01:36:2d:ea:4c",-90,3,"ET"
1467699538005129,"SK_WLAN","00:27:1c:08:41:16",-92,3,"ET"
1467699547921911,"pplt325","00:26:66:d0:c4:dc",-76,3,"ET"
1467699547921911,"myLGNet","00:01:36:2d:ea:4c",-90,3,"ET"
1467699547921911,"SK_WLAN","00:27:1c:08:41:16",-92,3,"ET"
1467699557972775,"pplt325","00:26:66:d0:c4:dc",-73,3,"ET"
1467699557972775,"SK_WLAN","00:27:1c:08:41:16",-91,3,"ET"
1467699557972775,"myLGNet","00:01:36:2d:ea:4c",-94,3,"ET"
1467699557972775,"kms","00:26:66:76:37:9c",-97,3,"ET"
1467699567999252,"pplt325","00:26:66:d0:c4:dc",-74,3,"ET"
1467699567999252,"SK_WLAN","00:27:1c:08:41:16",-90,3,"ET"
1467699567999252,"U+Net40B1","00:27:1c:ea:40:af",-92,3,"ET"
1467699567999252,"myLGNet","00:01:36:2d:ea:4c",-94,3,"ET"
1467699567999252,"kms","00:26:66:76:37:9c",-97,3,"ET"
1467699578223438,"pplt325","00:26:66:d0:c4:dc",-77,3,"ET"
1467699578223438,"U+Net40B1","00:27:1c:ea:40:af",-88,3,"ET"
1467699578223438,"SK_WLAN","00:27:1c:08:41:16",-90,3,"ET"
1467699578223438,"myLGNet","00:01:36:2d:ea:4c",-91,3,"ET"
1467699588020850,"pplt325","00:26:66:d0:c4:dc",-75,3,"ET"
1467699588020850,"U+Net40B1","00:27:1c:ea:40:af",-88,3,"ET"
1467699588020850,"SK_WLAN","00:27:1c:08:41:16",-90,3,"ET"
1467699588020850,"myLGNet","00:01:36:2d:ea:4c",-92,3,"ET"
1467699598070626,"pplt325","00:26:66:d0:c4:dc",-72,3,"ET"
1467699598070626,"SK_WLAN","00:27:1c:08:41:16",-89,3,"ET"
1467699598070626,"myLGNet","00:01:36:2d:ea:4c",-92,3,"ET"
1467699607994097,"pplt325","00:26:66:d0:c4:dc",-72,3,"ET"
1467699607994097,"SK_WLAN","00:27:1c:08:41:16",-91,3,"ET"
1467699607994097,"myLGNet","00:01:36:2d:ea:4c",-91,3,"ET"
1467699618065090,"pplt325","00:26:66:d0:c4:dc",-72,3,"ET"
1467699618065090,"U+Net40B1","00:27:1c:ea:40:af",-90,3,"ET"
1467699618065090,"SK_WLAN","00:27:1c:08:41:16",-91,3,"ET"
1467699618065090,"myLGNet","00:01:36:2d:ea:4c",-91,3,"ET"
1467699627977955,"pplt325","00:26:66:d0:c4:dc",-70,3,"ET"
1467699627977955,"myLGNet","00:01:36:2d:ea:4c",-85,3,"ET"
1467699627977955,"U+Net40B1","00:27:1c:ea:40:af",-87,3,"ET"
1467699627977955,"SK_WLAN","00:27:1c:08:41:16",-91,3,"ET"
1467699637944206,"pplt325","00:26:66:d0:c4:dc",-71,3,"ET"
1467699637944206,"myLGNet","00:01:36:2d:ea:4c",-85,3,"ET"
1467699637944206,"U+Net40B1","00:27:1c:ea:40:af",-87,3,"ET"
1467699637944206,"SK_WLAN","00:27:1c:08:41:16",-91,3,"ET"
1467699647974254,"pplt325","00:26:66:d0:c4:dc",-72,3,"ET"
1467699647974254,"U+Net40B1","00:27:1c:ea:40:af",-86,3,"ET"
1467699647974254,"myLGNet","00:01:36:2d:ea:4c",-88,3,"ET"
1467699647974254,"SK_WLAN","00:27:1c:08:41:16",-92,3,"ET"
1467699658073516,"pplt325","00:26:66:d0:c4:dc",-72,3,"ET"
1467699658073516,"U+Net40B1","00:27:1c:ea:40:af",-86,3,"ET"
1467699658073516,"myLGNet","00:01:36:2d:ea:4c",-88,3,"ET"
1467699658073516,"SK_WLAN","00:27:1c:08:41:16",-90,3,"ET"
1467699667887769,"pplt325","00:26:66:d0:c4:dc",-69,3,"ET"
1467699667887769,"SK_WLAN","00:27:1c:08:41:16",-89,3,"ET"
1467699667887769,"myLGNet","00:01:36:2d:ea:4c",-92,3,"ET"
1467699678049751,"pplt325","00:26:66:d0:c4:dc",-68,3,"ET"
1467699678049751,"myLGNet","00:01:36:2d:ea:4c",-88,3,"ET"
1467699678049751,"SK_WLAN","00:27:1c:08:41:16",-89,3,"ET"
1467699678049751,"U+Net40B1","00:27:1c:ea:40:af",-89,3,"ET"
1467699687941628,"pplt325","00:26:66:d0:c4:dc",-73,3,"ET"
1467699687941628,"SK_WLAN","00:27:1c:08:41:16",-84,3,"ET"
1467699687941628,"myLGNet","00:01:36:2d:ea:4c",-88,3,"ET"
1467699687941628,"U+Net40B1","00:27:1c:ea:40:af",-88,3,"ET"
1467699697962136,"pplt325","00:26:66:d0:c4:dc",-70,3,"ET"
1467699697962136,"SK_WLAN","00:27:1c:08:41:16",-84,3,"ET"
1467699697962136,"U+Net40B1","00:27:1c:ea:40:af",-88,3,"ET"
1467699708091522,"pplt325","00:26:66:d0:c4:dc",-66,3,"ET"
1467699708091522,"SK_WLAN","00:27:1c:08:41:16",-95,3,"ET"
1467699718022891,"pplt325","00:26:66:d0:c4:dc",-67,3,"ET"
1467699718022891,"U+Net40B1","00:27:1c:ea:40:af",-89,3,"ET"
1467699718022891,"SK_WLAN","00:27:1c:08:41:16",-90,3,"ET"
1467699728059090,"pplt325","00:26:66:d0:c4:dc",-67,3,"ET"
1467699728059090,"U+Net40B1","00:27:1c:ea:40:af",-89,3,"ET"
1467699728059090,"SK_WLAN","00:27:1c:08:41:16",-90,3,"ET"
1467699728059090,"myLGNet","00:01:36:2d:ea:4c",-92,3,"ET"
1467699738040029,"pplt325","00:26:66:d0:c4:dc",-68,3,"ET"
1467699738040029,"U+Net40B1","00:27:1c:ea:40:af",-86,3,"ET"
1467699738040029,"myLGNet","00:01:36:2d:ea:4c",-88,3,"ET"
1467699738040029,"SK_WLAN","00:27:1c:08:41:16",-94,3,"ET"
1467699748019416,"pplt325","00:26:66:d0:c4:dc",-69,3,"ET"
1467699748019416,"myLGNet","00:01:36:2d:ea:4c",-88,3,"ET"
1467699748019416,"SK_WLAN","00:27:1c:08:41:16",-92,3,"ET"
1467699748019416,"U+Net40B1","00:27:1c:ea:40:af",-95,3,"ET"
1467699757945153,"pplt325","00:26:66:d0:c4:dc",-73,3,"ET"
1467699757945153,"SK_WLAN","00:27:1c:08:41:16",-88,3,"ET"
1467699757945153,"U+Net40B1","00:27:1c:ea:40:af",-95,3,"ET"
1467699767946403,"pplt325","00:26:66:d0:c4:dc",-66,3,"ET"
1467699767946403,"SK_WLAN","00:27:1c:08:41:16",-87,3,"ET"
1467699767946403,"myLGNet","00:01:36:2d:ea:4c",-90,3,"ET"
1467699767946403,"U+Net40B1","00:27:1c:ea:40:af",-91,3,"ET"
1467699777938626,"pplt325","00:26:66:d0:c4:dc",-70,3,"ET"
1467699777938626,"SK_WLAN","00:27:1c:08:41:16",-87,3,"ET"
1467699777938626,"myLGNet","00:01:36:2d:ea:4c",-90,3,"ET"
1467699777938626,"U+Net40B1","00:27:1c:ea:40:af",-91,3,"ET"
1467699787973322,"pplt325","00:26:66:d0:c4:dc",-70,3,"ET"
1467699787973322,"SK_WLAN","00:27:1c:08:41:16",-88,3,"ET"
1467699787973322,"myLGNet","00:01:36:2d:ea:4c",-90,3,"ET"
1467699797982158,"pplt325","00:26:66:d0:c4:dc",-75,3,"ET"
1467699797982158,"SK_WLAN","00:27:1c:08:41:16",-88,3,"ET"
1467699797982158,"myLGNet","00:01:36:2d:ea:4c",-90,3,"ET"
1467699797982158,"U+Net40B1","00:27:1c:ea:40:af",-95,3,"ET"
1467701005536541,"pplt325","00:26:66:d0:c4:dc",-81,3,"SL"
1467701005536541,"U+Net40B1","00:27:1c:ea:40:af",-88,3,"SL"
1467701005536541,"SK_WLAN","00:27:1c:08:41:16",-93,3,"SL"
1467701005536541,"myLGNet","00:01:36:2d:ea:4c",-96,3,"SL"
1467701015532384,"pplt325","00:26:66:d0:c4:dc",-79,3,"SL"
1467701015532384,"SK_WLAN","00:27:1c:08:41:16",-95,3,"SL"
1467701015532384,"myLGNet","00:01:36:2d:ea:4c",-96,3,"SL"
1467701025496114,"pplt325","00:26:66:d0:c4:dc",-80,3,"SL"
1467701025496114,"U+Net40B1","00:27:1c:ea:40:af",-90,3,"SL"
1467701025496114,"SK_WLAN","00:27:1c:08:41:16",-94,3,"SL"
1467701035358571,"pplt325","00:26:66:d0:c4:dc",-77,3,"SL"
1467701035358571,"U+Net40B1","00:27:1c:ea:40:af",-90,3,"SL"
1467701035358571,"SK_WLAN","00:27:1c:08:41:16",-94,3,"SL"
1467701045316603,"pplt325","00:26:66:d0:c4:dc",-80,3,"SL"
1467701045316603,"SK_WLAN","00:27:1c:08:41:16",-96,3,"SL"
1467701045316603,"myLGNet","00:01:36:2d:ea:4c",-96,3,"SL"
1467701055770040,"pplt325","00:26:66:d0:c4:dc",-79,3,"SL"
1467701055770040,"U+Net40B1","00:27:1c:ea:40:af",-90,3,"SL"
1467701055770040,"SK_WLAN","00:27:1c:08:41:16",-92,3,"SL"
1467701055770040,"myLGNet","00:01:36:2d:ea:4c",-96,3,"SL"
1467701065396035,"pplt325","00:26:66:d0:c4:dc",-80,3,"SL"
1467701065396035,"U+Net40B1","00:27:1c:ea:40:af",-90,3,"SL"
1467701065396035,"SK_WLAN","00:27:1c:08:41:16",-92,3,"SL"
1467701075408762,"pplt325","00:26:66:d0:c4:dc",-77,3,"SL"
1467701075408762,"SK_WLAN","00:27:1c:08:41:16",-96,3,"SL"
1467701085272725,"pplt325","00:26:66:d0:c4:dc",-78,3,"SL"
1467701085272725,"SK_WLAN","00:27:1c:08:41:16",-96,3,"SL"
1467701085272725,"U+Net40B1","00:27:1c:ea:40:af",-88,3,"SL"
1467701095342862,"pplt325","00:26:66:d0:c4:dc",-75,3,"SL"
1467701095342862,"SK_WLAN","00:27:1c:08:41:16",-96,3,"SL"
1467701095342862,"U+Net40B1","00:27:1c:ea:40:af",-88,3,"SL"
1467701105460633,"pplt325","00:26:66:d0:c4:dc",-79,3,"SL"
1467701105460633,"U+Net40B1","00:27:1c:ea:40:af",-92,3,"SL"
1467701115473576,"pplt325","00:26:66:d0:c4:dc",-78,3,"SL"
1467701115473576,"U+Net40B1","00:27:1c:ea:40:af",-94,3,"SL"
1467701125374659,"pplt325","00:26:66:d0:c4:dc",-76,3,"SL"
1467701125374659,"U+Net40B1","00:27:1c:ea:40:af",-94,3,"SL"
1467701135298208,"pplt325","00:26:66:d0:c4:dc",-78,3,"SL"
1467701135298208,"U+Net40B1","00:27:1c:ea:40:af",-95,3,"SL"
1467701145393984,"pplt325","00:26:66:d0:c4:dc",-77,3,"SL"
1467701145393984,"SK_WLAN","00:27:1c:08:41:16",-97,3,"SL"
1467701155342063,"pplt325","00:26:66:d0:c4:dc",-77,3,"SL"
1467701155342063,"U+Net40B1","00:27:1c:ea:40:af",-92,3,"SL"
1467701155342063,"SK_WLAN","00:27:1c:08:41:16",-94,3,"SL"
1467701165361879,"pplt325","00:26:66:d0:c4:dc",-78,3,"SL"
1467701165361879,"U+Net40B1","00:27:1c:ea:40:af",-92,3,"SL"
1467701165361879,"SK_WLAN","00:27:1c:08:41:16",-94,3,"SL"
1467701175329528,"pplt325","00:26:66:d0:c4:dc",-77,3,"SL"
1467701175329528,"SK_WLAN","00:27:1c:08:41:16",-97,3,"SL"
1467701185326730,"pplt325","00:26:66:d0:c4:dc",-78,3,"SL"
1467701185326730,"SK_WLAN","00:27:1c:08:41:16",-93,3,"SL"
1467701195368080,"pplt325","00:26:66:d0:c4:dc",-80,3,"SL"
1467701195368080,"U+Net40B1","00:27:1c:ea:40:af",-92,3,"SL"
1467701195368080,"SK_WLAN","00:27:1c:08:41:16",-96,3,"SL"
1467701205384139,"pplt325","00:26:66:d0:c4:dc",-80,3,"SL"
1467701205384139,"U+Net40B1","00:27:1c:ea:40:af",-92,3,"SL"
1467701205384139,"SK_WLAN","00:27:1c:08:41:16",-96,3,"SL"
1467701230886757,"pplt325","00:26:66:d0:c4:dc",-67,3,"SL"
1467701230886757,"SK_WLAN","00:27:1c:08:41:16",-92,3,"SL"
1467701230886757,"myLGNet","00:01:36:2d:ea:4c",-95,3,"SL"
1467701240830020,"pplt325","00:26:66:d0:c4:dc",-70,3,"SL"
1467701240830020,"U+Net40B1","00:27:1c:ea:40:af",-90,3,"SL"
1467701240830020,"SK_WLAN","00:27:1c:08:41:16",-90,3,"SL"
1467701240830020,"myLGNet","00:01:36:2d:ea:4c",-95,3,"SL"
1467701250860724,"pplt325","00:26:66:d0:c4:dc",-68,3,"SL"
1467701250860724,"U+Net40B1","00:27:1c:ea:40:af",-90,3,"SL"
1467701250860724,"myLGNet","00:01:36:2d:ea:4c",-90,3,"SL"
1467701250860724,"SK_WLAN","00:27:1c:08:41:16",-91,3,"SL"
1467701260838332,"pplt325","00:26:66:d0:c4:dc",-68,3,"SL"
1467701260838332,"myLGNet","00:01:36:2d:ea:4c",-90,3,"SL"
1467701260838332,"SK_WLAN","00:27:1c:08:41:16",-91,3,"SL"
1467701260838332,"U+Net40B1","00:27:1c:ea:40:af",-91,3,"SL"
1467701270769007,"pplt325","00:26:66:d0:c4:dc",-70,3,"SL"
1467701270769007,"U+Net40B1","00:27:1c:ea:40:af",-88,3,"SL"
1467701270769007,"SK_WLAN","00:27:1c:08:41:16",-90,3,"SL"
1467701270769007,"myLGNet","00:01:36:2d:ea:4c",-93,3,"SL"
1467701280711399,"pplt325","00:26:66:d0:c4:dc",-70,3,"SL"
1467701280711399,"U+Net40B1","00:27:1c:ea:40:af",-88,3,"SL"
1467701280711399,"SK_WLAN","00:27:1c:08:41:16",-90,3,"SL"
1467701280711399,"myLGNet","00:01:36:2d:ea:4c",-93,3,"SL"
1467701290746200,"pplt325","00:26:66:d0:c4:dc",-66,3,"SL"
1467701290746200,"SK_WLAN","00:27:1c:08:41:16",-93,3,"SL"
1467701300724474,"pplt325","00:26:66:d0:c4:dc",-67,3,"SL"
1467701300724474,"U+Net40B1","00:27:1c:ea:40:af",-88,3,"SL"
1467701300724474,"myLGNet","00:01:36:2d:ea:4c",-91,3,"SL"
1467701300724474,"SK_WLAN","00:27:1c:08:41:16",-93,3,"SL"
1467701310716463,"pplt325","00:26:66:d0:c4:dc",-70,3,"SL"
1467701310716463,"U+Net40B1","00:27:1c:ea:40:af",-88,3,"SL"
1467701310716463,"myLGNet","00:01:36:2d:ea:4c",-92,3,"SL"
1467701310716463,"SK_WLAN","00:27:1c:08:41:16",-93,3,"SL"
1467701320940002,"pplt325","00:26:66:d0:c4:dc",-66,3,"SL"
1467701320940002,"U+Net40B1","00:27:1c:ea:40:af",-88,3,"SL"
1467701320940002,"SK_WLAN","00:27:1c:08:41:16",-89,3,"SL"
1467701320940002,"myLGNet","00:01:36:2d:ea:4c",-92,3,"SL"
1467701330719043,"pplt325","00:26:66:d0:c4:dc",-67,3,"SL"
1467701330719043,"U+Net40B1","00:27:1c:ea:40:af",-88,3,"SL"
1467701330719043,"SK_WLAN","00:27:1c:08:41:16",-90,3,"SL"
1467701330719043,"myLGNet","00:01:36:2d:ea:4c",-93,3,"SL"
1467701340652778,"pplt325","00:26:66:d0:c4:dc",-70,3,"SL"
1467701340652778,"myLGNet","00:01:36:2d:ea:4c",-88,3,"SL"
1467701340652778,"SK_WLAN","00:27:1c:08:41:16",-93,3,"SL"
1467701350851791,"pplt325","00:26:66:d0:c4:dc",-68,3,"SL"
1467701350851791,"myLGNet","00:01:36:2d:ea:4c",-90,3,"SL"
1467701350851791,"SK_WLAN","00:27:1c:08:41:16",-96,3,"SL"
1467701360918277,"pplt325","00:26:66:d0:c4:dc",-68,3,"SL"
1467701360918277,"U+Net40B1","00:27:1c:ea:40:af",-87,3,"SL"
1467701360918277,"myLGNet","00:01:36:2d:ea:4c",-90,3,"SL"
1467701360918277,"kms","00:26:66:76:37:9c",-94,3,"SL"
1467701360918277,"SK_WLAN","00:27:1c:08:41:16",-96,3,"SL"
1467701370795553,"pplt325","00:26:66:d0:c4:dc",-69,3,"SL"
1467701370795553,"U+Net40B1","00:27:1c:ea:40:af",-84,3,"SL"
1467701370795553,"myLGNet","00:01:36:2d:ea:4c",-88,3,"SL"
1467701370795553,"kms","00:26:66:76:37:9c",-94,3,"SL"
1467701370795553,"SK_WLAN","00:27:1c:08:41:16",-94,3,"SL"
1467701380874487,"pplt325","00:26:66:d0:c4:dc",-68,3,"SL"
1467701380874487,"U+Net40B1","00:27:1c:ea:40:af",-86,3,"SL"
1467701380874487,"myLGNet","00:01:36:2d:ea:4c",-89,3,"SL"
1467701380874487,"SK_WLAN","00:27:1c:08:41:16",-94,3,"SL"
1467701390833337,"pplt325","00:26:66:d0:c4:dc",-69,3,"SL"
1467701390833337,"U+Net40B1","00:27:1c:ea:40:af",-89,3,"SL"
1467701390833337,"myLGNet","00:01:36:2d:ea:4c",-91,3,"SL"
1467701390833337,"kms","00:26:66:76:37:9c",-94,3,"SL"
1467701390833337,"SK_WLAN","00:27:1c:08:41:16",-96,3,"SL"
1467701400776500,"pplt325","00:26:66:d0:c4:dc",-69,3,"SL"
1467701400776500,"U+Net40B1","00:27:1c:ea:40:af",-89,3,"SL"
1467701400776500,"myLGNet","00:01:36:2d:ea:4c",-92,3,"SL"
1467701400776500,"kms","00:26:66:76:37:9c",-94,3,"SL"
1467701400776500,"SK_WLAN","00:27:1c:08:41:16",-97,3,"SL"
1467701410756621,"pplt325","00:26:66:d0:c4:dc",-68,3,"SL"
1467701410756621,"U+Net40B1","00:27:1c:ea:40:af",-85,3,"SL"
1467701410756621,"myLGNet","00:01:36:2d:ea:4c",-94,3,"SL"
1467701410756621,"SK_WLAN","00:27:1c:08:41:16",-95,3,"SL"
1467701420732954,"pplt325","00:26:66:d0:c4:dc",-67,3,"SL"
1467701420732954,"U+Net40B1","00:27:1c:ea:40:af",-85,3,"SL"
1467701420732954,"myLGNet","00:01:36:2d:ea:4c",-94,3,"SL"
1467701420732954,"SK_WLAN","00:27:1c:08:41:16",-95,3,"SL"
1467701430739711,"pplt325","00:26:66:d0:c4:dc",-67,3,"SL"
1467701430739711,"U+Net40B1","00:27:1c:ea:40:af",-87,3,"SL"
1467701440729277,"pplt325","00:26:66:d0:c4:dc",-72,3,"SL"
1467701440729277,"U+Net40B1","00:27:1c:ea:40:af",-90,3,"SL"
