1467696873589891,"pplTV325","00:26:66:d0:c4:dc",-47,0,"VC"
1467696873589891,"U+NETVCV40B1","00:27:1c:ETVa:40:af",-56,0,"VC"
1467696873589891,"myLGNETVCV","00:01:36:2d:ETVa:4c",-61,0,"VC"
1467696873589891,"SK_WLAN","00:27:1c:08:41:16",-70,0,"VC"
1467696873589891,"SK_WiFiD942","00:23:aa:3d:d9:41",-85,0,"VC"
1467696873589891,"SK_WiFi4C25","00:30:0d:62:4c:24",-92,0,"VC"
1467696873589891,"KTV_WLAN","0a:0ETV:dc:5a:b6:c8",-93,0,"VC"
1467696883877804,"pplTV325","00:26:66:d0:c4:dc",-46,0,"VC"
1467696883877804,"U+NETVCV40B1","00:27:1c:ETVa:40:af",-59,0,"VC"
1467696883877804,"SK_WLAN","00:27:1c:08:41:16",-64,0,"VC"
1467696883877804,"myLGNETVCV","00:01:36:2d:ETVa:4c",-74,0,"VC"
1467696883877804,"SK_WiFiD942","00:23:aa:3d:d9:41",-79,0,"VC"
1467696883877804,"SK_WiFi4C25","00:30:0d:62:4c:24",-96,0,"VC"
1467696893558197,"pplTV325","00:26:66:d0:c4:dc",-54,0,"VC"
1467696893558197,"U+NETVCV40B1","00:27:1c:ETVa:40:af",-70,0,"VC"
1467696893558197,"myLGNETVCV","00:01:36:2d:ETVa:4c",-70,0,"VC"
1467696893558197,"SK_WLAN","00:27:1c:08:41:16",-77,0,"VC"
1467696893558197,"SK_WiFiD942","00:23:aa:3d:d9:41",-78,0,"VC"
1467696893558197,"SK_WiFi4C25","00:30:0d:62:4c:24",-94,0,"VC"
1467696903676685,"pplTV325","00:26:66:d0:c4:dc",-51,0,"VC"
1467696903676685,"myLGNETVCV","00:01:36:2d:ETVa:4c",-59,0,"VC"
1467696903676685,"U+NETVCV40B1","00:27:1c:ETVa:40:af",-64,0,"VC"
1467696903676685,"SK_WLAN","00:27:1c:08:41:16",-76,0,"VC"
1467696903676685,"SK_WiFiD942","00:23:aa:3d:d9:41",-84,0,"VC"
1467696903676685,"SK_WiFi4C25","00:30:0d:62:4c:24",-95,0,"VC"
1467696913761172,"pplTV325","00:26:66:d0:c4:dc",-57,0,"VC"
1467696913761172,"myLGNETVCV","00:01:36:2d:ETVa:4c",-59,0,"VC"
1467696913761172,"U+NETVCV40B1","00:27:1c:ETVa:40:af",-64,0,"VC"
1467696913761172,"SK_WLAN","00:27:1c:08:41:16",-76,0,"VC"
1467696913761172,"SK_WiFiD942","00:23:aa:3d:d9:41",-84,0,"VC"
1467696913761172,"SK_WiFi4C25","00:30:0d:62:4c:24",-95,0,"VC"
1467696913761172,"KTV_WLAN","0a:0ETV:dc:5a:b6:c8",-96,0,"VC"
1467696923798112,"pplTV325","00:26:66:d0:c4:dc",-49,0,"VC"
1467696923798112,"myLGNETVCV","00:01:36:2d:ETVa:4c",-63,0,"VC"
1467696923798112,"U+NETVCV40B1","00:27:1c:ETVa:40:af",-72,0,"VC"
1467696923798112,"SK_WLAN","00:27:1c:08:41:16",-73,0,"VC"
1467696923798112,"SK_WiFiD942","00:23:aa:3d:d9:41",-86,0,"VC"
1467696923798112,"SK_WiFi4C25","00:30:0d:62:4c:24",-92,0,"VC"
1467696923798112,"KTV_WLAN","0a:0ETV:dc:5a:b6:c8",-96,0,"VC"
1467696933537099,"pplTV325","00:26:66:d0:c4:dc",-47,0,"VC"
1467696933537099,"myLGNETVCV","00:01:36:2d:ETVa:4c",-63,0,"VC"
1467696933537099,"U+NETVCV40B1","00:27:1c:ETVa:40:af",-72,0,"VC"
1467696933537099,"SK_WLAN","00:27:1c:08:41:16",-73,0,"VC"
1467696933537099,"SK_WiFiD942","00:23:aa:3d:d9:41",-86,0,"VC"
1467696933537099,"SK_WiFi4C25","00:30:0d:62:4c:24",-92,0,"VC"
1467696933537099,"SK_WiFi7AC2","00:23:aa:3c:7a:c1",-94,0,"VC"
1467696933537099,"ipTVimETV","00:08:9f:16:28:42",-95,0,"VC"
1467696933537099,"KTV_WLAN","0a:0ETV:dc:5a:b6:c8",-96,0,"VC"
1467696943694973,"pplTV325","00:26:66:d0:c4:dc",-57,0,"VC"
1467696943694973,"U+NETVCV40B1","00:27:1c:ETVa:40:af",-61,0,"VC"
1467696943694973,"SK_WLAN","00:27:1c:08:41:16",-69,0,"VC"
1467696943694973,"myLGNETVCV","00:01:36:2d:ETVa:4c",-73,0,"VC"
1467696943694973,"SK_WiFiD942","00:23:aa:3d:d9:41",-86,0,"VC"
1467696943694973,"SK_WiFi4C25","00:30:0d:62:4c:24",-93,0,"VC"
1467696943694973,"myLGNETVCV9066","00:40:5a:db:5ETV:c9",-93,0,"VC"
1467696943694973,"SK_WiFi7AC2","00:23:aa:3c:7a:c1",-94,0,"VC"
1467696943694973,"ipTVimETV","00:08:9f:16:28:42",-95,0,"VC"
1467696943694973,"KTV_WLAN","0a:0ETV:dc:5a:b6:c8",-95,0,"VC"
1467696953546161,"pplTV325","00:26:66:d0:c4:dc",-54,0,"VC"
1467696953546161,"U+NETVCV40B1","00:27:1c:ETVa:40:af",-61,0,"VC"
1467696953546161,"SK_WLAN","00:27:1c:08:41:16",-69,0,"VC"
1467696953546161,"myLGNETVCV","00:01:36:2d:ETVa:4c",-73,0,"VC"
1467696953546161,"SK_WiFiD942","00:23:aa:3d:d9:41",-86,0,"VC"
1467696953546161,"SK_WiFi4C25","00:30:0d:62:4c:24",-93,0,"VC"
1467696953546161,"myLGNETVCV9066","00:40:5a:db:5ETV:c9",-93,0,"VC"
1467696953546161,"TVVP-LINK_2.4GHz_3A3A73","64:66:b3:3a:3a:73",-94,0,"VC"
1467696953546161,"chETVsh","90:9f:33:b5:24:b2",-97,0,"VC"
1467696963567542,"pplTV325","00:26:66:d0:c4:dc",-59,0,"VC"
1467696963567542,"U+NETVCV40B1","00:27:1c:ETVa:40:af",-65,0,"VC"
1467696963567542,"myLGNETVCV","00:01:36:2d:ETVa:4c",-74,0,"VC"
1467696963567542,"SK_WLAN","00:27:1c:08:41:16",-75,0,"VC"
1467696963567542,"SK_WiFiD942","00:23:aa:3d:d9:41",-83,0,"VC"
1467696963567542,"ipTVimETV","00:08:9f:16:28:42",-87,0,"VC"
1467696963567542,"TVVP-LINK_2.4GHz_3A3A73","64:66:b3:3a:3a:73",-94,0,"VC"
1467696963567542,"HB","00:26:66:78:99:a8",-95,0,"VC"
1467696963567542,"KTV_WLAN","0a:0ETV:dc:5a:b6:c8",-95,0,"VC"
1467696963567542,"U+NETVCV0A3C","08:5d:dd:0b:0a:3a",-96,0,"VC"
1467696963567542,"chETVsh","90:9f:33:b5:24:b2",-97,0,"VC"
1467696973580643,"pplTV325","00:26:66:d0:c4:dc",-55,0,"VC"
1467696973580643,"U+NETVCV40B1","00:27:1c:ETVa:40:af",-65,0,"VC"
1467696973580643,"myLGNETVCV","00:01:36:2d:ETVa:4c",-74,0,"VC"
1467696973580643,"SK_WLAN","00:27:1c:08:41:16",-75,0,"VC"
1467696973580643,"SK_WiFiD942","00:23:aa:3d:d9:41",-83,0,"VC"
1467696973580643,"ipTVimETV","00:08:9f:16:28:42",-87,0,"VC"
1467696973580643,"ipTVimETV","64:ETV5:99:82:5a:20",-92,0,"VC"
1467696973580643,"HB","00:26:66:78:99:a8",-95,0,"VC"
1467696973580643,"KTV_WLAN","0a:0ETV:dc:5a:b6:c8",-95,0,"VC"
1467696973580643,"U+NETVCV0A3C","08:5d:dd:0b:0a:3a",-96,0,"VC"
1467696983636309,"pplTV325","00:26:66:d0:c4:dc",-52,0,"VC"
1467696983636309,"myLGNETVCV","00:01:36:2d:ETVa:4c",-70,0,"VC"
1467696983636309,"SK_WLAN","00:27:1c:08:41:16",-77,0,"VC"
1467696983636309,"U+NETVCV40B1","00:27:1c:ETVa:40:af",-78,0,"VC"
1467696983636309,"SK_WiFiD942","00:23:aa:3d:d9:41",-79,0,"VC"
1467696983636309,"KTV_WLAN","0a:0ETV:dc:5a:b6:c8",-90,0,"VC"
1467696983636309,"ipTVimETV","64:ETV5:99:82:5a:20",-92,0,"VC"
1467696983636309,"ipTVimETV","00:08:9f:16:28:42",-93,0,"VC"
1467696983636309,"ipTVimETV_skTV","90:9f:33:40:a0:9ETV",-94,0,"VC"
1467696993475473,"pplTV325","00:26:66:d0:c4:dc",-55,0,"VC"
1467696993475473,"U+NETVCV40B1","00:27:1c:ETVa:40:af",-66,0,"VC"
1467696993475473,"SK_WLAN","00:27:1c:08:41:16",-71,0,"VC"
1467696993475473,"myLGNETVCV","00:01:36:2d:ETVa:4c",-73,0,"VC"
1467696993475473,"SK_WiFiD942","00:23:aa:3d:d9:41",-84,0,"VC"
1467696993475473,"KTV_WLAN","0a:0ETV:dc:5a:b6:c8",-90,0,"VC"
1467696993475473,"ipTVimETV_skTV","90:9f:33:40:a0:9ETV",-94,0,"VC"
1467696993475473,"ipTVimETV","00:08:9f:16:28:42",-96,0,"VC"
1467697003978421,"pplTV325","00:26:66:d0:c4:dc",-53,0,"VC"
1467697003978421,"myLGNETVCV","00:01:36:2d:ETVa:4c",-70,0,"VC"
1467697003978421,"U+NETVCV40B1","00:27:1c:ETVa:40:af",-72,0,"VC"
1467697003978421,"SK_WLAN","00:27:1c:08:41:16",-73,0,"VC"
1467697003978421,"SK_WiFiD942","00:23:aa:3d:d9:41",-82,0,"VC"
1467697003978421,"KTV_WLAN","0a:0ETV:dc:5a:b6:c8",-92,0,"VC"
1467697003978421,"ipTVimETV","00:08:9f:16:28:42",-96,0,"VC"
1467697013589708,"pplTV325","00:26:66:d0:c4:dc",-51,0,"VC"
1467697013589708,"U+NETVCV40B1","00:27:1c:ETVa:40:af",-69,0,"VC"
1467697013589708,"SK_WLAN","00:27:1c:08:41:16",-74,0,"VC"
1467697013589708,"myLGNETVCV","00:01:36:2d:ETVa:4c",-75,0,"VC"
1467697013589708,"SK_WiFiD942","00:23:aa:3d:d9:41",-88,0,"VC"
1467697013589708,"KTV_WLAN","0a:0ETV:dc:5a:b6:c8",-93,0,"VC"
1467697013589708,"ipTVimETV","00:08:9f:16:28:42",-94,0,"VC"
1467697023602346,"pplTV325","00:26:66:d0:c4:dc",-47,0,"VC"
1467697023602346,"U+NETVCV40B1","00:27:1c:ETVa:40:af",-68,0,"VC"
1467697023602346,"myLGNETVCV","00:01:36:2d:ETVa:4c",-69,0,"VC"
1467697023602346,"SK_WLAN","00:27:1c:08:41:16",-69,0,"VC"
1467697023602346,"SK_WiFiD942","00:23:aa:3d:d9:41",-85,0,"VC"
1467697023602346,"SK_WiFi4C25","00:30:0d:62:4c:24",-90,0,"VC"
1467697023602346,"KTV_WLAN","0a:0ETV:dc:5a:b6:c8",-93,0,"VC"
1467697023602346,"ipTVimETV","00:08:9f:16:28:42",-94,0,"VC"
1467697033888432,"pplTV325","00:26:66:d0:c4:dc",-49,0,"VC"
1467697033888432,"U+NETVCV40B1","00:27:1c:ETVa:40:af",-67,0,"VC"
1467697033888432,"SK_WLAN","00:27:1c:08:41:16",-70,0,"VC"
1467697033888432,"myLGNETVCV","00:01:36:2d:ETVa:4c",-72,0,"VC"
1467697033888432,"SK_WiFiD942","00:23:aa:3d:d9:41",-82,0,"VC"
1467697033888432,"SK_WiFi4C25","00:30:0d:62:4c:24",-90,0,"VC"
1467697043566086,"pplTV325","00:26:66:d0:c4:dc",-43,0,"VC"
1467697043566086,"myLGNETVCV","00:01:36:2d:ETVa:4c",-72,0,"VC"
1467697043566086,"U+NETVCV40B1","00:27:1c:ETVa:40:af",-73,0,"VC"
1467697043566086,"SK_WLAN","00:27:1c:08:41:16",-76,0,"VC"
1467697043566086,"SK_WiFiD942","00:23:aa:3d:d9:41",-85,0,"VC"
1467697043566086,"SK_WiFi7AC2","00:23:aa:3c:7a:c1",-95,0,"VC"
1467697043566086,"ipTVimETV","00:08:9f:16:28:42",-95,0,"VC"
1467697053674175,"pplTV325","00:26:66:d0:c4:dc",-49,0,"VC"
1467697053674175,"SK_WLAN","00:27:1c:08:41:16",-62,0,"VC"
1467697053674175,"U+NETVCV40B1","00:27:1c:ETVa:40:af",-69,0,"VC"
1467697053674175,"myLGNETVCV","00:01:36:2d:ETVa:4c",-69,0,"VC"
1467697053674175,"SK_WiFiD942","00:23:aa:3d:d9:41",-85,0,"VC"
1467697053674175,"SK_WiFi7AC2","00:23:aa:3c:7a:c1",-95,0,"VC"
1467697053674175,"ipTVimETV","00:08:9f:16:28:42",-95,0,"VC"
1467697053674175,"HB","00:26:66:78:99:a8",-95,0,"VC"
1467697053674175,"SK_WiFi4C25","00:30:0d:62:4c:24",-96,0,"VC"
1467697063797022,"pplTV325","00:26:66:d0:c4:dc",-45,0,"VC"
1467697063797022,"U+NETVCV40B1","00:27:1c:ETVa:40:af",-63,0,"VC"
1467697063797022,"SK_WLAN","00:27:1c:08:41:16",-64,0,"VC"
1467697063797022,"myLGNETVCV","00:01:36:2d:ETVa:4c",-64,0,"VC"
1467697063797022,"HB","00:26:66:78:99:a8",-95,0,"VC"
1467697063797022,"myLGNETVCV9066","00:40:5a:db:5ETV:c9",-95,0,"VC"
1467697063797022,"SK_WiFi4C25","00:30:0d:62:4c:24",-97,0,"VC"
1467697073649874,"pplTV325","00:26:66:d0:c4:dc",-46,0,"VC"
1467697073649874,"SK_WLAN","00:27:1c:08:41:16",-63,0,"VC"
1467697073649874,"U+NETVCV40B1","00:27:1c:ETVa:40:af",-67,0,"VC"
1467697073649874,"myLGNETVCV","00:01:36:2d:ETVa:4c",-70,0,"VC"
1467697073649874,"SK_WiFiD942","00:23:aa:3d:d9:41",-80,0,"VC"
1467697073649874,"anywisETV","90:9f:33:8f:a2:6a",-92,0,"VC"
1467697073649874,"KTV_WLAN","0a:0ETV:dc:5a:b6:c8",-94,0,"VC"
1467697073649874,"myLGNETVCV9066","00:40:5a:db:5ETV:c9",-95,0,"VC"
1467697073649874,"SK_WiFi4C25","00:30:0d:62:4c:24",-95,0,"VC"
1467697083638411,"pplTV325","00:26:66:d0:c4:dc",-44,0,"VC"
1467697083638411,"myLGNETVCV","00:01:36:2d:ETVa:4c",-63,0,"VC"
1467697083638411,"SK_WLAN","00:27:1c:08:41:16",-75,0,"VC"
1467697083638411,"U+NETVCV40B1","00:27:1c:ETVa:40:af",-78,0,"VC"
1467697083638411,"SK_WiFiD942","00:23:aa:3d:d9:41",-86,0,"VC"
1467697083638411,"anywisETV","90:9f:33:8f:a2:6a",-92,0,"VC"
1467697083638411,"KTV_WLAN","0a:0ETV:dc:5a:b6:c8",-94,0,"VC"
1467697083638411,"SK_WiFi4C25","00:30:0d:62:4c:24",-95,0,"VC"
1467697083638411,"chETVsh","90:9f:33:b5:24:b2",-97,0,"VC"
1467697093520059,"pplTV325","00:26:66:d0:c4:dc",-47,0,"VC"
1467697093520059,"myLGNETVCV","00:01:36:2d:ETVa:4c",-66,0,"VC"
1467697093520059,"U+NETVCV40B1","00:27:1c:ETVa:40:af",-66,0,"VC"
1467697093520059,"SK_WLAN","00:27:1c:08:41:16",-71,0,"VC"
1467697093520059,"SK_WiFiD942","00:23:aa:3d:d9:41",-82,0,"VC"
1467697093520059,"chETVsh","90:9f:33:b5:24:b2",-97,0,"VC"
1467697103705077,"pplTV325","00:26:66:d0:c4:dc",-54,0,"VC"
1467697103705077,"myLGNETVCV","00:01:36:2d:ETVa:4c",-62,0,"VC"
1467697103705077,"SK_WLAN","00:27:1c:08:41:16",-64,0,"VC"
1467697103705077,"U+NETVCV40B1","00:27:1c:ETVa:40:af",-67,0,"VC"
1467697103705077,"SK_WiFiD942","00:23:aa:3d:d9:41",-75,0,"VC"
1467697103705077,"ipTVimETV","00:08:9f:16:28:42",-92,0,"VC"
1467697103705077,"RTVL8186-dETVfaulTV","00:ETV0:4c:81:86:86",-97,0,"VC"
1467697113843622,"pplTV325","00:26:66:d0:c4:dc",-48,0,"VC"
1467697113843622,"SK_WLAN","00:27:1c:08:41:16",-67,0,"VC"
1467697113843622,"U+NETVCV40B1","00:27:1c:ETVa:40:af",-69,0,"VC"
1467697113843622,"myLGNETVCV","00:01:36:2d:ETVa:4c",-69,0,"VC"
1467697113843622,"SK_WiFiD942","00:23:aa:3d:d9:41",-82,0,"VC"
1467697113843622,"KTV_WLAN","0a:0ETV:dc:5a:b6:c8",-89,0,"VC"
1467697113843622,"myLGNETVCV9066","00:40:5a:db:5ETV:c9",-90,0,"VC"
1467697113843622,"ipTVimETV","00:08:9f:16:28:42",-92,0,"VC"
1467697113843622,"ipTVimETV","64:ETV5:99:82:5a:20",-94,0,"VC"
1467697113843622,"SK_WiFi4C25","00:30:0d:62:4c:24",-96,0,"VC"
1467697113843622,"RTVL8186-dETVfaulTV","00:ETV0:4c:81:86:86",-97,0,"VC"
1467697123665277,"pplTV325","00:26:66:d0:c4:dc",-47,0,"VC"
1467697123665277,"myLGNETVCV","00:01:36:2d:ETVa:4c",-68,0,"VC"
1467697123665277,"U+NETVCV40B1","00:27:1c:ETVa:40:af",-69,0,"VC"
1467697123665277,"SK_WLAN","00:27:1c:08:41:16",-73,0,"VC"
1467697123665277,"SK_WiFiD942","00:23:aa:3d:d9:41",-82,0,"VC"
1467697123665277,"SK_WiFi4C25","00:30:0d:62:4c:24",-88,0,"VC"
1467697123665277,"KTV_WLAN","0a:0ETV:dc:5a:b6:c8",-89,0,"VC"
1467697123665277,"ipTVimETV","00:08:9f:16:28:42",-89,0,"VC"
1467697123665277,"myLGNETVCV9066","00:40:5a:db:5ETV:c9",-90,0,"VC"
1467697123665277,"ipTVimETV","64:ETV5:99:82:5a:20",-94,0,"VC"
1467697133681770,"pplTV325","00:26:66:d0:c4:dc",-42,0,"VC"
1467697133681770,"myLGNETVCV","00:01:36:2d:ETVa:4c",-64,0,"VC"
1467697133681770,"SK_WLAN","00:27:1c:08:41:16",-68,0,"VC"
1467697133681770,"U+NETVCV40B1","00:27:1c:ETVa:40:af",-79,0,"VC"
1467697133681770,"SK_WiFiD942","00:23:aa:3d:d9:41",-86,0,"VC"
1467697133681770,"SK_WiFi4C25","00:30:0d:62:4c:24",-86,0,"VC"
1467697133681770,"ipTVimETV","00:08:9f:16:28:42",-95,0,"VC"
1467697143471979,"pplTV325","00:26:66:d0:c4:dc",-42,0,"VC"
1467697143471979,"myLGNETVCV","00:01:36:2d:ETVa:4c",-61,0,"VC"
1467697143471979,"U+NETVCV40B1","00:27:1c:ETVa:40:af",-63,0,"VC"
1467697143471979,"SK_WLAN","00:27:1c:08:41:16",-71,0,"VC"
1467697143471979,"SK_WiFi4C25","00:30:0d:62:4c:24",-85,0,"VC"
1467697143471979,"myLGNETVCV9066","00:40:5a:db:5ETV:c9",-89,0,"VC"
1467697143471979,"SK_WiFiD942","00:23:aa:3d:d9:41",-90,0,"VC"
1467697143471979,"ipTVimETV","00:08:9f:16:28:42",-95,0,"VC"
1467697153413383,"pplTV325","00:26:66:d0:c4:dc",-42,0,"VC"
1467697153413383,"myLGNETVCV","00:01:36:2d:ETVa:4c",-62,0,"VC"
1467697153413383,"SK_WLAN","00:27:1c:08:41:16",-74,0,"VC"
1467697153413383,"SK_WiFiD942","00:23:aa:3d:d9:41",-74,0,"VC"
1467697153413383,"U+NETVCV40B1","00:27:1c:ETVa:40:af",-77,0,"VC"
1467697153413383,"KTV_WLAN","0a:0ETV:dc:5a:b6:c8",-84,0,"VC"
1467697153413383,"myLGNETVCV9066","00:40:5a:db:5ETV:c9",-87,0,"VC"
1467697153413383,"SK_WiFi4C25","00:30:0d:62:4c:24",-91,0,"VC"
1467697163529162,"pplTV325","00:26:66:d0:c4:dc",-38,0,"VC"
1467697163529162,"myLGNETVCV","00:01:36:2d:ETVa:4c",-66,0,"VC"
1467697163529162,"U+NETVCV40B1","00:27:1c:ETVa:40:af",-67,0,"VC"
1467697163529162,"SK_WLAN","00:27:1c:08:41:16",-67,0,"VC"
1467697163529162,"SK_WiFiD942","00:23:aa:3d:d9:41",-85,0,"VC"
1467697163529162,"myLGNETVCV9066","00:40:5a:db:5ETV:c9",-87,0,"VC"
1467697163529162,"KTV_WLAN","0a:0ETV:dc:5a:b6:c8",-88,0,"VC"
1467697163529162,"SK_WiFi4C25","00:30:0d:62:4c:24",-93,0,"VC"
1467697628265826,"pplt325","00:26:66:d0:c4:dc",-69,3,"VC"
1467697628265826,"kms","00:26:66:76:37:9c",-90,3,"VC"
1467697638082429,"pplt325","00:26:66:d0:c4:dc",-75,3,"VC"
1467697638082429,"kms","00:26:66:76:37:9c",-90,3,"VC"
1467697638082429,"U+Net40B1","00:27:1c:ea:40:af",-90,3,"VC"
1467697638082429,"SK_WLAN","00:27:1c:08:41:16",-94,3,"VC"
1467697648247210,"pplt325","00:26:66:d0:c4:dc",-76,3,"VC"
1467697648247210,"U+Net40B1","00:27:1c:ea:40:af",-87,3,"VC"
1467697648247210,"SK_WiFiD942","00:23:aa:3d:d9:41",-92,3,"VC"
1467697648247210,"kms","00:26:66:76:37:9c",-93,3,"VC"
1467697648247210,"SK_WLAN","00:27:1c:08:41:16",-94,3,"VC"
1467697648247210,"myLGNet","00:01:36:2d:ea:4c",-94,3,"VC"
1467697648247210,"ichigo-2","90:9f:33:6d:8e:b6",-96,3,"VC"
1467697658143728,"pplt325","00:26:66:d0:c4:dc",-61,3,"VC"
1467697658143728,"U+Net40B1","00:27:1c:ea:40:af",-87,3,"VC"
1467697658143728,"SK_WiFiD942","00:23:aa:3d:d9:41",-92,3,"VC"
1467697658143728,"kms","00:26:66:76:37:9c",-93,3,"VC"
1467697658143728,"SK_WLAN","00:27:1c:08:41:16",-94,3,"VC"
1467697658143728,"myLGNet","00:01:36:2d:ea:4c",-94,3,"VC"
1467697658143728,"ichigo-2","90:9f:33:6d:8e:b6",-96,3,"VC"
1467697668110845,"pplt325","00:26:66:d0:c4:dc",-73,3,"VC"
1467697668110845,"SK_WLAN","00:27:1c:08:41:16",-82,3,"VC"
1467697668110845,"myLGNet","00:01:36:2d:ea:4c",-86,3,"VC"
1467697668110845,"U+Net40B1","00:27:1c:ea:40:af",-87,3,"VC"
1467697668110845,"kms","00:26:66:76:37:9c",-94,3,"VC"
1467697678118211,"pplt325","00:26:66:d0:c4:dc",-80,3,"VC"
1467697678118211,"kms","00:26:66:76:37:9c",-94,3,"VC"
1467697678118211,"SK_WLAN","00:27:1c:08:41:16",-94,3,"VC"
1467697688196661,"pplt325","00:26:66:d0:c4:dc",-70,3,"VC"
1467697688196661,"U+Net40B1","00:27:1c:ea:40:af",-86,3,"VC"
1467697688196661,"myLGNet","00:01:36:2d:ea:4c",-91,3,"VC"
1467697688196661,"SK_WLAN","00:27:1c:08:41:16",-94,3,"VC"
1467697688196661,"ichigo-2","90:9f:33:6d:8e:b6",-94,3,"VC"
1467697698150293,"pplt325","00:26:66:d0:c4:dc",-76,3,"VC"
1467697698150293,"U+Net40B1","00:27:1c:ea:40:af",-86,3,"VC"
1467697698150293,"myLGNet","00:01:36:2d:ea:4c",-91,3,"VC"
1467697698150293,"SK_WLAN","00:27:1c:08:41:16",-92,3,"VC"
1467697698150293,"ichigo-2","90:9f:33:6d:8e:b6",-94,3,"VC"
1467697708073255,"pplt325","00:26:66:d0:c4:dc",-73,3,"VC"
1467697708073255,"SK_WLAN","00:27:1c:08:41:16",-87,3,"VC"
1467697708073255,"ichigo-2","90:9f:33:6d:8e:b6",-94,3,"VC"
1467697718023576,"pplt325","00:26:66:d0:c4:dc",-73,3,"VC"
1467697718023576,"SK_WLAN","00:27:1c:08:41:16",-87,3,"VC"
1467697718023576,"ichigo-2","90:9f:33:6d:8e:b6",-94,3,"VC"
1467697728125227,"pplt325","00:26:66:d0:c4:dc",-76,3,"VC"
1467697728125227,"myLGNet","00:01:36:2d:ea:4c",-92,3,"VC"
1467697728125227,"kms","00:26:66:76:37:9c",-96,3,"VC"
1467697728125227,"SK_WLAN","00:27:1c:08:41:16",-97,3,"VC"
1467697738186782,"pplt325","00:26:66:d0:c4:dc",-70,3,"VC"
1467697738186782,"SK_WLAN","00:27:1c:08:41:16",-90,3,"VC"
1467697738186782,"myLGNet","00:01:36:2d:ea:4c",-96,3,"VC"
1467697738186782,"kms","00:26:66:76:37:9c",-96,3,"VC"
1467697748105316,"pplt325","00:26:66:d0:c4:dc",-69,3,"VC"
1467697748105316,"myLGNet","00:01:36:2d:ea:4c",-86,3,"VC"
1467697748105316,"SK_WLAN","00:27:1c:08:41:16",-91,3,"VC"
1467697758098811,"pplt325","00:26:66:d0:c4:dc",-70,3,"VC"
1467697758098811,"myLGNet","00:01:36:2d:ea:4c",-86,3,"VC"
1467697758098811,"U+Net40B1","00:27:1c:ea:40:af",-86,3,"VC"
1467697758098811,"SK_WLAN","00:27:1c:08:41:16",-91,3,"VC"
1467697768091016,"pplt325","00:26:66:d0:c4:dc",-65,3,"VC"
1467697768091016,"myLGNet","00:01:36:2d:ea:4c",-86,3,"VC"
1467697768091016,"U+Net40B1","00:27:1c:ea:40:af",-86,3,"VC"
1467697768091016,"kms","00:26:66:76:37:9c",-92,3,"VC"
1467697768091016,"SK_WLAN","00:27:1c:08:41:16",-93,3,"VC"
1467697778138667,"pplt325","00:26:66:d0:c4:dc",-68,3,"VC"
1467697778138667,"SK_WLAN","00:27:1c:08:41:16",-90,3,"VC"
1467697778138667,"myLGNet","00:01:36:2d:ea:4c",-91,3,"VC"
1467697778138667,"kms","00:26:66:76:37:9c",-92,3,"VC"
1467697788265958,"pplt325","00:26:66:d0:c4:dc",-77,3,"VC"
1467697788265958,"myLGNet","00:01:36:2d:ea:4c",-91,3,"VC"
1467697788265958,"U+Net40B1","00:27:1c:ea:40:af",-94,3,"VC"
1467697788265958,"SK_WLAN","00:27:1c:08:41:16",-94,3,"VC"
1467697798195841,"pplt325","00:26:66:d0:c4:dc",-68,3,"VC"
1467697798195841,"SK_WLAN","00:27:1c:08:41:16",-89,3,"VC"
1467697798195841,"kms","00:26:66:76:37:9c",-91,3,"VC"
1467697798195841,"U+Net40B1","00:27:1c:ea:40:af",-91,3,"VC"
1467697808167811,"pplt325","00:26:66:d0:c4:dc",-71,3,"VC"
1467697808167811,"myLGNet","00:01:36:2d:ea:4c",-88,3,"VC"
1467697808167811,"SK_WLAN","00:27:1c:08:41:16",-90,3,"VC"
1467697808167811,"kms","00:26:66:76:37:9c",-91,3,"VC"
1467697808167811,"U+Net40B1","00:27:1c:ea:40:af",-91,3,"VC"
1467697818152794,"pplt325","00:26:66:d0:c4:dc",-71,3,"VC"
1467697818152794,"SK_WLAN","00:27:1c:08:41:16",-87,3,"VC"
1467697818152794,"myLGNet","00:01:36:2d:ea:4c",-90,3,"VC"
1467697818152794,"U+Net40B1","00:27:1c:ea:40:af",-91,3,"VC"
1467697818152794,"kms","00:26:66:76:37:9c",-93,3,"VC"
1467697828189902,"pplt325","00:26:66:d0:c4:dc",-66,3,"VC"
1467697828189902,"SK_WLAN","00:27:1c:08:41:16",-86,3,"VC"
1467697828189902,"myLGNet","00:01:36:2d:ea:4c",-90,3,"VC"
1467697828189902,"U+Net40B1","00:27:1c:ea:40:af",-91,3,"VC"
1467697828189902,"kms","00:26:66:76:37:9c",-93,3,"VC"
1467697828189902,"SK_WiFiD942","00:23:aa:3d:d9:41",-98,3,"VC"
1467697838109434,"pplt325","00:26:66:d0:c4:dc",-67,3,"VC"
1467697838109434,"SK_WLAN","00:27:1c:08:41:16",-86,3,"VC"
1467697838109434,"myLGNet","00:01:36:2d:ea:4c",-90,3,"VC"
1467697838109434,"SK_WiFiD942","00:23:aa:3d:d9:41",-98,3,"VC"
1467697848328484,"pplt325","00:26:66:d0:c4:dc",-68,3,"VC"
1467697848328484,"myLGNet","00:01:36:2d:ea:4c",-88,3,"VC"
1467697848328484,"SK_WLAN","00:27:1c:08:41:16",-89,3,"VC"
1467697858109939,"pplt325","00:26:66:d0:c4:dc",-67,3,"VC"
1467697858109939,"myLGNet","00:01:36:2d:ea:4c",-86,3,"VC"
1467697858109939,"SK_WLAN","00:27:1c:08:41:16",-91,3,"VC"
1467697868019335,"pplt325","00:26:66:d0:c4:dc",-66,3,"VC"
1467697868019335,"myLGNet","00:01:36:2d:ea:4c",-86,3,"VC"
1467697868019335,"SK_WLAN","00:27:1c:08:41:16",-90,3,"VC"
1467697878262072,"pplt325","00:26:66:d0:c4:dc",-74,3,"VC"
1467697878262072,"U+Net40B1","00:27:1c:ea:40:af",-87,3,"VC"
1467697878262072,"myLGNet","00:01:36:2d:ea:4c",-88,3,"VC"
1467697878262072,"SK_WLAN","00:27:1c:08:41:16",-89,3,"VC"
1467697888179327,"pplt325","00:26:66:d0:c4:dc",-64,3,"VC"
1467697888179327,"myLGNet","00:01:36:2d:ea:4c",-80,3,"VC"
1467697888179327,"U+Net40B1","00:27:1c:ea:40:af",-87,3,"VC"
1467697888179327,"SK_WLAN","00:27:1c:08:41:16",-88,3,"VC"
1467697888179327,"SK_WiFiD942","00:23:aa:3d:d9:41",-93,3,"VC"
1467697898120220,"pplt325","00:26:66:d0:c4:dc",-64,3,"VC"
1467697898120220,"U+Net40B1","00:27:1c:ea:40:af",-79,3,"VC"
1467697898120220,"myLGNet","00:01:36:2d:ea:4c",-80,3,"VC"
1467697898120220,"SK_WiFiD942","00:23:aa:3d:d9:41",-92,3,"VC"
1467697898120220,"SK_WLAN","00:27:1c:08:41:16",-95,3,"VC"
1467697908189872,"pplt325","00:26:66:d0:c4:dc",-67,3,"VC"
1467697908189872,"myLGNet","00:01:36:2d:ea:4c",-76,3,"VC"
1467697908189872,"U+Net40B1","00:27:1c:ea:40:af",-79,3,"VC"
1467697908189872,"SK_WLAN","00:27:1c:08:41:16",-87,3,"VC"
1467697908189872,"SK_WiFiD942","00:23:aa:3d:d9:41",-92,3,"VC"
1467697918131625,"pplt325","00:26:66:d0:c4:dc",-65,3,"VC"
1467697918131625,"myLGNet","00:01:36:2d:ea:4c",-76,3,"VC"
1467697918131625,"SK_WLAN","00:27:1c:08:41:16",-87,3,"VC"
1467697918131625,"SK_WiFiD942","00:23:aa:3d:d9:41",-92,3,"VC"
1467697928032603,"pplt325","00:26:66:d0:c4:dc",-68,3,"VC"
1467697928032603,"myLGNet","00:01:36:2d:ea:4c",-86,3,"VC"
1467697928032603,"SK_WLAN","00:27:1c:08:41:16",-91,3,"VC"
1467697928032603,"SK_WiFiD942","00:23:aa:3d:d9:41",-91,3,"VC"
1467697938116653,"pplt325","00:26:66:d0:c4:dc",-65,3,"VC"
1467697938116653,"U+Net40B1","00:27:1c:ea:40:af",-91,3,"VC"
1467697938116653,"SK_WLAN","00:27:1c:08:41:16",-92,3,"VC"
1467698022788271,"pplt325","00:26:66:d0:c4:dc",-63,0,"TV"
1467698022788271,"U+Net40B1","00:27:1c:ea:40:af",-59,0,"TV"
1467698022788271,"myLGNet","00:01:36:2d:ea:4c",-76,0,"TV"
1467698022788271,"SK_WLAN","00:27:1c:08:41:16",-86,0,"TV"
1467698022788271,"SK_WiFi4C25","00:30:0d:62:4c:24",-96,0,"TV"
1467698032525085,"pplt325","00:26:66:d0:c4:dc",-67,0,"TV"
1467698032525085,"U+Net40B1","00:27:1c:ea:40:af",-76,0,"TV"
1467698032525085,"myLGNet","00:01:36:2d:ea:4c",-85,0,"TV"
1467698032525085,"SK_WLAN","00:27:1c:08:41:16",-86,0,"TV"
1467698032525085,"SK_WiFi4C25","00:30:0d:62:4c:24",-96,0,"TV"
1467698042613288,"pplt325","00:26:66:d0:c4:dc",-66,0,"TV"
1467698042613288,"U+Net40B1","00:27:1c:ea:40:af",-76,0,"TV"
1467698042613288,"SK_WLAN","00:27:1c:08:41:16",-85,0,"TV"
1467698042613288,"myLGNet","00:01:36:2d:ea:4c",-87,0,"TV"
1467698052462318,"pplt325","00:26:66:d0:c4:dc",-60,0,"TV"
1467698052462318,"U+Net40B1","00:27:1c:ea:40:af",-76,0,"TV"
1467698052462318,"SK_WLAN","00:27:1c:08:41:16",-85,0,"TV"
1467698052462318,"myLGNet","00:01:36:2d:ea:4c",-87,0,"TV"
1467698052462318,"SK_WiFi4C25","00:30:0d:62:4c:24",-94,0,"TV"
1467698062427354,"pplt325","00:26:66:d0:c4:dc",-57,0,"TV"
1467698062427354,"U+Net40B1","00:27:1c:ea:40:af",-64,0,"TV"
1467698062427354,"myLGNet","00:01:36:2d:ea:4c",-75,0,"TV"
1467698062427354,"SK_WLAN","00:27:1c:08:41:16",-83,0,"TV"
1467698062427354,"SK_WiFi4C25","00:30:0d:62:4c:24",-94,0,"TV"
1467698072688888,"pplt325","00:26:66:d0:c4:dc",-58,0,"TV"
1467698072688888,"myLGNet","00:01:36:2d:ea:4c",-72,0,"TV"
1467698072688888,"U+Net40B1","00:27:1c:ea:40:af",-78,0,"TV"
1467698072688888,"SK_WLAN","00:27:1c:08:41:16",-84,0,"TV"
1467698072688888,"SK_WiFi4C25","00:30:0d:62:4c:24",-92,0,"TV"
1467698082494193,"pplt325","00:26:66:d0:c4:dc",-59,0,"TV"
1467698082494193,"myLGNet","00:01:36:2d:ea:4c",-72,0,"TV"
1467698082494193,"U+Net40B1","00:27:1c:ea:40:af",-78,0,"TV"
1467698082494193,"SK_WLAN","00:27:1c:08:41:16",-84,0,"TV"
1467698082494193,"SK_WiFi4C25","00:30:0d:62:4c:24",-92,0,"TV"
1467698092519266,"pplt325","00:26:66:d0:c4:dc",-76,0,"TV"
1467698092519266,"U+Net40B1","00:27:1c:ea:40:af",-63,0,"TV"
1467698092519266,"myLGNet","00:01:36:2d:ea:4c",-74,0,"TV"
1467698092519266,"SK_WLAN","00:27:1c:08:41:16",-84,0,"TV"
1467698092519266,"SK_WiFi4C25","00:30:0d:62:4c:24",-92,0,"TV"
1467698102474306,"pplt325","00:26:66:d0:c4:dc",-74,0,"TV"
1467698102474306,"U+Net40B1","00:27:1c:ea:40:af",-79,0,"TV"
1467698102474306,"SK_WLAN","00:27:1c:08:41:16",-84,0,"TV"
1467698102474306,"myLGNet","00:01:36:2d:ea:4c",-86,0,"TV"
1467698112519419,"pplt325","00:26:66:d0:c4:dc",-70,0,"TV"
1467698112519419,"U+Net40B1","00:27:1c:ea:40:af",-80,0,"TV"
1467698112519419,"SK_WLAN","00:27:1c:08:41:16",-82,0,"TV"
1467698112519419,"myLGNet","00:01:36:2d:ea:4c",-88,0,"TV"
1467698122490847,"pplt325","00:26:66:d0:c4:dc",-72,0,"TV"
1467698122490847,"U+Net40B1","00:27:1c:ea:40:af",-80,0,"TV"
1467698122490847,"SK_WLAN","00:27:1c:08:41:16",-82,0,"TV"
1467698122490847,"myLGNet","00:01:36:2d:ea:4c",-88,0,"TV"
1467698132577397,"pplt325","00:26:66:d0:c4:dc",-69,0,"TV"
1467698132577397,"U+Net40B1","00:27:1c:ea:40:af",-79,0,"TV"
1467698132577397,"SK_WLAN","00:27:1c:08:41:16",-86,0,"TV"
1467698132577397,"myLGNet","00:01:36:2d:ea:4c",-87,0,"TV"
1467698142749242,"pplt325","00:26:66:d0:c4:dc",-65,0,"TV"
1467698142749242,"U+Net40B1","00:27:1c:ea:40:af",-74,0,"TV"
1467698142749242,"SK_WLAN","00:27:1c:08:41:16",-84,0,"TV"
1467698142749242,"myLGNet","00:01:36:2d:ea:4c",-87,0,"TV"
1467698152706320,"pplt325","00:26:66:d0:c4:dc",-65,0,"TV"
1467698152706320,"U+Net40B1","00:27:1c:ea:40:af",-71,0,"TV"
1467698152706320,"SK_WLAN","00:27:1c:08:41:16",-85,0,"TV"
1467698152706320,"myLGNet","00:01:36:2d:ea:4c",-88,0,"TV"
1467698162565478,"pplt325","00:26:66:d0:c4:dc",-66,0,"TV"
1467698162565478,"U+Net40B1","00:27:1c:ea:40:af",-71,0,"TV"
1467698162565478,"myLGNet","00:01:36:2d:ea:4c",-91,0,"TV"
1467698162565478,"SK_WLAN","00:27:1c:08:41:16",-93,0,"TV"
1467698172547216,"pplt325","00:26:66:d0:c4:dc",-64,0,"TV"
1467698172547216,"U+Net40B1","00:27:1c:ea:40:af",-64,0,"TV"
1467698172547216,"SK_WLAN","00:27:1c:08:41:16",-85,0,"TV"
1467698172547216,"myLGNet","00:01:36:2d:ea:4c",-91,0,"TV"
1467698172547216,"SK_WiFiD942","00:23:aa:3d:d9:41",-100,0,"TV"
1467698182517230,"pplt325","00:26:66:d0:c4:dc",-64,0,"TV"
1467698182517230,"U+Net40B1","00:27:1c:ea:40:af",-65,0,"TV"
1467698182517230,"myLGNet","00:01:36:2d:ea:4c",-85,0,"TV"
1467698182517230,"SK_WLAN","00:27:1c:08:41:16",-86,0,"TV"
1467698182517230,"SK_WiFiD942","00:23:aa:3d:d9:41",-100,0,"TV"
1467698192486492,"pplt325","00:26:66:d0:c4:dc",-62,0,"TV"
1467698192486492,"U+Net40B1","00:27:1c:ea:40:af",-64,0,"TV"
1467698192486492,"SK_WLAN","00:27:1c:08:41:16",-84,0,"TV"
1467698192486492,"myLGNet","00:01:36:2d:ea:4c",-89,0,"TV"
1467698202540100,"pplt325","00:26:66:d0:c4:dc",-65,0,"TV"
1467698202540100,"U+Net40B1","00:27:1c:ea:40:af",-64,0,"TV"
1467698202540100,"SK_WLAN","00:27:1c:08:41:16",-84,0,"TV"
1467698202540100,"myLGNet","00:01:36:2d:ea:4c",-89,0,"TV"
1467698212517933,"pplt325","00:26:66:d0:c4:dc",-63,0,"TV"
1467698212517933,"myLGNet","00:01:36:2d:ea:4c",-76,0,"TV"
1467698212517933,"U+Net40B1","00:27:1c:ea:40:af",-81,0,"TV"
1467698212517933,"SK_WLAN","00:27:1c:08:41:16",-85,0,"TV"
1467698212517933,"SK_WiFiD942","00:23:aa:3d:d9:41",-95,0,"TV"
1467698247249081,"pplt325","00:26:66:d0:c4:dc",-51,0,"TV"
1467698247249081,"U+Net40B1","00:27:1c:ea:40:af",-57,0,"TV"
1467698247249081,"myLGNet","00:01:36:2d:ea:4c",-75,0,"TV"
1467698247249081,"SK_WLAN","00:27:1c:08:41:16",-81,0,"TV"
1467698247249081,"SK_WiFi4C25","00:30:0d:62:4c:24",-89,0,"TV"
1467698247249081,"SK_WiFiD942","00:23:aa:3d:d9:41",-89,0,"TV"
1467698257260955,"pplt325","00:26:66:d0:c4:dc",-50,0,"TV"
1467698257260955,"U+Net40B1","00:27:1c:ea:40:af",-57,0,"TV"
1467698257260955,"myLGNet","00:01:36:2d:ea:4c",-74,0,"TV"
1467698257260955,"SK_WLAN","00:27:1c:08:41:16",-81,0,"TV"
1467698257260955,"SK_WiFiD942","00:23:aa:3d:d9:41",-89,0,"TV"
1467698257260955,"SK_WiFi4C25","00:30:0d:62:4c:24",-90,0,"TV"
1467698267103109,"pplt325","00:26:66:d0:c4:dc",-51,0,"TV"
1467698267103109,"U+Net40B1","00:27:1c:ea:40:af",-57,0,"TV"
1467698267103109,"myLGNet","00:01:36:2d:ea:4c",-74,0,"TV"
1467698267103109,"SK_WLAN","00:27:1c:08:41:16",-81,0,"TV"
1467698267103109,"SK_WiFiD942","00:23:aa:3d:d9:41",-89,0,"TV"
1467698267103109,"SK_WiFi4C25","00:30:0d:62:4c:24",-90,0,"TV"
1467698277186923,"pplt325","00:26:66:d0:c4:dc",-51,0,"TV"
1467698277186923,"U+Net40B1","00:27:1c:ea:40:af",-57,0,"TV"
1467698277186923,"myLGNet","00:01:36:2d:ea:4c",-72,0,"TV"
1467698277186923,"SK_WLAN","00:27:1c:08:41:16",-78,0,"TV"
1467698277186923,"SK_WiFiD942","00:23:aa:3d:d9:41",-89,0,"TV"
1467698277186923,"SK_WiFi4C25","00:30:0d:62:4c:24",-91,0,"TV"
1467698287210570,"pplt325","00:26:66:d0:c4:dc",-51,0,"TV"
1467698287210570,"U+Net40B1","00:27:1c:ea:40:af",-57,0,"TV"
1467698287210570,"myLGNet","00:01:36:2d:ea:4c",-72,0,"TV"
1467698287210570,"SK_WLAN","00:27:1c:08:41:16",-78,0,"TV"
1467698287210570,"SK_WiFiD942","00:23:aa:3d:d9:41",-89,0,"TV"
1467698287210570,"SK_WiFi4C25","00:30:0d:62:4c:24",-91,0,"TV"
1467698297257068,"pplt325","00:26:66:d0:c4:dc",-49,0,"TV"
1467698297257068,"U+Net40B1","00:27:1c:ea:40:af",-56,0,"TV"
1467698297257068,"myLGNet","00:01:36:2d:ea:4c",-77,0,"TV"
1467698297257068,"SK_WLAN","00:27:1c:08:41:16",-80,0,"TV"
1467698297257068,"SK_WiFiD942","00:23:aa:3d:d9:41",-87,0,"TV"
1467698297257068,"SK_WiFi4C25","00:30:0d:62:4c:24",-90,0,"TV"
1467698307244023,"pplt325","00:26:66:d0:c4:dc",-55,0,"TV"
1467698307244023,"U+Net40B1","00:27:1c:ea:40:af",-57,0,"TV"
1467698307244023,"myLGNet","00:01:36:2d:ea:4c",-83,0,"TV"
1467698307244023,"SK_WLAN","00:27:1c:08:41:16",-83,0,"TV"
1467698307244023,"SK_WiFiD942","00:23:aa:3d:d9:41",-89,0,"TV"
1467698307244023,"SK_WiFi4C25","00:30:0d:62:4c:24",-90,0,"TV"
1467698317180192,"pplt325","00:26:66:d0:c4:dc",-55,0,"TV"
1467698317180192,"U+Net40B1","00:27:1c:ea:40:af",-60,0,"TV"
1467698317180192,"myLGNet","00:01:36:2d:ea:4c",-71,0,"TV"
1467698317180192,"SK_WLAN","00:27:1c:08:41:16",-81,0,"TV"
1467698317180192,"SK_WiFiD942","00:23:aa:3d:d9:41",-89,0,"TV"
1467698317180192,"SK_WiFi4C25","00:30:0d:62:4c:24",-92,0,"TV"
1467698327084311,"pplt325","00:26:66:d0:c4:dc",-53,0,"TV"
1467698327084311,"U+Net40B1","00:27:1c:ea:40:af",-60,0,"TV"
1467698327084311,"myLGNet","00:01:36:2d:ea:4c",-71,0,"TV"
1467698327084311,"SK_WLAN","00:27:1c:08:41:16",-81,0,"TV"
1467698327084311,"SK_WiFi4C25","00:30:0d:62:4c:24",-92,0,"TV"
1467698337068695,"pplt325","00:26:66:d0:c4:dc",-53,0,"TV"
1467698337068695,"U+Net40B1","00:27:1c:ea:40:af",-59,0,"TV"
1467698337068695,"myLGNet","00:01:36:2d:ea:4c",-74,0,"TV"
1467698337068695,"SK_WLAN","00:27:1c:08:41:16",-75,0,"TV"
1467698337068695,"SK_WiFiD942","00:23:aa:3d:d9:41",-91,0,"TV"
1467698337068695,"SK_WiFi4C25","00:30:0d:62:4c:24",-92,0,"TV"
1467698347056141,"pplt325","00:26:66:d0:c4:dc",-56,0,"TV"
1467698347056141,"U+Net40B1","00:27:1c:ea:40:af",-59,0,"TV"
1467698347056141,"myLGNet","00:01:36:2d:ea:4c",-74,0,"TV"
1467698347056141,"SK_WLAN","00:27:1c:08:41:16",-75,0,"TV"
1467698347056141,"SK_WiFiD942","00:23:aa:3d:d9:41",-91,0,"TV"
1467698347056141,"SK_WiFi4C25","00:30:0d:62:4c:24",-92,0,"TV"
1467698357175982,"pplt325","00:26:66:d0:c4:dc",-55,0,"TV"
1467698357175982,"U+Net40B1","00:27:1c:ea:40:af",-58,0,"TV"
1467698357175982,"myLGNet","00:01:36:2d:ea:4c",-73,0,"TV"
1467698357175982,"SK_WLAN","00:27:1c:08:41:16",-78,0,"TV"
1467698357175982,"SK_WiFiD942","00:23:aa:3d:d9:41",-89,0,"TV"
1467698357175982,"SK_WiFi4C25","00:30:0d:62:4c:24",-91,0,"TV"
1467698367113881,"pplt325","00:26:66:d0:c4:dc",-52,0,"TV"
1467698367113881,"U+Net40B1","00:27:1c:ea:40:af",-62,0,"TV"
1467698367113881,"myLGNet","00:01:36:2d:ea:4c",-75,0,"TV"
1467698367113881,"SK_WLAN","00:27:1c:08:41:16",-78,0,"TV"
1467698367113881,"SK_WiFiD942","00:23:aa:3d:d9:41",-89,0,"TV"
1467698367113881,"SK_WiFi4C25","00:30:0d:62:4c:24",-94,0,"TV"
1467698377287437,"pplt325","00:26:66:d0:c4:dc",-53,0,"TV"
1467698377287437,"U+Net40B1","00:27:1c:ea:40:af",-58,0,"TV"
1467698377287437,"myLGNet","00:01:36:2d:ea:4c",-73,0,"TV"
1467698377287437,"SK_WLAN","00:27:1c:08:41:16",-78,0,"TV"
1467698377287437,"SK_WiFi4C25","00:30:0d:62:4c:24",-90,0,"TV"
1467698387227009,"pplt325","00:26:66:d0:c4:dc",-52,0,"TV"
1467698387227009,"U+Net40B1","00:27:1c:ea:40:af",-58,0,"TV"
1467698387227009,"myLGNet","00:01:36:2d:ea:4c",-73,0,"TV"
1467698387227009,"SK_WLAN","00:27:1c:08:41:16",-78,0,"TV"
1467698387227009,"SK_WiFi4C25","00:30:0d:62:4c:24",-90,0,"TV"
1467698387227009,"SK_WiFiD942","00:23:aa:3d:d9:41",-91,0,"TV"
1467698397265798,"pplt325","00:26:66:d0:c4:dc",-54,0,"TV"
1467698397265798,"U+Net40B1","00:27:1c:ea:40:af",-61,0,"TV"
1467698397265798,"myLGNet","00:01:36:2d:ea:4c",-74,0,"TV"
1467698397265798,"SK_WLAN","00:27:1c:08:41:16",-79,0,"TV"
1467698397265798,"SK_WiFi4C25","00:30:0d:62:4c:24",-90,0,"TV"
1467698397265798,"SK_WiFiD942","00:23:aa:3d:d9:41",-91,0,"TV"
1467698407338383,"pplt325","00:26:66:d0:c4:dc",-37,0,"TV"
1467698407338383,"U+Net40B1","00:27:1c:ea:40:af",-59,0,"TV"
1467698407338383,"SK_WLAN","00:27:1c:08:41:16",-70,0,"TV"
1467698407338383,"myLGNet","00:01:36:2d:ea:4c",-78,0,"TV"
1467698407338383,"SK_WiFi4C25","00:30:0d:62:4c:24",-90,0,"TV"
1467698407338383,"SK_WiFiD942","00:23:aa:3d:d9:41",-90,0,"TV"
1467698417219142,"pplt325","00:26:66:d0:c4:dc",-47,0,"TV"
1467698417219142,"U+Net40B1","00:27:1c:ea:40:af",-59,0,"TV"
1467698417219142,"SK_WLAN","00:27:1c:08:41:16",-70,0,"TV"
1467698417219142,"myLGNet","00:01:36:2d:ea:4c",-78,0,"TV"
1467698417219142,"SK_WiFi4C25","00:30:0d:62:4c:24",-90,0,"TV"
1467698417219142,"SK_WiFiD942","00:23:aa:3d:d9:41",-90,0,"TV"
1467698427170742,"pplt325","00:26:66:d0:c4:dc",-50,0,"TV"
1467698427170742,"U+Net40B1","00:27:1c:ea:40:af",-66,0,"TV"
1467698427170742,"SK_WLAN","00:27:1c:08:41:16",-70,0,"TV"
1467698427170742,"myLGNet","00:01:36:2d:ea:4c",-81,0,"TV"
1467698427170742,"SK_WiFiD942","00:23:aa:3d:d9:41",-89,0,"TV"
1467698427170742,"SK_WiFi4C25","00:30:0d:62:4c:24",-90,0,"TV"
1467698437229233,"pplt325","00:26:66:d0:c4:dc",-49,0,"TV"
1467698437229233,"U+Net40B1","00:27:1c:ea:40:af",-62,0,"TV"
1467698437229233,"SK_WLAN","00:27:1c:08:41:16",-70,0,"TV"
1467698437229233,"myLGNet","00:01:36:2d:ea:4c",-75,0,"TV"
1467698437229233,"SK_WiFiD942","00:23:aa:3d:d9:41",-88,0,"TV"
1467698437229233,"SK_WiFi4C25","00:30:0d:62:4c:24",-92,0,"TV"
1467698447193563,"pplt325","00:26:66:d0:c4:dc",-47,0,"TV"
1467698447193563,"U+Net40B1","00:27:1c:ea:40:af",-59,0,"TV"
1467698447193563,"SK_WLAN","00:27:1c:08:41:16",-70,0,"TV"
1467698447193563,"myLGNet","00:01:36:2d:ea:4c",-73,0,"TV"
1467698447193563,"SK_WiFiD942","00:23:aa:3d:d9:41",-89,0,"TV"
1467698447193563,"SK_WiFi4C25","00:30:0d:62:4c:24",-89,0,"TV"
1467698457077310,"pplt325","00:26:66:d0:c4:dc",-47,0,"TV"
1467698457077310,"U+Net40B1","00:27:1c:ea:40:af",-59,0,"TV"
1467698457077310,"SK_WLAN","00:27:1c:08:41:16",-70,0,"TV"
1467698457077310,"myLGNet","00:01:36:2d:ea:4c",-73,0,"TV"
1467698457077310,"SK_WiFiD942","00:23:aa:3d:d9:41",-89,0,"TV"
1467698457077310,"SK_WiFi4C25","00:30:0d:62:4c:24",-89,0,"TV"
1467698484542903,"pplt325","00:26:66:d0:c4:dc",-42,0,"TV"
1467698484542903,"myLGNet","00:01:36:2d:ea:4c",-73,0,"TV"
1467698484542903,"SK_WLAN","00:27:1c:08:41:16",-79,0,"TV"
1467698484542903,"U+Net40B1","00:27:1c:ea:40:af",-81,0,"TV"
1467698484542903,"SK_WiFiD942","00:23:aa:3d:d9:41",-88,0,"TV"
1467698484542903,"SK_WiFi4C25","00:30:0d:62:4c:24",-91,0,"TV"
1467698494341189,"pplt325","00:26:66:d0:c4:dc",-39,0,"TV"
1467698494341189,"U+Net40B1","00:27:1c:ea:40:af",-59,0,"TV"
1467698494341189,"SK_WLAN","00:27:1c:08:41:16",-77,0,"TV"
1467698494341189,"myLGNet","00:01:36:2d:ea:4c",-82,0,"TV"
1467698494341189,"SK_WiFiD942","00:23:aa:3d:d9:41",-89,0,"TV"
1467698494341189,"SK_WiFi4C25","00:30:0d:62:4c:24",-95,0,"TV"
1467698504348132,"pplt325","00:26:66:d0:c4:dc",-45,0,"TV"
1467698504348132,"U+Net40B1","00:27:1c:ea:40:af",-64,0,"TV"
1467698504348132,"SK_WLAN","00:27:1c:08:41:16",-80,0,"TV"
1467698504348132,"myLGNet","00:01:36:2d:ea:4c",-80,0,"TV"
1467698504348132,"SK_WiFiD942","00:23:aa:3d:d9:41",-89,0,"TV"
1467698504348132,"SK_WiFi4C25","00:30:0d:62:4c:24",-95,0,"TV"
1467698514334022,"pplt325","00:26:66:d0:c4:dc",-40,0,"TV"
1467698514334022,"U+Net40B1","00:27:1c:ea:40:af",-71,0,"TV"
1467698514334022,"SK_WLAN","00:27:1c:08:41:16",-80,0,"TV"
1467698514334022,"myLGNet","00:01:36:2d:ea:4c",-84,0,"TV"
1467698514334022,"SK_WiFiD942","00:23:aa:3d:d9:41",-89,0,"TV"
1467698524237329,"pplt325","00:26:66:d0:c4:dc",-47,0,"TV"
1467698524237329,"U+Net40B1","00:27:1c:ea:40:af",-62,0,"TV"
1467698524237329,"myLGNet","00:01:36:2d:ea:4c",-71,0,"TV"
1467698524237329,"SK_WLAN","00:27:1c:08:41:16",-75,0,"TV"
1467698524237329,"SK_WiFiD942","00:23:aa:3d:d9:41",-89,0,"TV"
1467698534298801,"pplt325","00:26:66:d0:c4:dc",-47,0,"TV"
1467698534298801,"U+Net40B1","00:27:1c:ea:40:af",-69,0,"TV"
1467698534298801,"SK_WLAN","00:27:1c:08:41:16",-73,0,"TV"
1467698534298801,"myLGNet","00:01:36:2d:ea:4c",-74,0,"TV"
1467698534298801,"SK_WiFiD942","00:23:aa:3d:d9:41",-87,0,"TV"
1467698544296971,"pplt325","00:26:66:d0:c4:dc",-45,0,"TV"
1467698544296971,"U+Net40B1","00:27:1c:ea:40:af",-67,0,"TV"
1467698544296971,"SK_WLAN","00:27:1c:08:41:16",-73,0,"TV"
1467698544296971,"myLGNet","00:01:36:2d:ea:4c",-73,0,"TV"
1467698544296971,"SK_WiFiD942","00:23:aa:3d:d9:41",-86,0,"TV"
1467698554298460,"pplt325","00:26:66:d0:c4:dc",-46,0,"TV"
1467698554298460,"U+Net40B1","00:27:1c:ea:40:af",-59,0,"TV"
1467698554298460,"SK_WLAN","00:27:1c:08:41:16",-73,0,"TV"
1467698554298460,"myLGNet","00:01:36:2d:ea:4c",-73,0,"TV"
1467698554298460,"SK_WiFiD942","00:23:aa:3d:d9:41",-86,0,"TV"
1467698554298460,"myLGNet9066","00:40:5a:db:5e:c9",-95,0,"TV"
1467698564343142,"pplt325","00:26:66:d0:c4:dc",-39,0,"TV"
1467698564343142,"U+Net40B1","00:27:1c:ea:40:af",-68,0,"TV"
1467698564343142,"SK_WLAN","00:27:1c:08:41:16",-73,0,"TV"
1467698564343142,"myLGNet","00:01:36:2d:ea:4c",-74,0,"TV"
1467698564343142,"SK_WiFiD942","00:23:aa:3d:d9:41",-86,0,"TV"
1467698564343142,"myLGNet9066","00:40:5a:db:5e:c9",-95,0,"TV"
1467698574258905,"pplt325","00:26:66:d0:c4:dc",-38,0,"TV"
1467698574258905,"U+Net40B1","00:27:1c:ea:40:af",-68,0,"TV"
1467698574258905,"SK_WLAN","00:27:1c:08:41:16",-73,0,"TV"
1467698574258905,"myLGNet","00:01:36:2d:ea:4c",-74,0,"TV"
1467698574258905,"SK_WiFiD942","00:23:aa:3d:d9:41",-86,0,"TV"
1467698574258905,"iptime_skt","90:9f:33:40:a0:9e",-94,0,"TV"
1467698574258905,"myLGNet9066","00:40:5a:db:5e:c9",-95,0,"TV"
1467698584353049,"pplt325","00:26:66:d0:c4:dc",-50,0,"TV"
1467698584353049,"U+Net40B1","00:27:1c:ea:40:af",-62,0,"TV"
1467698584353049,"SK_WLAN","00:27:1c:08:41:16",-71,0,"TV"
1467698584353049,"myLGNet","00:01:36:2d:ea:4c",-72,0,"TV"
1467698584353049,"SK_WiFiD942","00:23:aa:3d:d9:41",-93,0,"TV"
1467698584353049,"iptime_skt","90:9f:33:40:a0:9e",-94,0,"TV"
1467698584353049,"myLGNet9066","00:40:5a:db:5e:c9",-96,0,"TV"
1467698584353049,"SK_WiFi4C25","00:30:0d:62:4c:24",-97,0,"TV"
1467698594358108,"pplt325","00:26:66:d0:c4:dc",-48,0,"TV"
1467698594358108,"U+Net40B1","00:27:1c:ea:40:af",-69,0,"TV"
1467698594358108,"SK_WLAN","00:27:1c:08:41:16",-71,0,"TV"
1467698594358108,"myLGNet","00:01:36:2d:ea:4c",-71,0,"TV"
1467698594358108,"SK_WiFiD942","00:23:aa:3d:d9:41",-87,0,"TV"
1467698594358108,"SK_WiFi4C25","00:30:0d:62:4c:24",-97,0,"TV"
1467698604199234,"pplt325","00:26:66:d0:c4:dc",-44,0,"TV"
1467698604199234,"U+Net40B1","00:27:1c:ea:40:af",-62,0,"TV"
1467698604199234,"myLGNet","00:01:36:2d:ea:4c",-72,0,"TV"
1467698604199234,"SK_WLAN","00:27:1c:08:41:16",-74,0,"TV"
1467698604199234,"SK_WiFiD942","00:23:aa:3d:d9:41",-87,0,"TV"
1467698604199234,"SK_WiFi4C25","00:30:0d:62:4c:24",-97,0,"TV"
1467698614188734,"pplt325","00:26:66:d0:c4:dc",-42,0,"TV"
1467698614188734,"U+Net40B1","00:27:1c:ea:40:af",-67,0,"TV"
1467698614188734,"SK_WLAN","00:27:1c:08:41:16",-71,0,"TV"
1467698614188734,"myLGNet","00:01:36:2d:ea:4c",-72,0,"TV"
1467698614188734,"SK_WiFiD942","00:23:aa:3d:d9:41",-87,0,"TV"
1467698614188734,"SK_WiFi4C25","00:30:0d:62:4c:24",-99,0,"TV"
1467698624239003,"pplt325","00:26:66:d0:c4:dc",-44,0,"TV"
1467698624239003,"U+Net40B1","00:27:1c:ea:40:af",-62,0,"TV"
1467698624239003,"myLGNet","00:01:36:2d:ea:4c",-72,0,"TV"
1467698624239003,"SK_WLAN","00:27:1c:08:41:16",-74,0,"TV"
1467698624239003,"SK_WiFiD942","00:23:aa:3d:d9:41",-89,0,"TV"
1467698624239003,"SK_WiFi4C25","00:30:0d:62:4c:24",-99,0,"TV"
1467698634259720,"pplt325","00:26:66:d0:c4:dc",-45,0,"TV"
1467698634259720,"U+Net40B1","00:27:1c:ea:40:af",-62,0,"TV"
1467698634259720,"myLGNet","00:01:36:2d:ea:4c",-72,0,"TV"
1467698634259720,"SK_WLAN","00:27:1c:08:41:16",-74,0,"TV"
1467698634259720,"SK_WiFiD942","00:23:aa:3d:d9:41",-89,0,"TV"
1467698644334866,"pplt325","00:26:66:d0:c4:dc",-41,0,"TV"
1467698644334866,"U+Net40B1","00:27:1c:ea:40:af",-59,0,"TV"
1467698644334866,"myLGNet","00:01:36:2d:ea:4c",-71,0,"TV"
1467698644334866,"SK_WLAN","00:27:1c:08:41:16",-75,0,"TV"
1467698644334866,"SK_WiFiD942","00:23:aa:3d:d9:41",-87,0,"TV"
1467698654200572,"pplt325","00:26:66:d0:c4:dc",-41,0,"TV"
1467698654200572,"myLGNet","00:01:36:2d:ea:4c",-75,0,"TV"
1467698654200572,"SK_WLAN","00:27:1c:08:41:16",-76,0,"TV"
1467698654200572,"U+Net40B1","00:27:1c:ea:40:af",-78,0,"TV"
1467698654200572,"SK_WiFiD942","00:23:aa:3d:d9:41",-88,0,"TV"
1467698664269428,"pplt325","00:26:66:d0:c4:dc",-43,0,"TV"
1467698664269428,"U+Net40B1","00:27:1c:ea:40:af",-60,0,"TV"
1467698664269428,"SK_WLAN","00:27:1c:08:41:16",-77,0,"TV"
1467698664269428,"myLGNet","00:01:36:2d:ea:4c",-77,0,"TV"
1467698664269428,"SK_WiFiD942","00:23:aa:3d:d9:41",-89,0,"TV"
1467698674223533,"pplt325","00:26:66:d0:c4:dc",-38,0,"TV"
1467698674223533,"U+Net40B1","00:27:1c:ea:40:af",-60,0,"TV"
1467698674223533,"SK_WLAN","00:27:1c:08:41:16",-77,0,"TV"
1467698674223533,"myLGNet","00:01:36:2d:ea:4c",-77,0,"TV"
1467698674223533,"SK_WiFiD942","00:23:aa:3d:d9:41",-89,0,"TV"
1467698674223533,"iptime_skt","90:9f:33:40:a0:9e",-95,0,"TV"
1467699089293484,"pplt325","00:26:66:d0:c4:dc",-74,1,"ET"
1467699089293484,"U+Net40B1","00:27:1c:ea:40:af",-79,1,"ET"
1467699089293484,"SK_WLAN","00:27:1c:08:41:16",-92,1,"ET"
1467699089293484,"myLGNet","00:01:36:2d:ea:4c",-94,1,"ET"
1467699099296193,"pplt325","00:26:66:d0:c4:dc",-71,1,"ET"
1467699099296193,"U+Net40B1","00:27:1c:ea:40:af",-79,1,"ET"
1467699099296193,"SK_WLAN","00:27:1c:08:41:16",-92,1,"ET"
1467699109329233,"pplt325","00:26:66:d0:c4:dc",-74,1,"ET"
1467699109329233,"U+Net40B1","00:27:1c:ea:40:af",-75,1,"ET"
1467699109329233,"kms","00:26:66:76:37:9c",-93,1,"ET"
1467699109329233,"SK_WLAN","00:27:1c:08:41:16",-96,1,"ET"
1467699119194911,"pplt325","00:26:66:d0:c4:dc",-71,1,"ET"
1467699119194911,"U+Net40B1","00:27:1c:ea:40:af",-75,1,"ET"
1467699119194911,"kms","00:26:66:76:37:9c",-93,1,"ET"
1467699119194911,"myLGNet","00:01:36:2d:ea:4c",-93,1,"ET"
1467699119194911,"SK_WLAN","00:27:1c:08:41:16",-96,1,"ET"
1467699129251516,"pplt325","00:26:66:d0:c4:dc",-73,1,"ET"
1467699129251516,"U+Net40B1","00:27:1c:ea:40:af",-75,1,"ET"
1467699129251516,"myLGNet","00:01:36:2d:ea:4c",-93,1,"ET"
1467699129251516,"SK_WLAN","00:27:1c:08:41:16",-94,1,"ET"
1467699139172651,"pplt325","00:26:66:d0:c4:dc",-69,1,"ET"
1467699139172651,"U+Net40B1","00:27:1c:ea:40:af",-77,1,"ET"
1467699139172651,"SK_WLAN","00:27:1c:08:41:16",-90,1,"ET"
1467699149249445,"pplt325","00:26:66:d0:c4:dc",-69,1,"ET"
1467699149249445,"U+Net40B1","00:27:1c:ea:40:af",-77,1,"ET"
1467699149249445,"SK_WLAN","00:27:1c:08:41:16",-90,1,"ET"
1467699149249445,"kms","00:26:66:76:37:9c",-91,1,"ET"
1467699149249445,"myLGNet","00:01:36:2d:ea:4c",-92,1,"ET"
1467699159212812,"pplt325","00:26:66:d0:c4:dc",-71,1,"ET"
1467699159212812,"U+Net40B1","00:27:1c:ea:40:af",-79,1,"ET"
1467699159212812,"kms","00:26:66:76:37:9c",-91,1,"ET"
1467699159212812,"myLGNet","00:01:36:2d:ea:4c",-92,1,"ET"
1467699159212812,"SK_WLAN","00:27:1c:08:41:16",-93,1,"ET"
1467699169120322,"pplt325","00:26:66:d0:c4:dc",-72,1,"ET"
1467699169120322,"myLGNet","00:01:36:2d:ea:4c",-87,1,"ET"
1467699169120322,"SK_WLAN","00:27:1c:08:41:16",-93,1,"ET"
1467699169120322,"kms","00:26:66:76:37:9c",-98,1,"ET"
1467699179227990,"pplt325","00:26:66:d0:c4:dc",-72,1,"ET"
1467699179227990,"myLGNet","00:01:36:2d:ea:4c",-90,1,"ET"
1467699179227990,"kms","00:26:66:76:37:9c",-96,1,"ET"
1467699189063415,"pplt325","00:26:66:d0:c4:dc",-73,1,"ET"
1467699189063415,"U+Net40B1","00:27:1c:ea:40:af",-77,1,"ET"
1467699189063415,"myLGNet","00:01:36:2d:ea:4c",-90,1,"ET"
1467699189063415,"kms","00:26:66:76:37:9c",-96,1,"ET"
1467699199229259,"pplt325","00:26:66:d0:c4:dc",-70,1,"ET"
1467699199229259,"U+Net40B1","00:27:1c:ea:40:af",-78,1,"ET"
1467699199229259,"myLGNet","00:01:36:2d:ea:4c",-92,1,"ET"
1467699199229259,"kms","00:26:66:76:37:9c",-94,1,"ET"
1467699209098283,"pplt325","00:26:66:d0:c4:dc",-75,1,"ET"
1467699209098283,"U+Net40B1","00:27:1c:ea:40:af",-78,1,"ET"
1467699209098283,"kms","00:26:66:76:37:9c",-94,1,"ET"
1467699219090046,"pplt325","00:26:66:d0:c4:dc",-69,1,"ET"
1467699219090046,"U+Net40B1","00:27:1c:ea:40:af",-78,1,"ET"
1467699219090046,"myLGNet","00:01:36:2d:ea:4c",-86,1,"ET"
1467699219090046,"kms","00:26:66:76:37:9c",-94,1,"ET"
1467699219090046,"SK_WLAN","00:27:1c:08:41:16",-96,1,"ET"
1467699229098333,"pplt325","00:26:66:d0:c4:dc",-72,1,"ET"
1467699229098333,"U+Net40B1","00:27:1c:ea:40:af",-78,1,"ET"
1467699229098333,"myLGNet","00:01:36:2d:ea:4c",-90,1,"ET"
1467699229098333,"kms","00:26:66:76:37:9c",-94,1,"ET"
1467699229098333,"SK_WLAN","00:27:1c:08:41:16",-96,1,"ET"
1467699239116091,"pplt325","00:26:66:d0:c4:dc",-73,1,"ET"
1467699239116091,"myLGNet","00:01:36:2d:ea:4c",-90,1,"ET"
1467699239116091,"kms","00:26:66:76:37:9c",-94,1,"ET"
1467699249237265,"pplt325","00:26:66:d0:c4:dc",-71,1,"ET"
1467699249237265,"U+Net40B1","00:27:1c:ea:40:af",-82,1,"ET"
1467699249237265,"U+Net8EF3","00:08:5b:80:8e:f1",-95,1,"ET"
1467699249237265,"kms","00:26:66:76:37:9c",-96,1,"ET"
1467699259367501,"pplt325","00:26:66:d0:c4:dc",-73,1,"ET"
1467699259367501,"U+Net40B1","00:27:1c:ea:40:af",-80,1,"ET"
1467699259367501,"U+Net8EF3","00:08:5b:80:8e:f1",-96,1,"ET"
1467699259367501,"kms","00:26:66:76:37:9c",-96,1,"ET"
1467699269166292,"pplt325","00:26:66:d0:c4:dc",-74,1,"ET"
1467699269166292,"U+Net40B1","00:27:1c:ea:40:af",-80,1,"ET"
1467699269166292,"myLGNet","00:01:36:2d:ea:4c",-91,1,"ET"
1467699269166292,"U+Net8EF3","00:08:5b:80:8e:f1",-96,1,"ET"
1467699269166292,"kms","00:26:66:76:37:9c",-96,1,"ET"
1467699269166292,"SK_WLAN","00:27:1c:08:41:16",-97,1,"ET"
1467699279252184,"pplt325","00:26:66:d0:c4:dc",-72,1,"ET"
1467699279252184,"U+Net40B1","00:27:1c:ea:40:af",-79,1,"ET"
1467699279252184,"myLGNet","00:01:36:2d:ea:4c",-91,1,"ET"
1467699279252184,"kms","00:26:66:76:37:9c",-93,1,"ET"
1467699279252184,"U+Net8EF3","00:08:5b:80:8e:f1",-95,1,"ET"
1467699279252184,"SK_WLAN","00:27:1c:08:41:16",-95,1,"ET"
1467699289205605,"pplt325","00:26:66:d0:c4:dc",-73,1,"ET"
1467699289205605,"U+Net40B1","00:27:1c:ea:40:af",-74,1,"ET"
1467699289205605,"myLGNet","00:01:36:2d:ea:4c",-92,1,"ET"
1467699289205605,"SK_WLAN","00:27:1c:08:41:16",-94,1,"ET"
1467699299091045,"pplt325","00:26:66:d0:c4:dc",-70,1,"ET"
1467699299091045,"U+Net40B1","00:27:1c:ea:40:af",-74,1,"ET"
1467699299091045,"myLGNet","00:01:36:2d:ea:4c",-92,1,"ET"
1467699299091045,"SK_WLAN","00:27:1c:08:41:16",-94,1,"ET"
1467699309145841,"pplt325","00:26:66:d0:c4:dc",-70,1,"ET"
1467699309145841,"U+Net40B1","00:27:1c:ea:40:af",-80,1,"ET"
1467699309145841,"kms","00:26:66:76:37:9c",-93,1,"ET"
1467699309145841,"SK_WLAN","00:27:1c:08:41:16",-95,1,"ET"
1467699319163153,"pplt325","00:26:66:d0:c4:dc",-72,1,"ET"
1467699319163153,"U+Net40B1","00:27:1c:ea:40:af",-76,1,"ET"
1467699319163153,"SK_WLAN","00:27:1c:08:41:16",-93,1,"ET"
1467699319163153,"kms","00:26:66:76:37:9c",-94,1,"ET"
1467699329276189,"pplt325","00:26:66:d0:c4:dc",-71,1,"ET"
1467699329276189,"U+Net40B1","00:27:1c:ea:40:af",-77,1,"ET"
1467699329276189,"kms","00:26:66:76:37:9c",-94,1,"ET"
1467699329276189,"SK_WLAN","00:27:1c:08:41:16",-97,1,"ET"
1467699339247840,"pplt325","00:26:66:d0:c4:dc",-72,1,"ET"
1467699339247840,"U+Net40B1","00:27:1c:ea:40:af",-76,1,"ET"
1467699339247840,"kms","00:26:66:76:37:9c",-94,1,"ET"
1467699339247840,"SK_WLAN","00:27:1c:08:41:16",-95,1,"ET"
1467699349406495,"pplt325","00:26:66:d0:c4:dc",-74,1,"ET"
1467699349406495,"U+Net40B1","00:27:1c:ea:40:af",-81,1,"ET"
1467699349406495,"SK_WLAN","00:27:1c:08:41:16",-96,1,"ET"
1467699359311764,"pplt325","00:26:66:d0:c4:dc",-74,1,"ET"
1467699359311764,"U+Net40B1","00:27:1c:ea:40:af",-78,1,"ET"
1467699359311764,"kms","00:26:66:76:37:9c",-93,1,"ET"
1467699359311764,"SK_WLAN","00:27:1c:08:41:16",-96,1,"ET"
1467699369297214,"pplt325","00:26:66:d0:c4:dc",-72,1,"ET"
1467699369297214,"U+Net40B1","00:27:1c:ea:40:af",-78,1,"ET"
1467699369297214,"kms","00:26:66:76:37:9c",-93,1,"ET"
1467699369297214,"myLGNet","00:01:36:2d:ea:4c",-94,1,"ET"
1467699369297214,"SK_WLAN","00:27:1c:08:41:16",-95,1,"ET"
1467699369297214,"choon7","90:9f:33:bb:16:68",-98,1,"ET"
1467699379172045,"pplt325","00:26:66:d0:c4:dc",-72,1,"ET"
1467699379172045,"U+Net40B1","00:27:1c:ea:40:af",-79,1,"ET"
1467699379172045,"kms","00:26:66:76:37:9c",-90,1,"ET"
1467699379172045,"myLGNet","00:01:36:2d:ea:4c",-94,1,"ET"
1467699379172045,"SK_WLAN","00:27:1c:08:41:16",-95,1,"ET"
1467699379172045,"choon7","90:9f:33:bb:16:68",-98,1,"ET"
1467699389271884,"pplt325","00:26:66:d0:c4:dc",-72,1,"ET"
1467699389271884,"U+Net40B1","00:27:1c:ea:40:af",-75,1,"ET"
1467699389271884,"kms","00:26:66:76:37:9c",-90,1,"ET"
1467699389271884,"SK_WLAN","00:27:1c:08:41:16",-96,1,"ET"
1467699838254874,"pplt325","00:26:66:d0:c4:dc",-68,3,"ET"
1467699838254874,"SK_WLAN","00:27:1c:08:41:16",-83,3,"ET"
1467699838254874,"U+Net40B1","00:27:1c:ea:40:af",-87,3,"ET"
1467699838254874,"myLGNet","00:01:36:2d:ea:4c",-89,3,"ET"
1467699848127568,"pplt325","00:26:66:d0:c4:dc",-69,3,"ET"
1467699848127568,"U+Net40B1","00:27:1c:ea:40:af",-87,3,"ET"
1467699848127568,"myLGNet","00:01:36:2d:ea:4c",-89,3,"ET"
1467699848127568,"SK_WLAN","00:27:1c:08:41:16",-90,3,"ET"
1467699858221750,"pplt325","00:26:66:d0:c4:dc",-69,3,"ET"
1467699858221750,"U+Net40B1","00:27:1c:ea:40:af",-87,3,"ET"
1467699858221750,"SK_WLAN","00:27:1c:08:41:16",-87,3,"ET"
1467699858221750,"myLGNet","00:01:36:2d:ea:4c",-89,3,"ET"
1467699868204311,"pplt325","00:26:66:d0:c4:dc",-69,3,"ET"
1467699868204311,"U+Net40B1","00:27:1c:ea:40:af",-87,3,"ET"
1467699868204311,"SK_WLAN","00:27:1c:08:41:16",-89,3,"ET"
1467699868204311,"myLGNet","00:01:36:2d:ea:4c",-90,3,"ET"
1467699878024151,"pplt325","00:26:66:d0:c4:dc",-69,3,"ET"
1467699878024151,"SK_WLAN","00:27:1c:08:41:16",-89,3,"ET"
1467699878024151,"myLGNet","00:01:36:2d:ea:4c",-90,3,"ET"
1467699888043344,"pplt325","00:26:66:d0:c4:dc",-68,3,"ET"
1467699888043344,"SK_WLAN","00:27:1c:08:41:16",-87,3,"ET"
1467699888043344,"myLGNet","00:01:36:2d:ea:4c",-88,3,"ET"
1467699898043515,"pplt325","00:26:66:d0:c4:dc",-70,3,"ET"
1467699898043515,"U+Net40B1","00:27:1c:ea:40:af",-86,3,"ET"
1467699898043515,"SK_WLAN","00:27:1c:08:41:16",-87,3,"ET"
1467699898043515,"myLGNet","00:01:36:2d:ea:4c",-88,3,"ET"
1467699908187617,"pplt325","00:26:66:d0:c4:dc",-70,3,"ET"
1467699908187617,"U+Net40B1","00:27:1c:ea:40:af",-86,3,"ET"
1467699908187617,"myLGNet","00:01:36:2d:ea:4c",-89,3,"ET"
1467699908187617,"SK_WLAN","00:27:1c:08:41:16",-89,3,"ET"
1467699918306685,"pplt325","00:26:66:d0:c4:dc",-71,3,"ET"
1467699918306685,"U+Net40B1","00:27:1c:ea:40:af",-86,3,"ET"
1467699918306685,"myLGNet","00:01:36:2d:ea:4c",-88,3,"ET"
1467699918306685,"SK_WLAN","00:27:1c:08:41:16",-90,3,"ET"
1467699928222634,"pplt325","00:26:66:d0:c4:dc",-71,3,"ET"
1467699928222634,"U+Net40B1","00:27:1c:ea:40:af",-87,3,"ET"
1467699928222634,"myLGNet","00:01:36:2d:ea:4c",-88,3,"ET"
1467699928222634,"SK_WLAN","00:27:1c:08:41:16",-89,3,"ET"
1467699938091802,"pplt325","00:26:66:d0:c4:dc",-69,3,"ET"
1467699938091802,"U+Net40B1","00:27:1c:ea:40:af",-87,3,"ET"
1467699938091802,"SK_WLAN","00:27:1c:08:41:16",-90,3,"ET"
1467699938091802,"myLGNet","00:01:36:2d:ea:4c",-92,3,"ET"
1467699948244505,"pplt325","00:26:66:d0:c4:dc",-70,3,"ET"
1467699948244505,"myLGNet","00:01:36:2d:ea:4c",-92,3,"ET"
1467699948244505,"SK_WLAN","00:27:1c:08:41:16",-93,3,"ET"
1467699958163362,"pplt325","00:26:66:d0:c4:dc",-69,3,"ET"
1467699958163362,"myLGNet","00:01:36:2d:ea:4c",-89,3,"ET"
1467699958163362,"SK_WLAN","00:27:1c:08:41:16",-91,3,"ET"
1467699968109241,"pplt325","00:26:66:d0:c4:dc",-72,3,"ET"
1467699968109241,"U+Net40B1","00:27:1c:ea:40:af",-87,3,"ET"
1467699968109241,"myLGNet","00:01:36:2d:ea:4c",-89,3,"ET"
1467699968109241,"SK_WLAN","00:27:1c:08:41:16",-91,3,"ET"
1467699978134324,"pplt325","00:26:66:d0:c4:dc",-70,3,"ET"
1467699978134324,"U+Net40B1","00:27:1c:ea:40:af",-85,3,"ET"
1467699978134324,"SK_WLAN","00:27:1c:08:41:16",-89,3,"ET"
1467699978134324,"myLGNet","00:01:36:2d:ea:4c",-90,3,"ET"
1467699988278151,"pplt325","00:26:66:d0:c4:dc",-70,3,"ET"
1467699988278151,"U+Net40B1","00:27:1c:ea:40:af",-85,3,"ET"
1467699988278151,"myLGNet","00:01:36:2d:ea:4c",-88,3,"ET"
1467699988278151,"SK_WLAN","00:27:1c:08:41:16",-91,3,"ET"
1467699998073631,"pplt325","00:26:66:d0:c4:dc",-70,3,"ET"
1467699998073631,"myLGNet","00:01:36:2d:ea:4c",-88,3,"ET"
1467699998073631,"SK_WLAN","00:27:1c:08:41:16",-89,3,"ET"
1467699998073631,"U+Net40B1","00:27:1c:ea:40:af",-91,3,"ET"
1467699998073631,"kms","00:26:66:76:37:9c",-96,3,"ET"
1467700008236653,"pplt325","00:26:66:d0:c4:dc",-68,3,"ET"
1467700008236653,"myLGNet","00:01:36:2d:ea:4c",-90,3,"ET"
1467700008236653,"U+Net40B1","00:27:1c:ea:40:af",-91,3,"ET"
1467700008236653,"SK_WLAN","00:27:1c:08:41:16",-93,3,"ET"
1467700008236653,"kms","00:26:66:76:37:9c",-96,3,"ET"
1467700018256944,"pplt325","00:26:66:d0:c4:dc",-69,3,"ET"
1467700018256944,"myLGNet","00:01:36:2d:ea:4c",-86,3,"ET"
1467700018256944,"SK_WLAN","00:27:1c:08:41:16",-90,3,"ET"
1467700018256944,"kms","00:26:66:76:37:9c",-96,3,"ET"
1467700028139002,"pplt325","00:26:66:d0:c4:dc",-71,3,"ET"
1467700028139002,"myLGNet","00:01:36:2d:ea:4c",-86,3,"ET"
1467700028139002,"SK_WLAN","00:27:1c:08:41:16",-88,3,"ET"
1467700028139002,"kms","00:26:66:76:37:9c",-96,3,"ET"
1467700038145882,"pplt325","00:26:66:d0:c4:dc",-70,3,"ET"
1467700038145882,"myLGNet","00:01:36:2d:ea:4c",-86,3,"ET"
1467700038145882,"SK_WLAN","00:27:1c:08:41:16",-93,3,"ET"
1467700048104835,"pplt325","00:26:66:d0:c4:dc",-69,3,"ET"
1467700048104835,"myLGNet","00:01:36:2d:ea:4c",-88,3,"ET"
1467700048104835,"SK_WLAN","00:27:1c:08:41:16",-89,3,"ET"
1467700058060305,"pplt325","00:26:66:d0:c4:dc",-71,3,"ET"
1467700058060305,"SK_WLAN","00:27:1c:08:41:16",-89,3,"ET"
1467700058060305,"myLGNet","00:01:36:2d:ea:4c",-89,3,"ET"
1467700068024809,"pplt325","00:26:66:d0:c4:dc",-76,3,"ET"
1467700068024809,"SK_WLAN","00:27:1c:08:41:16",-87,3,"ET"
1467700068024809,"myLGNet","00:01:36:2d:ea:4c",-89,3,"ET"
1467700078044733,"pplt325","00:26:66:d0:c4:dc",-75,3,"ET"
1467700078044733,"SK_WLAN","00:27:1c:08:41:16",-87,3,"ET"
1467700078044733,"U+Net40B1","00:27:1c:ea:40:af",-87,3,"ET"
1467700078044733,"myLGNet","00:01:36:2d:ea:4c",-90,3,"ET"
1467700088168085,"pplt325","00:26:66:d0:c4:dc",-73,3,"ET"
1467700088168085,"U+Net40B1","00:27:1c:ea:40:af",-87,3,"ET"
1467700088168085,"myLGNet","00:01:36:2d:ea:4c",-89,3,"ET"
1467700088168085,"SK_WLAN","00:27:1c:08:41:16",-90,3,"ET"
1467700098136837,"pplt325","00:26:66:d0:c4:dc",-76,3,"ET"
1467700098136837,"U+Net40B1","00:27:1c:ea:40:af",-87,3,"ET"
1467700098136837,"myLGNet","00:01:36:2d:ea:4c",-89,3,"ET"
1467700098136837,"SK_WLAN","00:27:1c:08:41:16",-90,3,"ET"
1467700108193773,"pplt325","00:26:66:d0:c4:dc",-68,3,"ET"
1467700108193773,"SK_WLAN","00:27:1c:08:41:16",-81,3,"ET"
1467700108193773,"U+Net40B1","00:27:1c:ea:40:af",-87,3,"ET"
1467700108193773,"myLGNet","00:01:36:2d:ea:4c",-88,3,"ET"
1467700118158081,"pplt325","00:26:66:d0:c4:dc",-70,3,"ET"
1467700118158081,"myLGNet","00:01:36:2d:ea:4c",-88,3,"ET"
1467700118158081,"SK_WLAN","00:27:1c:08:41:16",-94,3,"ET"
1467700128362431,"pplt325","00:26:66:d0:c4:dc",-74,3,"ET"
1467700128362431,"myLGNet","00:01:36:2d:ea:4c",-89,3,"ET"
1467700128362431,"SK_WLAN","00:27:1c:08:41:16",-94,3,"ET"
1467700231819392,"pplTV325","00:26:66:d0:c4:dc",-70,2,"SH"
1467700231819392,"U+NETVTV40B1","00:27:1c:ETVa:40:af",-71,2,"SH"
1467700231819392,"myLGNETVTV","00:01:36:2d:ETVa:4c",-83,2,"SH"
1467700231819392,"SK_WLAN","00:27:1c:08:41:16",-95,2,"SH"
1467700231819392,"kms","00:26:66:76:37:9c",-95,2,"SH"
1467700241822629,"pplTV325","00:26:66:d0:c4:dc",-72,2,"SH"
1467700241822629,"U+NETVTV40B1","00:27:1c:ETVa:40:af",-71,2,"SH"
1467700241822629,"myLGNETVTV","00:01:36:2d:ETVa:4c",-84,2,"SH"
1467700241822629,"SK_WLAN","00:27:1c:08:41:16",-89,2,"SH"
1467700241822629,"kms","00:26:66:76:37:9c",-95,2,"SH"
1467700251968873,"pplTV325","00:26:66:d0:c4:dc",-71,2,"SH"
1467700251968873,"U+NETVTV40B1","00:27:1c:ETVa:40:af",-74,2,"SH"
1467700251968873,"myLGNETVTV","00:01:36:2d:ETVa:4c",-78,2,"SH"
1467700251968873,"SK_WLAN","00:27:1c:08:41:16",-90,2,"SH"
1467700261798229,"pplTV325","00:26:66:d0:c4:dc",-68,2,"SH"
1467700261798229,"U+NETVTV40B1","00:27:1c:ETVa:40:af",-74,2,"SH"
1467700261798229,"myLGNETVTV","00:01:36:2d:ETVa:4c",-80,2,"SH"
1467700261798229,"SK_WLAN","00:27:1c:08:41:16",-91,2,"SH"
1467700271811868,"pplTV325","00:26:66:d0:c4:dc",-70,2,"SH"
1467700271811868,"U+NETVTV40B1","00:27:1c:ETVa:40:af",-74,2,"SH"
1467700271811868,"myLGNETVTV","00:01:36:2d:ETVa:4c",-80,2,"SH"
1467700271811868,"SK_WLAN","00:27:1c:08:41:16",-91,2,"SH"
1467700281883547,"pplTV325","00:26:66:d0:c4:dc",-68,2,"SH"
1467700281883547,"U+NETVTV40B1","00:27:1c:ETVa:40:af",-74,2,"SH"
1467700281883547,"myLGNETVTV","00:01:36:2d:ETVa:4c",-76,2,"SH"
1467700281883547,"SK_WLAN","00:27:1c:08:41:16",-90,2,"SH"
1467700291974597,"pplTV325","00:26:66:d0:c4:dc",-68,2,"SH"
1467700291974597,"U+NETVTV40B1","00:27:1c:ETVa:40:af",-77,2,"SH"
1467700291974597,"myLGNETVTV","00:01:36:2d:ETVa:4c",-81,2,"SH"
1467700291974597,"SK_WLAN","00:27:1c:08:41:16",-93,2,"SH"
1467700301942563,"pplTV325","00:26:66:d0:c4:dc",-66,2,"SH"
1467700301942563,"U+NETVTV40B1","00:27:1c:ETVa:40:af",-77,2,"SH"
1467700301942563,"myLGNETVTV","00:01:36:2d:ETVa:4c",-80,2,"SH"
1467700301942563,"SK_WLAN","00:27:1c:08:41:16",-96,2,"SH"
1467700311804000,"pplTV325","00:26:66:d0:c4:dc",-71,2,"SH"
1467700311804000,"myLGNETVTV","00:01:36:2d:ETVa:4c",-80,2,"SH"
1467700311804000,"SK_WLAN","00:27:1c:08:41:16",-92,2,"SH"
1467700321838035,"pplTV325","00:26:66:d0:c4:dc",-74,2,"SH"
1467700321838035,"myLGNETVTV","00:01:36:2d:ETVa:4c",-80,2,"SH"
1467700321838035,"SK_WLAN","00:27:1c:08:41:16",-92,2,"SH"
1467700321838035,"SK_WiFiD942","00:23:aa:3d:d9:41",-93,2,"SH"
1467700331757813,"pplTV325","00:26:66:d0:c4:dc",-67,2,"SH"
1467700331757813,"U+NETVTV40B1","00:27:1c:ETVa:40:af",-69,2,"SH"
1467700331757813,"myLGNETVTV","00:01:36:2d:ETVa:4c",-82,2,"SH"
1467700331757813,"SK_WiFiD942","00:23:aa:3d:d9:41",-93,2,"SH"
1467700341961143,"pplTV325","00:26:66:d0:c4:dc",-67,2,"SH"
1467700341961143,"U+NETVTV40B1","00:27:1c:ETVa:40:af",-69,2,"SH"
1467700341961143,"myLGNETVTV","00:01:36:2d:ETVa:4c",-83,2,"SH"
1467700341961143,"SK_WiFiD942","00:23:aa:3d:d9:41",-94,2,"SH"
1467700351883415,"pplTV325","00:26:66:d0:c4:dc",-71,2,"SH"
1467700351883415,"myLGNETVTV","00:01:36:2d:ETVa:4c",-79,2,"SH"
1467700351883415,"U+NETVTV40B1","00:27:1c:ETVa:40:af",-83,2,"SH"
1467700351883415,"SK_WiFiD942","00:23:aa:3d:d9:41",-94,2,"SH"
1467700351883415,"SK_WLAN","00:27:1c:08:41:16",-94,2,"SH"
1467700361908965,"pplTV325","00:26:66:d0:c4:dc",-70,2,"SH"
1467700361908965,"myLGNETVTV","00:01:36:2d:ETVa:4c",-80,2,"SH"
1467700361908965,"U+NETVTV40B1","00:27:1c:ETVa:40:af",-85,2,"SH"
1467700361908965,"SK_WLAN","00:27:1c:08:41:16",-95,2,"SH"
1467700371948812,"pplTV325","00:26:66:d0:c4:dc",-71,2,"SH"
1467700371948812,"U+NETVTV40B1","00:27:1c:ETVa:40:af",-69,2,"SH"
1467700371948812,"myLGNETVTV","00:01:36:2d:ETVa:4c",-78,2,"SH"
1467700371948812,"SK_WiFiD942","00:23:aa:3d:d9:41",-93,2,"SH"
1467700371948812,"SK_WLAN","00:27:1c:08:41:16",-93,2,"SH"
1467700381760844,"pplTV325","00:26:66:d0:c4:dc",-74,2,"SH"
1467700381760844,"U+NETVTV40B1","00:27:1c:ETVa:40:af",-75,2,"SH"
1467700381760844,"myLGNETVTV","00:01:36:2d:ETVa:4c",-82,2,"SH"
1467700381760844,"SK_WLAN","00:27:1c:08:41:16",-91,2,"SH"
1467700381760844,"SK_WiFiD942","00:23:aa:3d:d9:41",-93,2,"SH"
1467700391846880,"pplTV325","00:26:66:d0:c4:dc",-68,2,"SH"
1467700391846880,"U+NETVTV40B1","00:27:1c:ETVa:40:af",-80,2,"SH"
1467700391846880,"myLGNETVTV","00:01:36:2d:ETVa:4c",-82,2,"SH"
1467700391846880,"SK_WLAN","00:27:1c:08:41:16",-94,2,"SH"
1467700401848388,"pplTV325","00:26:66:d0:c4:dc",-68,2,"SH"
1467700401848388,"U+NETVTV40B1","00:27:1c:ETVa:40:af",-71,2,"SH"
1467700401848388,"myLGNETVTV","00:01:36:2d:ETVa:4c",-77,2,"SH"
1467700401848388,"SK_WLAN","00:27:1c:08:41:16",-99,2,"SH"
1467700411834887,"pplTV325","00:26:66:d0:c4:dc",-73,2,"SH"
1467700411834887,"myLGNETVTV","00:01:36:2d:ETVa:4c",-76,2,"SH"
1467700411834887,"U+NETVTV40B1","00:27:1c:ETVa:40:af",-80,2,"SH"
1467700411834887,"SK_WiFiD942","00:23:aa:3d:d9:41",-97,2,"SH"
1467700411834887,"SK_WLAN","00:27:1c:08:41:16",-99,2,"SH"
1467700421954695,"pplTV325","00:26:66:d0:c4:dc",-64,2,"SH"
1467700421954695,"myLGNETVTV","00:01:36:2d:ETVa:4c",-76,2,"SH"
1467700421954695,"U+NETVTV40B1","00:27:1c:ETVa:40:af",-78,2,"SH"
1467700421954695,"SK_WLAN","00:27:1c:08:41:16",-92,2,"SH"
1467700421954695,"SK_WiFiD942","00:23:aa:3d:d9:41",-97,2,"SH"
1467700431950859,"pplTV325","00:26:66:d0:c4:dc",-67,2,"SH"
1467700431950859,"myLGNETVTV","00:01:36:2d:ETVa:4c",-77,2,"SH"
1467700431950859,"U+NETVTV40B1","00:27:1c:ETVa:40:af",-78,2,"SH"
1467700431950859,"SK_WLAN","00:27:1c:08:41:16",-96,2,"SH"
1467700431950859,"SK_WiFiD942","00:23:aa:3d:d9:41",-97,2,"SH"
1467700441826464,"pplTV325","00:26:66:d0:c4:dc",-66,2,"SH"
1467700441826464,"myLGNETVTV","00:01:36:2d:ETVa:4c",-76,2,"SH"
1467700441826464,"U+NETVTV40B1","00:27:1c:ETVa:40:af",-85,2,"SH"
1467700441826464,"SK_WLAN","00:27:1c:08:41:16",-93,2,"SH"
1467700441826464,"SK_WiFiD942","00:23:aa:3d:d9:41",-97,2,"SH"
1467700451924890,"pplTV325","00:26:66:d0:c4:dc",-67,2,"SH"
1467700451924890,"myLGNETVTV","00:01:36:2d:ETVa:4c",-77,2,"SH"
1467700451924890,"U+NETVTV40B1","00:27:1c:ETVa:40:af",-85,2,"SH"
1467700451924890,"SK_WLAN","00:27:1c:08:41:16",-92,2,"SH"
1467700461833327,"pplTV325","00:26:66:d0:c4:dc",-72,2,"SH"
1467700461833327,"U+NETVTV40B1","00:27:1c:ETVa:40:af",-75,2,"SH"
1467700461833327,"myLGNETVTV","00:01:36:2d:ETVa:4c",-80,2,"SH"
1467700461833327,"SK_WLAN","00:27:1c:08:41:16",-95,2,"SH"
1467700471877809,"pplTV325","00:26:66:d0:c4:dc",-68,2,"SH"
1467700471877809,"U+NETVTV40B1","00:27:1c:ETVa:40:af",-73,2,"SH"
1467700471877809,"myLGNETVTV","00:01:36:2d:ETVa:4c",-76,2,"SH"
1467700471877809,"SK_WLAN","00:27:1c:08:41:16",-94,2,"SH"
1467700481915574,"pplTV325","00:26:66:d0:c4:dc",-70,2,"SH"
1467700481915574,"myLGNETVTV","00:01:36:2d:ETVa:4c",-75,2,"SH"
1467700481915574,"U+NETVTV40B1","00:27:1c:ETVa:40:af",-79,2,"SH"
1467700481915574,"SK_WLAN","00:27:1c:08:41:16",-95,2,"SH"
1467700491913538,"pplTV325","00:26:66:d0:c4:dc",-72,2,"SH"
1467700491913538,"myLGNETVTV","00:01:36:2d:ETVa:4c",-78,2,"SH"
1467700491913538,"U+NETVTV40B1","00:27:1c:ETVa:40:af",-79,2,"SH"
1467700491913538,"SK_WLAN","00:27:1c:08:41:16",-94,2,"SH"
1467700501890805,"pplTV325","00:26:66:d0:c4:dc",-71,2,"SH"
1467700501890805,"U+NETVTV40B1","00:27:1c:ETVa:40:af",-74,2,"SH"
1467700501890805,"myLGNETVTV","00:01:36:2d:ETVa:4c",-79,2,"SH"
1467700501890805,"SK_WLAN","00:27:1c:08:41:16",-98,2,"SH"
1467700511866233,"pplTV325","00:26:66:d0:c4:dc",-69,2,"SH"
1467700511866233,"U+NETVTV40B1","00:27:1c:ETVa:40:af",-77,2,"SH"
1467700511866233,"myLGNETVTV","00:01:36:2d:ETVa:4c",-82,2,"SH"
1467700511866233,"SK_WLAN","00:27:1c:08:41:16",-93,2,"SH"
1467700521818083,"pplTV325","00:26:66:d0:c4:dc",-70,2,"SH"
1467700521818083,"U+NETVTV40B1","00:27:1c:ETVa:40:af",-74,2,"SH"
1467700521818083,"myLGNETVTV","00:01:36:2d:ETVa:4c",-79,2,"SH"
1467700521818083,"SK_WLAN","00:27:1c:08:41:16",-93,2,"SH"
1467700531930614,"pplTV325","00:26:66:d0:c4:dc",-69,2,"SH"
1467700531930614,"U+NETVTV40B1","00:27:1c:ETVa:40:af",-74,2,"SH"
1467700531930614,"myLGNETVTV","00:01:36:2d:ETVa:4c",-79,2,"SH"
1467700550992634,"pplTV325","00:26:66:d0:c4:dc",-68,2,"SH"
1467700550992634,"U+NETVTV40B1","00:27:1c:ETVa:40:af",-81,2,"SH"
1467700550992634,"myLGNETVTV","00:01:36:2d:ETVa:4c",-84,2,"SH"
1467700561088822,"pplTV325","00:26:66:d0:c4:dc",-68,2,"SH"
1467700561088822,"U+NETVTV40B1","00:27:1c:ETVa:40:af",-78,2,"SH"
1467700561088822,"myLGNETVTV","00:01:36:2d:ETVa:4c",-83,2,"SH"
1467700571131276,"pplTV325","00:26:66:d0:c4:dc",-70,2,"SH"
1467700571131276,"U+NETVTV40B1","00:27:1c:ETVa:40:af",-79,2,"SH"
1467700571131276,"myLGNETVTV","00:01:36:2d:ETVa:4c",-85,2,"SH"
1467700571131276,"SK_WLAN","00:27:1c:08:41:16",-95,2,"SH"
1467700581025667,"pplTV325","00:26:66:d0:c4:dc",-67,2,"SH"
1467700581025667,"U+NETVTV40B1","00:27:1c:ETVa:40:af",-79,2,"SH"
1467700581025667,"myLGNETVTV","00:01:36:2d:ETVa:4c",-86,2,"SH"
1467700581025667,"SK_WLAN","00:27:1c:08:41:16",-94,2,"SH"
1467700591046946,"pplTV325","00:26:66:d0:c4:dc",-67,2,"SH"
1467700591046946,"U+NETVTV40B1","00:27:1c:ETVa:40:af",-83,2,"SH"
1467700591046946,"myLGNETVTV","00:01:36:2d:ETVa:4c",-83,2,"SH"
1467700591046946,"SK_WLAN","00:27:1c:08:41:16",-94,2,"SH"
1467700601120518,"pplTV325","00:26:66:d0:c4:dc",-68,2,"SH"
1467700601120518,"U+NETVTV40B1","00:27:1c:ETVa:40:af",-76,2,"SH"
1467700601120518,"myLGNETVTV","00:01:36:2d:ETVa:4c",-84,2,"SH"
1467700611035308,"pplTV325","00:26:66:d0:c4:dc",-68,2,"SH"
1467700611035308,"U+NETVTV40B1","00:27:1c:ETVa:40:af",-77,2,"SH"
1467700611035308,"myLGNETVTV","00:01:36:2d:ETVa:4c",-83,2,"SH"
1467700620937925,"pplTV325","00:26:66:d0:c4:dc",-71,2,"SH"
1467700620937925,"U+NETVTV40B1","00:27:1c:ETVa:40:af",-77,2,"SH"
1467700620937925,"myLGNETVTV","00:01:36:2d:ETVa:4c",-83,2,"SH"
1467700631024751,"pplTV325","00:26:66:d0:c4:dc",-71,2,"SH"
1467700631024751,"U+NETVTV40B1","00:27:1c:ETVa:40:af",-76,2,"SH"
1467700631024751,"myLGNETVTV","00:01:36:2d:ETVa:4c",-89,2,"SH"
1467700640976214,"pplTV325","00:26:66:d0:c4:dc",-71,2,"SH"
1467700640976214,"U+NETVTV40B1","00:27:1c:ETVa:40:af",-76,2,"SH"
1467700640976214,"myLGNETVTV","00:01:36:2d:ETVa:4c",-84,2,"SH"
1467700651007332,"pplTV325","00:26:66:d0:c4:dc",-70,2,"SH"
1467700651007332,"myLGNETVTV","00:01:36:2d:ETVa:4c",-85,2,"SH"
1467700661028781,"pplTV325","00:26:66:d0:c4:dc",-66,2,"SH"
1467700661028781,"myLGNETVTV","00:01:36:2d:ETVa:4c",-84,2,"SH"
1467700671085264,"pplTV325","00:26:66:d0:c4:dc",-70,2,"SH"
1467700671085264,"myLGNETVTV","00:01:36:2d:ETVa:4c",-84,2,"SH"
1467700681038196,"pplTV325","00:26:66:d0:c4:dc",-70,2,"SH"
1467700681038196,"myLGNETVTV","00:01:36:2d:ETVa:4c",-88,2,"SH"
1467700691107709,"pplTV325","00:26:66:d0:c4:dc",-67,2,"SH"
1467700691107709,"U+NETVTV40B1","00:27:1c:ETVa:40:af",-76,2,"SH"
1467700691107709,"myLGNETVTV","00:01:36:2d:ETVa:4c",-88,2,"SH"
1467700691107709,"SK_WLAN","00:27:1c:08:41:16",-96,2,"SH"
1467700701177240,"pplTV325","00:26:66:d0:c4:dc",-64,2,"SH"
1467700701177240,"U+NETVTV40B1","00:27:1c:ETVa:40:af",-79,2,"SH"
1467700701177240,"myLGNETVTV","00:01:36:2d:ETVa:4c",-85,2,"SH"
1467700701177240,"SK_WLAN","00:27:1c:08:41:16",-91,2,"SH"
1467700711138018,"pplTV325","00:26:66:d0:c4:dc",-68,2,"SH"
1467700711138018,"myLGNETVTV","00:01:36:2d:ETVa:4c",-83,2,"SH"
1467700711138018,"U+NETVTV40B1","00:27:1c:ETVa:40:af",-86,2,"SH"
1467700711138018,"SK_WLAN","00:27:1c:08:41:16",-95,2,"SH"
1467700720980974,"pplTV325","00:26:66:d0:c4:dc",-68,2,"SH"
1467700720980974,"myLGNETVTV","00:01:36:2d:ETVa:4c",-83,2,"SH"
1467700720980974,"U+NETVTV40B1","00:27:1c:ETVa:40:af",-86,2,"SH"
1467700720980974,"SK_WLAN","00:27:1c:08:41:16",-95,2,"SH"
1467700730994137,"pplTV325","00:26:66:d0:c4:dc",-72,2,"SH"
1467700730994137,"U+NETVTV40B1","00:27:1c:ETVa:40:af",-78,2,"SH"
1467700730994137,"myLGNETVTV","00:01:36:2d:ETVa:4c",-85,2,"SH"
1467700730994137,"SK_WLAN","00:27:1c:08:41:16",-94,2,"SH"
1467700741004057,"pplTV325","00:26:66:d0:c4:dc",-67,2,"SH"
1467700741004057,"U+NETVTV40B1","00:27:1c:ETVa:40:af",-78,2,"SH"
1467700741004057,"myLGNETVTV","00:01:36:2d:ETVa:4c",-85,2,"SH"
1467700741004057,"SK_WLAN","00:27:1c:08:41:16",-92,2,"SH"
1467700751004588,"pplTV325","00:26:66:d0:c4:dc",-70,2,"SH"
1467700751004588,"U+NETVTV40B1","00:27:1c:ETVa:40:af",-81,2,"SH"
1467700751004588,"myLGNETVTV","00:01:36:2d:ETVa:4c",-88,2,"SH"
1467700751004588,"SK_WLAN","00:27:1c:08:41:16",-91,2,"SH"
1467700761045301,"pplTV325","00:26:66:d0:c4:dc",-66,2,"SH"
1467700761045301,"U+NETVTV40B1","00:27:1c:ETVa:40:af",-81,2,"SH"
1467700761045301,"myLGNETVTV","00:01:36:2d:ETVa:4c",-83,2,"SH"
1467700761045301,"SK_WLAN","00:27:1c:08:41:16",-92,2,"SH"
1467700770944754,"pplTV325","00:26:66:d0:c4:dc",-67,2,"SH"
1467700770944754,"myLGNETVTV","00:01:36:2d:ETVa:4c",-83,2,"SH"
1467700770944754,"SK_WLAN","00:27:1c:08:41:16",-92,2,"SH"
1467700781190090,"pplTV325","00:26:66:d0:c4:dc",-65,2,"SH"
1467700781190090,"myLGNETVTV","00:01:36:2d:ETVa:4c",-89,2,"SH"
1467700781190090,"SK_WLAN","00:27:1c:08:41:16",-94,2,"SH"
1467700791178686,"pplTV325","00:26:66:d0:c4:dc",-65,2,"SH"
1467700791178686,"U+NETVTV40B1","00:27:1c:ETVa:40:af",-85,2,"SH"
1467700791178686,"myLGNETVTV","00:01:36:2d:ETVa:4c",-89,2,"SH"
1467700791178686,"SK_WLAN","00:27:1c:08:41:16",-94,2,"SH"
1467700801058137,"pplTV325","00:26:66:d0:c4:dc",-70,2,"SH"
1467700801058137,"myLGNETVTV","00:01:36:2d:ETVa:4c",-83,2,"SH"
1467700801058137,"U+NETVTV40B1","00:27:1c:ETVa:40:af",-85,2,"SH"
1467700801058137,"SK_WLAN","00:27:1c:08:41:16",-94,2,"SH"
1467700811142365,"pplTV325","00:26:66:d0:c4:dc",-66,2,"SH"
1467700811142365,"U+NETVTV40B1","00:27:1c:ETVa:40:af",-77,2,"SH"
1467700811142365,"myLGNETVTV","00:01:36:2d:ETVa:4c",-84,2,"SH"
1467700811142365,"SK_WLAN","00:27:1c:08:41:16",-94,2,"SH"
1467700821036297,"pplTV325","00:26:66:d0:c4:dc",-68,2,"SH"
1467700821036297,"U+NETVTV40B1","00:27:1c:ETVa:40:af",-77,2,"SH"
1467700821036297,"myLGNETVTV","00:01:36:2d:ETVa:4c",-84,2,"SH"
1467700821036297,"SK_WLAN","00:27:1c:08:41:16",-94,2,"SH"
1467700831078842,"pplTV325","00:26:66:d0:c4:dc",-67,2,"SH"
1467700831078842,"U+NETVTV40B1","00:27:1c:ETVa:40:af",-78,2,"SH"
1467700831078842,"myLGNETVTV","00:01:36:2d:ETVa:4c",-83,2,"SH"
1467700831078842,"SK_WLAN","00:27:1c:08:41:16",-92,2,"SH"
1467700841029878,"pplTV325","00:26:66:d0:c4:dc",-64,2,"SH"
1467700841029878,"myLGNETVTV","00:01:36:2d:ETVa:4c",-83,2,"SH"
1467700841029878,"U+NETVTV40B1","00:27:1c:ETVa:40:af",-88,2,"SH"
1467700841029878,"SK_WLAN","00:27:1c:08:41:16",-96,2,"SH"
1467701709504631,"pplTV325","00:26:66:d0:c4:dc",-74,3,"SL"
1467701709504631,"U+NETVTV40B1","00:27:1c:ETVa:40:af",-90,3,"SL"
1467701709504631,"SK_WLAN","00:27:1c:08:41:16",-92,3,"SL"
1467701709504631,"kms","00:26:66:76:37:9c",-95,3,"SL"
1467701719398838,"pplTV325","00:26:66:d0:c4:dc",-72,3,"SL"
1467701719398838,"U+NETVTV40B1","00:27:1c:ETVa:40:af",-90,3,"SL"
1467701719398838,"myLGNETVTV","00:01:36:2d:ETVa:4c",-90,3,"SL"
1467701719398838,"SK_WLAN","00:27:1c:08:41:16",-93,3,"SL"
1467701729489657,"pplTV325","00:26:66:d0:c4:dc",-70,3,"SL"
1467701729489657,"myLGNETVTV","00:01:36:2d:ETVa:4c",-90,3,"SL"
1467701729489657,"SK_WLAN","00:27:1c:08:41:16",-91,3,"SL"
1467701729489657,"U+NETVTV40B1","00:27:1c:ETVa:40:af",-96,3,"SL"
1467701739437609,"pplTV325","00:26:66:d0:c4:dc",-73,3,"SL"
1467701739437609,"myLGNETVTV","00:01:36:2d:ETVa:4c",-90,3,"SL"
1467701739437609,"SK_WLAN","00:27:1c:08:41:16",-91,3,"SL"
1467701739437609,"U+NETVTV40B1","00:27:1c:ETVa:40:af",-96,3,"SL"
1467701749433666,"pplTV325","00:26:66:d0:c4:dc",-73,3,"SL"
1467701749433666,"myLGNETVTV","00:01:36:2d:ETVa:4c",-88,3,"SL"
1467701749433666,"U+NETVTV40B1","00:27:1c:ETVa:40:af",-88,3,"SL"
1467701749433666,"SK_WLAN","00:27:1c:08:41:16",-90,3,"SL"
1467701759430667,"pplTV325","00:26:66:d0:c4:dc",-73,3,"SL"
1467701759430667,"myLGNETVTV","00:01:36:2d:ETVa:4c",-88,3,"SL"
1467701759430667,"U+NETVTV40B1","00:27:1c:ETVa:40:af",-88,3,"SL"
1467701759430667,"SK_WLAN","00:27:1c:08:41:16",-90,3,"SL"
1467701769529464,"pplTV325","00:26:66:d0:c4:dc",-76,3,"SL"
1467701769529464,"myLGNETVTV","00:01:36:2d:ETVa:4c",-90,3,"SL"
1467701769529464,"SK_WLAN","00:27:1c:08:41:16",-91,3,"SL"
1467701779361254,"pplTV325","00:26:66:d0:c4:dc",-70,3,"SL"
1467701779361254,"myLGNETVTV","00:01:36:2d:ETVa:4c",-90,3,"SL"
1467701779361254,"SK_WLAN","00:27:1c:08:41:16",-91,3,"SL"
1467701789433223,"pplTV325","00:26:66:d0:c4:dc",-72,3,"SL"
1467701789433223,"U+NETVTV40B1","00:27:1c:ETVa:40:af",-87,3,"SL"
1467701789433223,"myLGNETVTV","00:01:36:2d:ETVa:4c",-88,3,"SL"
1467701789433223,"SK_WLAN","00:27:1c:08:41:16",-89,3,"SL"
1467701799454208,"pplTV325","00:26:66:d0:c4:dc",-74,3,"SL"
1467701799454208,"U+NETVTV40B1","00:27:1c:ETVa:40:af",-87,3,"SL"
1467701799454208,"myLGNETVTV","00:01:36:2d:ETVa:4c",-89,3,"SL"
1467701799454208,"SK_WLAN","00:27:1c:08:41:16",-94,3,"SL"
1467701809425765,"pplTV325","00:26:66:d0:c4:dc",-72,3,"SL"
1467701809425765,"myLGNETVTV","00:01:36:2d:ETVa:4c",-89,3,"SL"
1467701809425765,"SK_WLAN","00:27:1c:08:41:16",-94,3,"SL"
1467701819383486,"pplTV325","00:26:66:d0:c4:dc",-74,3,"SL"
1467701819383486,"U+NETVTV40B1","00:27:1c:ETVa:40:af",-84,3,"SL"
1467701819383486,"SK_WLAN","00:27:1c:08:41:16",-91,3,"SL"
1467701819383486,"myLGNETVTV","00:01:36:2d:ETVa:4c",-91,3,"SL"
1467701829439364,"pplTV325","00:26:66:d0:c4:dc",-75,3,"SL"
1467701829439364,"U+NETVTV40B1","00:27:1c:ETVa:40:af",-83,3,"SL"
1467701829439364,"SK_WLAN","00:27:1c:08:41:16",-91,3,"SL"
1467701829439364,"myLGNETVTV","00:01:36:2d:ETVa:4c",-92,3,"SL"
1467701829439364,"kms","00:26:66:76:37:9c",-96,3,"SL"
1467701839461368,"pplTV325","00:26:66:d0:c4:dc",-77,3,"SL"
1467701839461368,"U+NETVTV40B1","00:27:1c:ETVa:40:af",-85,3,"SL"
1467701839461368,"myLGNETVTV","00:01:36:2d:ETVa:4c",-92,3,"SL"
1467701839461368,"kms","00:26:66:76:37:9c",-96,3,"SL"
1467701849335636,"pplTV325","00:26:66:d0:c4:dc",-75,3,"SL"
1467701849335636,"U+NETVTV40B1","00:27:1c:ETVa:40:af",-88,3,"SL"
1467701849335636,"myLGNETVTV","00:01:36:2d:ETVa:4c",-91,3,"SL"
1467701849335636,"SK_WLAN","00:27:1c:08:41:16",-96,3,"SL"
1467701859440848,"pplTV325","00:26:66:d0:c4:dc",-76,3,"SL"
1467701859440848,"U+NETVTV40B1","00:27:1c:ETVa:40:af",-83,3,"SL"
1467701859440848,"myLGNETVTV","00:01:36:2d:ETVa:4c",-89,3,"SL"
1467701859440848,"SK_WLAN","00:27:1c:08:41:16",-92,3,"SL"
1467701869464032,"pplTV325","00:26:66:d0:c4:dc",-71,3,"SL"
1467701869464032,"U+NETVTV40B1","00:27:1c:ETVa:40:af",-89,3,"SL"
1467701869464032,"SK_WLAN","00:27:1c:08:41:16",-89,3,"SL"
1467701869464032,"myLGNETVTV","00:01:36:2d:ETVa:4c",-95,3,"SL"
1467701879356215,"pplTV325","00:26:66:d0:c4:dc",-74,3,"SL"
1467701879356215,"U+NETVTV40B1","00:27:1c:ETVa:40:af",-86,3,"SL"
1467701879356215,"SK_WLAN","00:27:1c:08:41:16",-89,3,"SL"
1467701879356215,"myLGNETVTV","00:01:36:2d:ETVa:4c",-91,3,"SL"
1467701889501076,"pplTV325","00:26:66:d0:c4:dc",-75,3,"SL"
1467701889501076,"U+NETVTV40B1","00:27:1c:ETVa:40:af",-86,3,"SL"
1467701889501076,"myLGNETVTV","00:01:36:2d:ETVa:4c",-89,3,"SL"
1467701889501076,"SK_WLAN","00:27:1c:08:41:16",-91,3,"SL"
1467701899520691,"pplTV325","00:26:66:d0:c4:dc",-73,3,"SL"
1467701899520691,"myLGNETVTV","00:01:36:2d:ETVa:4c",-89,3,"SL"
1467701899520691,"SK_WLAN","00:27:1c:08:41:16",-91,3,"SL"
1467701909382070,"pplTV325","00:26:66:d0:c4:dc",-85,3,"SL"
1467701909382070,"myLGNETVTV","00:01:36:2d:ETVa:4c",-92,3,"SL"
1467701909382070,"SK_WLAN","00:27:1c:08:41:16",-93,3,"SL"
1467701909382070,"kms","00:26:66:76:37:9c",-98,3,"SL"
1467701936822715,"pplTV325","00:26:66:d0:c4:dc",-75,3,"SL"
1467701936822715,"U+NETVTV40B1","00:27:1c:ETVa:40:af",-89,3,"SL"
1467701936822715,"myLGNETVTV","00:01:36:2d:ETVa:4c",-96,3,"SL"
1467701936822715,"kms","00:26:66:76:37:9c",-98,3,"SL"
1467701946842029,"pplTV325","00:26:66:d0:c4:dc",-77,3,"SL"
1467701946842029,"U+NETVTV40B1","00:27:1c:ETVa:40:af",-89,3,"SL"
1467701946842029,"myLGNETVTV","00:01:36:2d:ETVa:4c",-96,3,"SL"
1467701956921217,"pplTV325","00:26:66:d0:c4:dc",-76,3,"SL"
1467701956921217,"U+NETVTV40B1","00:27:1c:ETVa:40:af",-80,3,"SL"
1467701966859793,"pplTV325","00:26:66:d0:c4:dc",-79,3,"SL"
1467701966859793,"U+NETVTV40B1","00:27:1c:ETVa:40:af",-81,3,"SL"
1467701976859140,"pplTV325","00:26:66:d0:c4:dc",-71,3,"SL"
1467701976859140,"SK_WLAN","00:27:1c:08:41:16",-97,3,"SL"
1467701986846205,"pplTV325","00:26:66:d0:c4:dc",-76,3,"SL"
1467701986846205,"U+NETVTV40B1","00:27:1c:ETVa:40:af",-90,3,"SL"
1467701986846205,"SK_WLAN","00:27:1c:08:41:16",-97,3,"SL"
1467701996847629,"pplTV325","00:26:66:d0:c4:dc",-74,3,"SL"
1467701996847629,"U+NETVTV40B1","00:27:1c:ETVa:40:af",-88,3,"SL"
1467701996847629,"myLGNETVTV","00:01:36:2d:ETVa:4c",-93,3,"SL"
1467702006911965,"pplTV325","00:26:66:d0:c4:dc",-74,3,"SL"
1467702006911965,"U+NETVTV40B1","00:27:1c:ETVa:40:af",-88,3,"SL"
1467702006911965,"myLGNETVTV","00:01:36:2d:ETVa:4c",-93,3,"SL"
1467702016917369,"pplTV325","00:26:66:d0:c4:dc",-74,3,"SL"
1467702016917369,"U+NETVTV40B1","00:27:1c:ETVa:40:af",-81,3,"SL"
1467702026916584,"pplTV325","00:26:66:d0:c4:dc",-71,3,"SL"
1467702026916584,"U+NETVTV40B1","00:27:1c:ETVa:40:af",-91,3,"SL"
1467702036952031,"pplTV325","00:26:66:d0:c4:dc",-73,3,"SL"
1467702036952031,"U+NETVTV40B1","00:27:1c:ETVa:40:af",-91,3,"SL"
1467702046864983,"pplTV325","00:26:66:d0:c4:dc",-75,3,"SL"
1467702046864983,"U+NETVTV40B1","00:27:1c:ETVa:40:af",-86,3,"SL"
1467702046864983,"kms","00:26:66:76:37:9c",-91,3,"SL"
1467702046864983,"SK_WLAN","00:27:1c:08:41:16",-95,3,"SL"
1467702056699619,"pplTV325","00:26:66:d0:c4:dc",-82,3,"SL"
1467702056699619,"U+NETVTV40B1","00:27:1c:ETVa:40:af",-86,3,"SL"
1467702056699619,"kms","00:26:66:76:37:9c",-91,3,"SL"
1467702056699619,"SK_WLAN","00:27:1c:08:41:16",-95,3,"SL"
1467702066849061,"pplTV325","00:26:66:d0:c4:dc",-76,3,"SL"
1467702066849061,"U+NETVTV40B1","00:27:1c:ETVa:40:af",-85,3,"SL"
1467702076851153,"pplTV325","00:26:66:d0:c4:dc",-75,3,"SL"
1467702076851153,"U+NETVTV40B1","00:27:1c:ETVa:40:af",-85,3,"SL"
1467702076851153,"myLGNETVTV","00:01:36:2d:ETVa:4c",-94,3,"SL"
1467702086829024,"pplTV325","00:26:66:d0:c4:dc",-73,3,"SL"
1467702086829024,"SK_WLAN","00:27:1c:08:41:16",-90,3,"SL"
1467702086829024,"myLGNETVTV","00:01:36:2d:ETVa:4c",-94,3,"SL"
1467702096854495,"pplTV325","00:26:66:d0:c4:dc",-74,3,"SL"
1467702096854495,"U+NETVTV40B1","00:27:1c:ETVa:40:af",-84,3,"SL"
1467702096854495,"SK_WLAN","00:27:1c:08:41:16",-95,3,"SL"
1467702106986263,"pplTV325","00:26:66:d0:c4:dc",-73,3,"SL"
1467702106986263,"U+NETVTV40B1","00:27:1c:ETVa:40:af",-81,3,"SL"
1467702106986263,"myLGNETVTV","00:01:36:2d:ETVa:4c",-93,3,"SL"
1467702106986263,"SK_WLAN","00:27:1c:08:41:16",-95,3,"SL"
1467702116876259,"pplTV325","00:26:66:d0:c4:dc",-77,3,"SL"
1467702116876259,"U+NETVTV40B1","00:27:1c:ETVa:40:af",-81,3,"SL"
1467702116876259,"myLGNETVTV","00:01:36:2d:ETVa:4c",-93,3,"SL"
1467702116876259,"SK_WLAN","00:27:1c:08:41:16",-95,3,"SL"
1467702126841656,"pplTV325","00:26:66:d0:c4:dc",-77,3,"SL"
1467702126841656,"U+NETVTV40B1","00:27:1c:ETVa:40:af",-85,3,"SL"
1467702136844622,"pplTV325","00:26:66:d0:c4:dc",-78,3,"SL"
1467702136844622,"U+NETVTV40B1","00:27:1c:ETVa:40:af",-85,3,"SL"
1467702136844622,"myLGNETVTV","00:01:36:2d:ETVa:4c",-92,3,"SL"
1467702166824993,"pplTV325","00:26:66:d0:c4:dc",-78,3,"SL"
1467702166824993,"myLGNETVTV","00:01:36:2d:ETVa:4c",-92,3,"SL"
1467702166824993,"SK_WLAN","00:27:1c:08:41:16",-97,3,"SL"
1467702176851284,"pplTV325","00:26:66:d0:c4:dc",-77,3,"SL"
1467702176851284,"U+NETVTV40B1","00:27:1c:ETVa:40:af",-95,3,"SL"
1467702176851284,"SK_WLAN","00:27:1c:08:41:16",-97,3,"SL"
1467702186966166,"pplTV325","00:26:66:d0:c4:dc",-77,3,"SL"
1467702186966166,"U+NETVTV40B1","00:27:1c:ETVa:40:af",-92,3,"SL"
1467702196801413,"pplTV325","00:26:66:d0:c4:dc",-77,3,"SL"
1467702196801413,"U+NETVTV40B1","00:27:1c:ETVa:40:af",-92,3,"SL"
1467702196801413,"SK_WLAN","00:27:1c:08:41:16",-98,3,"SL"
1467702206808936,"pplTV325","00:26:66:d0:c4:dc",-76,3,"SL"
1467702206808936,"SK_WLAN","00:27:1c:08:41:16",-95,3,"SL"
1467702216928805,"pplTV325","00:26:66:d0:c4:dc",-77,3,"SL"
1467702216928805,"myLGNETVTV","00:01:36:2d:ETVa:4c",-94,3,"SL"
1467702216928805,"SK_WLAN","00:27:1c:08:41:16",-99,3,"SL"
1467702226878105,"pplTV325","00:26:66:d0:c4:dc",-78,3,"SL"
1467702226878105,"myLGNETVTV","00:01:36:2d:ETVa:4c",-94,3,"SL"
1467702226878105,"SK_WLAN","00:27:1c:08:41:16",-98,3,"SL"
1467702236853280,"pplTV325","00:26:66:d0:c4:dc",-78,3,"SL"
1467702236853280,"myLGNETVTV","00:01:36:2d:ETVa:4c",-94,3,"SL"
1467702236853280,"SK_WLAN","00:27:1c:08:41:16",-98,3,"SL"
1467702247064291,"pplTV325","00:26:66:d0:c4:dc",-76,3,"SL"
1467702247064291,"myLGNETVTV","00:01:36:2d:ETVa:4c",-93,3,"SL"
1467702247064291,"SK_WLAN","00:27:1c:08:41:16",-94,3,"SL"
1467702256790192,"pplTV325","00:26:66:d0:c4:dc",-77,3,"SL"
1467702256790192,"myLGNETVTV","00:01:36:2d:ETVa:4c",-93,3,"SL"
1467702256790192,"SK_WLAN","00:27:1c:08:41:16",-94,3,"SL"
1467702266853194,"pplTV325","00:26:66:d0:c4:dc",-76,3,"SL"
1467702266853194,"U+NETVTV40B1","00:27:1c:ETVa:40:af",-92,3,"SL"
1467702266853194,"SK_WLAN","00:27:1c:08:41:16",-97,3,"SL"
1467702276794216,"pplTV325","00:26:66:d0:c4:dc",-77,3,"SL"
1467702276794216,"U+NETVTV40B1","00:27:1c:ETVa:40:af",-92,3,"SL"
1467702276794216,"SK_WLAN","00:27:1c:08:41:16",-97,3,"SL"
1467702286879686,"pplTV325","00:26:66:d0:c4:dc",-78,3,"SL"
1467702286879686,"SK_WLAN","00:27:1c:08:41:16",-94,3,"SL"
1467702296924288,"pplTV325","00:26:66:d0:c4:dc",-78,3,"SL"
1467702296924288,"myLGNETVTV","00:01:36:2d:ETVa:4c",-94,3,"SL"
1467702296924288,"SK_WLAN","00:27:1c:08:41:16",-95,3,"SL"
1467702306890011,"pplTV325","00:26:66:d0:c4:dc",-77,3,"SL"
1467702306890011,"myLGNETVTV","00:01:36:2d:ETVa:4c",-94,3,"SL"
1467702306890011,"SK_WLAN","00:27:1c:08:41:16",-97,3,"SL"
1467702316799518,"pplTV325","00:26:66:d0:c4:dc",-76,3,"SL"
1467702316799518,"SK_WLAN","00:27:1c:08:41:16",-96,3,"SL"
1467702326926401,"pplTV325","00:26:66:d0:c4:dc",-76,3,"SL"
1467702326926401,"SK_WLAN","00:27:1c:08:41:16",-96,3,"SL"
1467702336811409,"pplTV325","00:26:66:d0:c4:dc",-82,3,"SL"
1467702336811409,"myLGNETVTV","00:01:36:2d:ETVa:4c",-95,3,"SL"
1467702346798260,"pplTV325","00:26:66:d0:c4:dc",-76,3,"SL"
1467702346798260,"myLGNETVTV","00:01:36:2d:ETVa:4c",-95,3,"SL"
1467702346798260,"SK_WLAN","00:27:1c:08:41:16",-95,3,"SL"
1467702356933851,"pplTV325","00:26:66:d0:c4:dc",-75,3,"SL"
1467702356933851,"myLGNETVTV","00:01:36:2d:ETVa:4c",-93,3,"SL"
1467702356933851,"SK_WLAN","00:27:1c:08:41:16",-97,3,"SL"
1467702366790173,"pplTV325","00:26:66:d0:c4:dc",-75,3,"SL"
1467702366790173,"myLGNETVTV","00:01:36:2d:ETVa:4c",-93,3,"SL"
1467702366790173,"SK_WLAN","00:27:1c:08:41:16",-97,3,"SL"
