1420108968061480,pplt325,00:26:66:d0:c4:dc,-62,3,ET
1420108968061480,U+Net40B1,00:27:1c:ea:40:af,-81,3,ET
1420108968061480,myLGNet,00:01:36:2d:ea:4c,-81,3,ET
1420108968061480,SK_WLAN,00:27:1c:08:41:16,-83,3,ET
1420108968061480,kms,00:26:66:76:37:9c,-86,3,ET
1420108980228847,pplt325,00:26:66:d0:c4:dc,-63,3,ET
1420108980228847,myLGNet,00:01:36:2d:ea:4c,-82,3,ET
1420108980228847,SK_WLAN,00:27:1c:08:41:16,-82,3,ET
1420108980228847,U+Net40B1,00:27:1c:ea:40:af,-83,3,ET
1420108980228847,kms,00:26:66:76:37:9c,-90,3,ET
1420108988098934,pplt325,00:26:66:d0:c4:dc,-63,3,ET
1420108988098934,U+Net40B1,00:27:1c:ea:40:af,-75,3,ET
1420108988098934,SK_WLAN,00:27:1c:08:41:16,-77,3,ET
1420108988098934,myLGNet,00:01:36:2d:ea:4c,-81,3,ET
1420108988098934,kms,00:26:66:76:37:9c,-92,3,ET
1420108999992415,pplt325,00:26:66:d0:c4:dc,-62,3,ET
1420108999992415,U+Net40B1,00:27:1c:ea:40:af,-75,3,ET
1420108999992415,myLGNet,00:01:36:2d:ea:4c,-82,3,ET
1420108999992415,SK_WLAN,00:27:1c:08:41:16,-87,3,ET
1420108999992415,kms,00:26:66:76:37:9c,-92,3,ET
1420109008060888,pplt325,00:26:66:d0:c4:dc,-64,3,ET
1420109008060888,myLGNet,00:01:36:2d:ea:4c,-83,3,ET
1420109008060888,SK_WLAN,00:27:1c:08:41:16,-83,3,ET
1420109020073086,pplt325,00:26:66:d0:c4:dc,-63,3,ET
1420109020073086,U+Net40B1,00:27:1c:ea:40:af,-74,3,ET
1420109020073086,myLGNet,00:01:36:2d:ea:4c,-82,3,ET
1420109020073086,SK_WLAN,00:27:1c:08:41:16,-83,3,ET
1420109020073086,kms,00:26:66:76:37:9c,-90,3,ET
1420109027979340,pplt325,00:26:66:d0:c4:dc,-65,3,ET
1420109027979340,U+Net40B1,00:27:1c:ea:40:af,-74,3,ET
1420109027979340,myLGNet,00:01:36:2d:ea:4c,-80,3,ET
1420109027979340,SK_WLAN,00:27:1c:08:41:16,-86,3,ET
1420109027979340,kms,00:26:66:76:37:9c,-90,3,ET
1420109040039901,pplt325,00:26:66:d0:c4:dc,-66,3,ET
1420109040039901,U+Net40B1,00:27:1c:ea:40:af,-79,3,ET
1420109040039901,myLGNet,00:01:36:2d:ea:4c,-79,3,ET
1420109040039901,SK_WLAN,00:27:1c:08:41:16,-84,3,ET
1420109040039901,kms,00:26:66:76:37:9c,-90,3,ET
1420109040039901,SK_WiFiD942,00:23:aa:3d:d9:41,-90,3,ET
1420109048200250,pplt325,00:26:66:d0:c4:dc,-65,3,ET
1420109048200250,myLGNet,00:01:36:2d:ea:4c,-80,3,ET
1420109048200250,SK_WLAN,00:27:1c:08:41:16,-81,3,ET
1420109048200250,U+Net40B1,00:27:1c:ea:40:af,-83,3,ET
1420109048200250,SK_WiFiD942,00:23:aa:3d:d9:41,-88,3,ET
1420109060196819,pplt325,00:26:66:d0:c4:dc,-64,3,ET
1420109060196819,U+Net40B1,00:27:1c:ea:40:af,-74,3,ET
1420109060196819,myLGNet,00:01:36:2d:ea:4c,-83,3,ET
1420109060196819,SK_WLAN,00:27:1c:08:41:16,-84,3,ET
1420109060196819,SK_WiFiD942,00:23:aa:3d:d9:41,-88,3,ET
1420109060196819,kms,00:26:66:76:37:9c,-90,3,ET
1420109068057259,pplt325,00:26:66:d0:c4:dc,-65,3,ET
1420109068057259,U+Net40B1,00:27:1c:ea:40:af,-74,3,ET
1420109068057259,myLGNet,00:01:36:2d:ea:4c,-80,3,ET
1420109068057259,SK_WLAN,00:27:1c:08:41:16,-84,3,ET
1420109068057259,kms,00:26:66:76:37:9c,-90,3,ET
1420109080085513,pplt325,00:26:66:d0:c4:dc,-61,3,ET
1420109080085513,myLGNet,00:01:36:2d:ea:4c,-82,3,ET
1420109080085513,SK_WLAN,00:27:1c:08:41:16,-85,3,ET
1420109080085513,kms,00:26:66:76:37:9c,-88,3,ET
1420109088086478,pplt325,00:26:66:d0:c4:dc,-65,3,ET
1420109088086478,U+Net40B1,00:27:1c:ea:40:af,-81,3,ET
1420109088086478,SK_WLAN,00:27:1c:08:41:16,-81,3,ET
1420109088086478,myLGNet,00:01:36:2d:ea:4c,-82,3,ET
1420109088086478,kms,00:26:66:76:37:9c,-93,3,ET
1420109100040611,pplt325,00:26:66:d0:c4:dc,-64,3,ET
1420109100040611,SK_WLAN,00:27:1c:08:41:16,-81,3,ET
1420109100040611,myLGNet,00:01:36:2d:ea:4c,-83,3,ET
1420109100040611,U+Net40B1,00:27:1c:ea:40:af,-83,3,ET
1420109100040611,kms,00:26:66:76:37:9c,-90,3,ET
1420109108119101,pplt325,00:26:66:d0:c4:dc,-65,3,ET
1420109108119101,U+Net40B1,00:27:1c:ea:40:af,-74,3,ET
1420109108119101,myLGNet,00:01:36:2d:ea:4c,-79,3,ET
1420109108119101,SK_WLAN,00:27:1c:08:41:16,-81,3,ET
1420109108119101,kms,00:26:66:76:37:9c,-90,3,ET
1420109120004728,pplt325,00:26:66:d0:c4:dc,-64,3,ET
1420109120004728,U+Net40B1,00:27:1c:ea:40:af,-75,3,ET
1420109120004728,myLGNet,00:01:36:2d:ea:4c,-81,3,ET
1420109120004728,SK_WLAN,00:27:1c:08:41:16,-82,3,ET
1420109120004728,kms,00:26:66:76:37:9c,-89,3,ET
1420109128123454,pplt325,00:26:66:d0:c4:dc,-64,3,ET
1420109128123454,U+Net40B1,00:27:1c:ea:40:af,-74,3,ET
1420109128123454,myLGNet,00:01:36:2d:ea:4c,-80,3,ET
1420109128123454,SK_WLAN,00:27:1c:08:41:16,-84,3,ET
1420109128123454,kms,00:26:66:76:37:9c,-91,3,ET
1420109140086286,pplt325,00:26:66:d0:c4:dc,-66,3,ET
1420109140086286,U+Net40B1,00:27:1c:ea:40:af,-78,3,ET
1420109140086286,myLGNet,00:01:36:2d:ea:4c,-83,3,ET
1420109140086286,SK_WLAN,00:27:1c:08:41:16,-85,3,ET
1420109140086286,kms,00:26:66:76:37:9c,-90,3,ET
1420109148173010,pplt325,00:26:66:d0:c4:dc,-66,3,ET
1420109148173010,U+Net40B1,00:27:1c:ea:40:af,-76,3,ET
1420109148173010,myLGNet,00:01:36:2d:ea:4c,-82,3,ET
1420109148173010,SK_WLAN,00:27:1c:08:41:16,-82,3,ET
1420109148173010,kms,00:26:66:76:37:9c,-93,3,ET
1420109160138605,pplt325,00:26:66:d0:c4:dc,-66,3,ET
1420109160138605,U+Net40B1,00:27:1c:ea:40:af,-73,3,ET
1420109160138605,myLGNet,00:01:36:2d:ea:4c,-82,3,ET
1420109160138605,SK_WLAN,00:27:1c:08:41:16,-84,3,ET
1420109160138605,kms,00:26:66:76:37:9c,-93,3,ET
1420109168098266,pplt325,00:26:66:d0:c4:dc,-67,3,ET
1420109168098266,U+Net40B1,00:27:1c:ea:40:af,-73,3,ET
1420109168098266,myLGNet,00:01:36:2d:ea:4c,-83,3,ET
1420109168098266,SK_WLAN,00:27:1c:08:41:16,-83,3,ET
1420109180005458,pplt325,00:26:66:d0:c4:dc,-66,3,ET
1420109180005458,U+Net40B1,00:27:1c:ea:40:af,-73,3,ET
1420109180005458,myLGNet,00:01:36:2d:ea:4c,-80,3,ET
1420109180005458,SK_WLAN,00:27:1c:08:41:16,-87,3,ET
1420109187982838,pplt325,00:26:66:d0:c4:dc,-65,3,ET
1420109187982838,U+Net40B1,00:27:1c:ea:40:af,-73,3,ET
1420109187982838,myLGNet,00:01:36:2d:ea:4c,-82,3,ET
1420109187982838,SK_WLAN,00:27:1c:08:41:16,-84,3,ET
1420109200102221,pplt325,00:26:66:d0:c4:dc,-67,3,ET
1420109200102221,U+Net40B1,00:27:1c:ea:40:af,-74,3,ET
1420109200102221,myLGNet,00:01:36:2d:ea:4c,-81,3,ET
1420109200102221,SK_WLAN,00:27:1c:08:41:16,-85,3,ET
1420109200102221,kms,00:26:66:76:37:9c,-92,3,ET
1420109208065795,pplt325,00:26:66:d0:c4:dc,-66,3,ET
1420109208065795,U+Net40B1,00:27:1c:ea:40:af,-79,3,ET
1420109208065795,SK_WLAN,00:27:1c:08:41:16,-80,3,ET
1420109208065795,myLGNet,00:01:36:2d:ea:4c,-83,3,ET
1420109208065795,kms,00:26:66:76:37:9c,-92,3,ET
1420109220005975,pplt325,00:26:66:d0:c4:dc,-65,3,ET
1420109220005975,U+Net40B1,00:27:1c:ea:40:af,-77,3,ET
1420109220005975,SK_WLAN,00:27:1c:08:41:16,-82,3,ET
1420109220005975,myLGNet,00:01:36:2d:ea:4c,-83,3,ET
1420109220005975,kms,00:26:66:76:37:9c,-92,3,ET
1420109228050152,pplt325,00:26:66:d0:c4:dc,-64,3,ET
1420109228050152,U+Net40B1,00:27:1c:ea:40:af,-77,3,ET
1420109228050152,myLGNet,00:01:36:2d:ea:4c,-83,3,ET
1420109228050152,SK_WLAN,00:27:1c:08:41:16,-84,3,ET
1420109240063820,pplt325,00:26:66:d0:c4:dc,-63,3,ET
1420109240063820,U+Net40B1,00:27:1c:ea:40:af,-82,3,ET
1420109240063820,SK_WLAN,00:27:1c:08:41:16,-82,3,ET
1420109240063820,myLGNet,00:01:36:2d:ea:4c,-87,3,ET
1420109248043672,pplt325,00:26:66:d0:c4:dc,-66,3,ET
1420109248043672,U+Net40B1,00:27:1c:ea:40:af,-82,3,ET
1420109248043672,SK_WLAN,00:27:1c:08:41:16,-83,3,ET
1420109248043672,myLGNet,00:01:36:2d:ea:4c,-83,3,ET
1420109248043672,kms,00:26:66:76:37:9c,-90,3,ET
1420109260260610,pplt325,00:26:66:d0:c4:dc,-64,3,ET
1420109260260610,U+Net40B1,00:27:1c:ea:40:af,-82,3,ET
1420109260260610,SK_WLAN,00:27:1c:08:41:16,-82,3,ET
1420109260260610,myLGNet,00:01:36:2d:ea:4c,-85,3,ET
1420109260260610,kms,00:26:66:76:37:9c,-90,3,ET
1420109268123850,pplt325,00:26:66:d0:c4:dc,-63,3,ET
1420109268123850,SK_WLAN,00:27:1c:08:41:16,-83,3,ET
1420109268123850,myLGNet,00:01:36:2d:ea:4c,-85,3,ET
1420109280195964,pplt325,00:26:66:d0:c4:dc,-65,3,ET
1420109280195964,U+Net40B1,00:27:1c:ea:40:af,-73,3,ET
1420109280195964,SK_WLAN,00:27:1c:08:41:16,-83,3,ET
1420109280195964,myLGNet,00:01:36:2d:ea:4c,-83,3,ET
1420109280195964,kms,00:26:66:76:37:9c,-93,3,ET
1420109288169192,pplt325,00:26:66:d0:c4:dc,-66,3,ET
1420109288169192,U+Net40B1,00:27:1c:ea:40:af,-81,3,ET
1420109288169192,myLGNet,00:01:36:2d:ea:4c,-82,3,ET
1420109288169192,SK_WLAN,00:27:1c:08:41:16,-82,3,ET
1420109288169192,kms,00:26:66:76:37:9c,-92,3,ET
1420109300044372,pplt325,00:26:66:d0:c4:dc,-66,3,ET
1420109300044372,myLGNet,00:01:36:2d:ea:4c,-81,3,ET
1420109300044372,SK_WLAN,00:27:1c:08:41:16,-85,3,ET
1420109300044372,U+Net40B1,00:27:1c:ea:40:af,-86,3,ET
1420109300044372,kms,00:26:66:76:37:9c,-91,3,ET
1420109307986235,pplt325,00:26:66:d0:c4:dc,-63,3,ET
1420109307986235,U+Net40B1,00:27:1c:ea:40:af,-78,3,ET
1420109307986235,myLGNet,00:01:36:2d:ea:4c,-82,3,ET
1420109307986235,SK_WLAN,00:27:1c:08:41:16,-82,3,ET
1420109307986235,kms,00:26:66:76:37:9c,-90,3,ET
1420109320249826,pplt325,00:26:66:d0:c4:dc,-68,3,ET
1420109320249826,myLGNet,00:01:36:2d:ea:4c,-81,3,ET
1420109320249826,SK_WLAN,00:27:1c:08:41:16,-84,3,ET
1420109320249826,U+Net40B1,00:27:1c:ea:40:af,-86,3,ET
1420109320249826,kms,00:26:66:76:37:9c,-89,3,ET
1420109328211344,pplt325,00:26:66:d0:c4:dc,-66,3,ET
1420109328211344,U+Net40B1,00:27:1c:ea:40:af,-74,3,ET
1420109328211344,SK_WLAN,00:27:1c:08:41:16,-85,3,ET
1420109328211344,myLGNet,00:01:36:2d:ea:4c,-85,3,ET
1420109328211344,kms,00:26:66:76:37:9c,-89,3,ET
1420109340108513,pplt325,00:26:66:d0:c4:dc,-63,3,ET
1420109340108513,SK_WLAN,00:27:1c:08:41:16,-81,3,ET
1420109340108513,U+Net40B1,00:27:1c:ea:40:af,-84,3,ET
1420109340108513,myLGNet,00:01:36:2d:ea:4c,-85,3,ET
1420109340108513,kms,00:26:66:76:37:9c,-91,3,ET
1420109348031893,pplt325,00:26:66:d0:c4:dc,-63,3,ET
1420109348031893,U+Net40B1,00:27:1c:ea:40:af,-76,3,ET
1420109348031893,myLGNet,00:01:36:2d:ea:4c,-80,3,ET
1420109348031893,SK_WLAN,00:27:1c:08:41:16,-82,3,ET
1420109348031893,kms,00:26:66:76:37:9c,-88,3,ET
1420109360103865,pplt325,00:26:66:d0:c4:dc,-63,3,ET
1420109360103865,U+Net40B1,00:27:1c:ea:40:af,-76,3,ET
1420109360103865,SK_WLAN,00:27:1c:08:41:16,-83,3,ET
1420109360103865,myLGNet,00:01:36:2d:ea:4c,-85,3,ET
1420109360103865,kms,00:26:66:76:37:9c,-88,3,ET
1420109368242548,pplt325,00:26:66:d0:c4:dc,-63,3,ET
1420109368242548,SK_WLAN,00:27:1c:08:41:16,-80,3,ET
1420109368242548,U+Net40B1,00:27:1c:ea:40:af,-81,3,ET
1420109368242548,myLGNet,00:01:36:2d:ea:4c,-85,3,ET
1420109380040447,pplt325,00:26:66:d0:c4:dc,-63,3,ET
1420109380040447,U+Net40B1,00:27:1c:ea:40:af,-75,3,ET
1420109380040447,SK_WLAN,00:27:1c:08:41:16,-80,3,ET
1420109380040447,myLGNet,00:01:36:2d:ea:4c,-86,3,ET
1420109380040447,kms,00:26:66:76:37:9c,-90,3,ET
1420109387992873,pplt325,00:26:66:d0:c4:dc,-67,3,ET
1420109387992873,U+Net40B1,00:27:1c:ea:40:af,-75,3,ET
1420109387992873,SK_WLAN,00:27:1c:08:41:16,-82,3,ET
1420109387992873,myLGNet,00:01:36:2d:ea:4c,-83,3,ET
1420109387992873,kms,00:26:66:76:37:9c,-90,3,ET
1420109400078585,pplt325,00:26:66:d0:c4:dc,-67,3,ET
1420109400078585,U+Net40B1,00:27:1c:ea:40:af,-72,3,ET
1420109400078585,myLGNet,00:01:36:2d:ea:4c,-84,3,ET
1420109400078585,SK_WLAN,00:27:1c:08:41:16,-86,3,ET
1420109400078585,kms,00:26:66:76:37:9c,-90,3,ET
1420109408053898,pplt325,00:26:66:d0:c4:dc,-65,3,ET
1420109408053898,U+Net40B1,00:27:1c:ea:40:af,-82,3,ET
1420109408053898,SK_WLAN,00:27:1c:08:41:16,-83,3,ET
1420109408053898,myLGNet,00:01:36:2d:ea:4c,-84,3,ET
1420109408053898,kms,00:26:66:76:37:9c,-90,3,ET
1420109420042866,pplt325,00:26:66:d0:c4:dc,-65,3,ET
1420109420042866,SK_WLAN,00:27:1c:08:41:16,-82,3,ET
1420109420042866,myLGNet,00:01:36:2d:ea:4c,-84,3,ET
1420109420042866,U+Net40B1,00:27:1c:ea:40:af,-84,3,ET
1420109420042866,kms,00:26:66:76:37:9c,-90,3,ET
1420109428054336,pplt325,00:26:66:d0:c4:dc,-62,3,ET
1420109428054336,U+Net40B1,00:27:1c:ea:40:af,-82,3,ET
1420109428054336,SK_WLAN,00:27:1c:08:41:16,-83,3,ET
1420109428054336,myLGNet,00:01:36:2d:ea:4c,-87,3,ET
1420109428054336,kms,00:26:66:76:37:9c,-90,3,ET
1420109440244890,pplt325,00:26:66:d0:c4:dc,-65,3,ET
1420109440244890,U+Net40B1,00:27:1c:ea:40:af,-82,3,ET
1420109440244890,SK_WLAN,00:27:1c:08:41:16,-83,3,ET
1420109440244890,myLGNet,00:01:36:2d:ea:4c,-84,3,ET
1420109440244890,kms,00:26:66:76:37:9c,-90,3,ET
1420109448125712,pplt325,00:26:66:d0:c4:dc,-64,3,ET
1420109448125712,U+Net40B1,00:27:1c:ea:40:af,-76,3,ET
1420109448125712,SK_WLAN,00:27:1c:08:41:16,-83,3,ET
1420109448125712,myLGNet,00:01:36:2d:ea:4c,-84,3,ET
1420109448125712,SK_WiFiD942,00:23:aa:3d:d9:41,-90,3,ET
1420109460075415,pplt325,00:26:66:d0:c4:dc,-62,3,ET
1420109460075415,U+Net40B1,00:27:1c:ea:40:af,-82,3,ET
1420109460075415,SK_WLAN,00:27:1c:08:41:16,-82,3,ET
1420109460075415,myLGNet,00:01:36:2d:ea:4c,-86,3,ET
1420109460075415,SK_WiFiD942,00:23:aa:3d:d9:41,-90,3,ET
1420109460075415,kms,00:26:66:76:37:9c,-91,3,ET
1420109468104265,pplt325,00:26:66:d0:c4:dc,-63,3,ET
1420109468104265,U+Net40B1,00:27:1c:ea:40:af,-83,3,ET
1420109468104265,SK_WLAN,00:27:1c:08:41:16,-83,3,ET
1420109468104265,myLGNet,00:01:36:2d:ea:4c,-83,3,ET
1420109468104265,kms,00:26:66:76:37:9c,-94,3,ET
1420109480106612,pplt325,00:26:66:d0:c4:dc,-65,3,ET
1420109480106612,U+Net40B1,00:27:1c:ea:40:af,-74,3,ET
1420109480106612,SK_WLAN,00:27:1c:08:41:16,-80,3,ET
1420109480106612,myLGNet,00:01:36:2d:ea:4c,-85,3,ET
1420109480106612,kms,00:26:66:76:37:9c,-94,3,ET
1420109488157643,pplt325,00:26:66:d0:c4:dc,-63,3,ET
1420109488157643,U+Net40B1,00:27:1c:ea:40:af,-80,3,ET
1420109488157643,myLGNet,00:01:36:2d:ea:4c,-81,3,ET
1420109488157643,SK_WLAN,00:27:1c:08:41:16,-83,3,ET
1420109500271793,pplt325,00:26:66:d0:c4:dc,-62,3,ET
1420109500271793,U+Net40B1,00:27:1c:ea:40:af,-80,3,ET
1420109500271793,myLGNet,00:01:36:2d:ea:4c,-83,3,ET
1420109500271793,SK_WLAN,00:27:1c:08:41:16,-83,3,ET
1420109508134748,pplt325,00:26:66:d0:c4:dc,-62,3,ET
1420109508134748,U+Net40B1,00:27:1c:ea:40:af,-76,3,ET
1420109508134748,SK_WLAN,00:27:1c:08:41:16,-82,3,ET
1420109508134748,myLGNet,00:01:36:2d:ea:4c,-83,3,ET
1420109508134748,kms,00:26:66:76:37:9c,-93,3,ET
1420109520045606,pplt325,00:26:66:d0:c4:dc,-65,3,ET
1420109520045606,U+Net40B1,00:27:1c:ea:40:af,-74,3,ET
1420109520045606,SK_WLAN,00:27:1c:08:41:16,-81,3,ET
1420109520045606,myLGNet,00:01:36:2d:ea:4c,-83,3,ET
1420109520045606,kms,00:26:66:76:37:9c,-91,3,ET
1420109528173538,pplt325,00:26:66:d0:c4:dc,-63,3,ET
1420109528173538,U+Net40B1,00:27:1c:ea:40:af,-82,3,ET
1420109528173538,myLGNet,00:01:36:2d:ea:4c,-82,3,ET
1420109528173538,SK_WLAN,00:27:1c:08:41:16,-88,3,ET
1420109528173538,kms,00:26:66:76:37:9c,-91,3,ET
1420109540158237,pplt325,00:26:66:d0:c4:dc,-66,3,ET
1420109540158237,myLGNet,00:01:36:2d:ea:4c,-82,3,ET
1420109540158237,SK_WLAN,00:27:1c:08:41:16,-86,3,ET
1420109540158237,U+Net40B1,00:27:1c:ea:40:af,-86,3,ET
1420109540158237,kms,00:26:66:76:37:9c,-88,3,ET
1420109548158674,pplt325,00:26:66:d0:c4:dc,-66,3,ET
1420109548158674,U+Net40B1,00:27:1c:ea:40:af,-80,3,ET
1420109548158674,SK_WLAN,00:27:1c:08:41:16,-83,3,ET
1420109548158674,myLGNet,00:01:36:2d:ea:4c,-85,3,ET
1420109548158674,kms,00:26:66:76:37:9c,-89,3,ET
1420109560240158,pplt325,00:26:66:d0:c4:dc,-66,3,ET
1420109560240158,U+Net40B1,00:27:1c:ea:40:af,-82,3,ET
1420109560240158,myLGNet,00:01:36:2d:ea:4c,-83,3,ET
1420109560240158,SK_WLAN,00:27:1c:08:41:16,-87,3,ET
1420109560240158,kms,00:26:66:76:37:9c,-88,3,ET
1420109568120947,pplt325,00:26:66:d0:c4:dc,-66,3,ET
1420109568120947,U+Net40B1,00:27:1c:ea:40:af,-82,3,ET
1420109568120947,SK_WLAN,00:27:1c:08:41:16,-83,3,ET
1420109568120947,myLGNet,00:01:36:2d:ea:4c,-84,3,ET
1420109568120947,kms,00:26:66:76:37:9c,-88,3,ET
1420109580103231,pplt325,00:26:66:d0:c4:dc,-61,3,ET
1420109580103231,U+Net40B1,00:27:1c:ea:40:af,-77,3,ET
1420109580103231,SK_WLAN,00:27:1c:08:41:16,-85,3,ET
1420109580103231,myLGNet,00:01:36:2d:ea:4c,-86,3,ET
1420109580103231,kms,00:26:66:76:37:9c,-90,3,ET
1420109588070635,pplt325,00:26:66:d0:c4:dc,-64,3,ET
1420109588070635,U+Net40B1,00:27:1c:ea:40:af,-76,3,ET
1420109588070635,SK_WLAN,00:27:1c:08:41:16,-81,3,ET
1420109588070635,kms,00:26:66:76:37:9c,-86,3,ET
1420109588070635,myLGNet,00:01:36:2d:ea:4c,-87,3,ET
1420109600051444,pplt325,00:26:66:d0:c4:dc,-66,3,ET
1420109600051444,U+Net40B1,00:27:1c:ea:40:af,-75,3,ET
1420109600051444,SK_WLAN,00:27:1c:08:41:16,-82,3,ET
1420109600051444,myLGNet,00:01:36:2d:ea:4c,-84,3,ET
1420109600051444,kms,00:26:66:76:37:9c,-88,3,ET
1420109608042532,pplt325,00:26:66:d0:c4:dc,-62,3,ET
1420109608042532,U+Net40B1,00:27:1c:ea:40:af,-77,3,ET
1420109608042532,SK_WLAN,00:27:1c:08:41:16,-82,3,ET
1420109608042532,myLGNet,00:01:36:2d:ea:4c,-86,3,ET
1420109608042532,kms,00:26:66:76:37:9c,-86,3,ET
1420109619955661,pplt325,00:26:66:d0:c4:dc,-61,3,ET
1420109619955661,U+Net40B1,00:27:1c:ea:40:af,-80,3,ET
1420109619955661,myLGNet,00:01:36:2d:ea:4c,-81,3,ET
1420109619955661,SK_WLAN,00:27:1c:08:41:16,-84,3,ET
1420109619955661,kms,00:26:66:76:37:9c,-90,3,ET
1420109628066627,pplt325,00:26:66:d0:c4:dc,-64,3,ET
1420109628066627,U+Net40B1,00:27:1c:ea:40:af,-76,3,ET
1420109628066627,SK_WLAN,00:27:1c:08:41:16,-81,3,ET
1420109628066627,myLGNet,00:01:36:2d:ea:4c,-84,3,ET
1420109628066627,kms,00:26:66:76:37:9c,-90,3,ET
1420109640087313,pplt325,00:26:66:d0:c4:dc,-63,3,ET
1420109640087313,U+Net40B1,00:27:1c:ea:40:af,-80,3,ET
1420109640087313,SK_WLAN,00:27:1c:08:41:16,-82,3,ET
1420109640087313,myLGNet,00:01:36:2d:ea:4c,-85,3,ET
1420109640087313,kms,00:26:66:76:37:9c,-85,3,ET
1420109648065091,pplt325,00:26:66:d0:c4:dc,-66,3,ET
1420109648065091,U+Net40B1,00:27:1c:ea:40:af,-77,3,ET
1420109648065091,SK_WLAN,00:27:1c:08:41:16,-83,3,ET
1420109648065091,myLGNet,00:01:36:2d:ea:4c,-85,3,ET
1420109648065091,kms,00:26:66:76:37:9c,-85,3,ET
1420109660053596,pplt325,00:26:66:d0:c4:dc,-63,3,ET
1420109660053596,U+Net40B1,00:27:1c:ea:40:af,-81,3,ET
1420109660053596,SK_WLAN,00:27:1c:08:41:16,-85,3,ET
1420109660053596,myLGNet,00:01:36:2d:ea:4c,-85,3,ET
1420109660053596,kms,00:26:66:76:37:9c,-87,3,ET
1420109668013823,pplt325,00:26:66:d0:c4:dc,-66,3,ET
1420109668013823,U+Net40B1,00:27:1c:ea:40:af,-77,3,ET
1420109668013823,SK_WLAN,00:27:1c:08:41:16,-81,3,ET
1420109668013823,myLGNet,00:01:36:2d:ea:4c,-84,3,ET
1420109668013823,kms,00:26:66:76:37:9c,-90,3,ET
1420109680306781,pplt325,00:26:66:d0:c4:dc,-62,3,ET
1420109680306781,U+Net40B1,00:27:1c:ea:40:af,-81,3,ET
1420109680306781,SK_WLAN,00:27:1c:08:41:16,-83,3,ET
1420109680306781,myLGNet,00:01:36:2d:ea:4c,-83,3,ET
1420109680306781,kms,00:26:66:76:37:9c,-91,3,ET
1420109687985796,pplt325,00:26:66:d0:c4:dc,-63,3,ET
1420109687985796,U+Net40B1,00:27:1c:ea:40:af,-81,3,ET
1420109687985796,SK_WLAN,00:27:1c:08:41:16,-81,3,ET
1420109687985796,myLGNet,00:01:36:2d:ea:4c,-86,3,ET
1420109687985796,kms,00:26:66:76:37:9c,-88,3,ET
1420109700078414,pplt325,00:26:66:d0:c4:dc,-64,3,ET
1420109700078414,U+Net40B1,00:27:1c:ea:40:af,-79,3,ET
1420109700078414,SK_WLAN,00:27:1c:08:41:16,-82,3,ET
1420109700078414,myLGNet,00:01:36:2d:ea:4c,-85,3,ET
1420109700078414,kms,00:26:66:76:37:9c,-88,3,ET
1420109708031552,pplt325,00:26:66:d0:c4:dc,-64,3,ET
1420109708031552,U+Net40B1,00:27:1c:ea:40:af,-82,3,ET
1420109708031552,SK_WLAN,00:27:1c:08:41:16,-82,3,ET
1420109708031552,myLGNet,00:01:36:2d:ea:4c,-86,3,ET
1420109708031552,kms,00:26:66:76:37:9c,-87,3,ET
1420109720296487,pplt325,00:26:66:d0:c4:dc,-64,3,ET
1420109720296487,U+Net40B1,00:27:1c:ea:40:af,-80,3,ET
1420109720296487,SK_WLAN,00:27:1c:08:41:16,-82,3,ET
1420109720296487,myLGNet,00:01:36:2d:ea:4c,-82,3,ET
1420109720296487,kms,00:26:66:76:37:9c,-88,3,ET
1420109728096414,pplt325,00:26:66:d0:c4:dc,-63,3,ET
1420109728096414,U+Net40B1,00:27:1c:ea:40:af,-80,3,ET
1420109728096414,SK_WLAN,00:27:1c:08:41:16,-80,3,ET
1420109728096414,myLGNet,00:01:36:2d:ea:4c,-85,3,ET
1420109728096414,kms,00:26:66:76:37:9c,-88,3,ET
1420109740266062,pplt325,00:26:66:d0:c4:dc,-63,3,ET
1420109740266062,U+Net40B1,00:27:1c:ea:40:af,-82,3,ET
1420109740266062,SK_WLAN,00:27:1c:08:41:16,-85,3,ET
1420109740266062,myLGNet,00:01:36:2d:ea:4c,-85,3,ET
1420109740266062,kms,00:26:66:76:37:9c,-91,3,ET
1420109748011917,pplt325,00:26:66:d0:c4:dc,-61,3,ET
1420109748011917,SK_WLAN,00:27:1c:08:41:16,-81,3,ET
1420109748011917,U+Net40B1,00:27:1c:ea:40:af,-82,3,ET
1420109748011917,myLGNet,00:01:36:2d:ea:4c,-84,3,ET
1420109748011917,kms,00:26:66:76:37:9c,-88,3,ET
1420109760269461,pplt325,00:26:66:d0:c4:dc,-63,3,ET
1420109760269461,U+Net40B1,00:27:1c:ea:40:af,-80,3,ET
1420109760269461,SK_WLAN,00:27:1c:08:41:16,-81,3,ET
1420109760269461,myLGNet,00:01:36:2d:ea:4c,-85,3,ET
1420109760269461,kms,00:26:66:76:37:9c,-87,3,ET
1420109768085593,pplt325,00:26:66:d0:c4:dc,-62,3,ET
1420109768085593,U+Net40B1,00:27:1c:ea:40:af,-80,3,ET
1420109768085593,SK_WLAN,00:27:1c:08:41:16,-82,3,ET
1420109768085593,myLGNet,00:01:36:2d:ea:4c,-86,3,ET
1420109768085593,kms,00:26:66:76:37:9c,-90,3,ET
1420109780036622,pplt325,00:26:66:d0:c4:dc,-63,3,ET
1420109780036622,U+Net40B1,00:27:1c:ea:40:af,-75,3,ET
1420109780036622,myLGNet,00:01:36:2d:ea:4c,-83,3,ET
1420109780036622,SK_WLAN,00:27:1c:08:41:16,-84,3,ET
1420109780036622,kms,00:26:66:76:37:9c,-89,3,ET
1420109788149858,pplt325,00:26:66:d0:c4:dc,-63,3,ET
1420109788149858,SK_WLAN,00:27:1c:08:41:16,-82,3,ET
1420109788149858,U+Net40B1,00:27:1c:ea:40:af,-83,3,ET
1420109788149858,myLGNet,00:01:36:2d:ea:4c,-86,3,ET
1420109788149858,kms,00:26:66:76:37:9c,-89,3,ET
1420109799994282,pplt325,00:26:66:d0:c4:dc,-63,3,ET
1420109799994282,U+Net40B1,00:27:1c:ea:40:af,-74,3,ET
1420109799994282,SK_WLAN,00:27:1c:08:41:16,-81,3,ET
1420109799994282,myLGNet,00:01:36:2d:ea:4c,-91,3,ET
1420109808065148,pplt325,00:26:66:d0:c4:dc,-62,3,ET
1420109808065148,U+Net40B1,00:27:1c:ea:40:af,-74,3,ET
1420109808065148,SK_WLAN,00:27:1c:08:41:16,-84,3,ET
1420109808065148,myLGNet,00:01:36:2d:ea:4c,-85,3,ET
1420109808065148,kms,00:26:66:76:37:9c,-86,3,ET
1420109820033101,pplt325,00:26:66:d0:c4:dc,-63,3,ET
1420109820033101,SK_WLAN,00:27:1c:08:41:16,-83,3,ET
1420109820033101,myLGNet,00:01:36:2d:ea:4c,-87,3,ET
1420109820033101,kms,00:26:66:76:37:9c,-89,3,ET
1420109828163847,pplt325,00:26:66:d0:c4:dc,-63,3,ET
1420109828163847,U+Net40B1,00:27:1c:ea:40:af,-77,3,ET
1420109828163847,SK_WLAN,00:27:1c:08:41:16,-83,3,ET
1420109828163847,myLGNet,00:01:36:2d:ea:4c,-84,3,ET
1420109828163847,kms,00:26:66:76:37:9c,-87,3,ET
1420109840086269,pplt325,00:26:66:d0:c4:dc,-61,3,ET
1420109840086269,U+Net40B1,00:27:1c:ea:40:af,-75,3,ET
1420109840086269,myLGNet,00:01:36:2d:ea:4c,-83,3,ET
1420109840086269,SK_WLAN,00:27:1c:08:41:16,-84,3,ET
1420109840086269,kms,00:26:66:76:37:9c,-86,3,ET
1420109848176039,pplt325,00:26:66:d0:c4:dc,-63,3,ET
1420109848176039,U+Net40B1,00:27:1c:ea:40:af,-79,3,ET
1420109848176039,SK_WLAN,00:27:1c:08:41:16,-85,3,ET
1420109848176039,kms,00:26:66:76:37:9c,-86,3,ET
1420109848176039,myLGNet,00:01:36:2d:ea:4c,-87,3,ET
1420109860066448,pplt325,00:26:66:d0:c4:dc,-62,3,ET
1420109860066448,U+Net40B1,00:27:1c:ea:40:af,-80,3,ET
1420109860066448,SK_WLAN,00:27:1c:08:41:16,-82,3,ET
1420109860066448,myLGNet,00:01:36:2d:ea:4c,-83,3,ET
1420109860066448,kms,00:26:66:76:37:9c,-89,3,ET
1420109868084730,pplt325,00:26:66:d0:c4:dc,-63,3,ET
1420109868084730,U+Net40B1,00:27:1c:ea:40:af,-79,3,ET
1420109868084730,SK_WLAN,00:27:1c:08:41:16,-80,3,ET
1420109868084730,myLGNet,00:01:36:2d:ea:4c,-83,3,ET
1420109868084730,kms,00:26:66:76:37:9c,-89,3,ET
1420109880192638,pplt325,00:26:66:d0:c4:dc,-63,3,ET
1420109880192638,U+Net40B1,00:27:1c:ea:40:af,-75,3,ET
1420109880192638,SK_WLAN,00:27:1c:08:41:16,-82,3,ET
1420109880192638,myLGNet,00:01:36:2d:ea:4c,-84,3,ET
1420109880192638,kms,00:26:66:76:37:9c,-89,3,ET
1420109880192638,SK_WiFiD942,00:23:aa:3d:d9:41,-93,3,ET
1420109888076460,pplt325,00:26:66:d0:c4:dc,-61,3,ET
1420109888076460,SK_WLAN,00:27:1c:08:41:16,-81,3,ET
1420109888076460,myLGNet,00:01:36:2d:ea:4c,-83,3,ET
1420109888076460,U+Net40B1,00:27:1c:ea:40:af,-84,3,ET
1420109888076460,kms,00:26:66:76:37:9c,-88,3,ET
1420109888076460,SK_WiFiD942,00:23:aa:3d:d9:41,-93,3,ET
1420109900020332,pplt325,00:26:66:d0:c4:dc,-63,3,ET
1420109900020332,SK_WLAN,00:27:1c:08:41:16,-80,3,ET
1420109900020332,myLGNet,00:01:36:2d:ea:4c,-84,3,ET
1420109900020332,U+Net40B1,00:27:1c:ea:40:af,-84,3,ET
1420109900020332,kms,00:26:66:76:37:9c,-88,3,ET
1420109908025478,pplt325,00:26:66:d0:c4:dc,-63,3,ET
1420109908025478,U+Net40B1,00:27:1c:ea:40:af,-78,3,ET
1420109908025478,SK_WLAN,00:27:1c:08:41:16,-84,3,ET
1420109908025478,myLGNet,00:01:36:2d:ea:4c,-85,3,ET
1420109908025478,kms,00:26:66:76:37:9c,-87,3,ET
1420109908025478,SK_WiFiD942,00:23:aa:3d:d9:41,-91,3,ET
1420109919990049,pplt325,00:26:66:d0:c4:dc,-63,3,ET
1420109919990049,U+Net40B1,00:27:1c:ea:40:af,-74,3,ET
1420109919990049,myLGNet,00:01:36:2d:ea:4c,-84,3,ET
1420109919990049,kms,00:26:66:76:37:9c,-87,3,ET
1420109919990049,SK_WLAN,00:27:1c:08:41:16,-87,3,ET
1420109919990049,SK_WiFiD942,00:23:aa:3d:d9:41,-91,3,ET
1420109928162003,pplt325,00:26:66:d0:c4:dc,-61,3,ET
1420109928162003,U+Net40B1,00:27:1c:ea:40:af,-80,3,ET
1420109928162003,myLGNet,00:01:36:2d:ea:4c,-81,3,ET
1420109928162003,SK_WLAN,00:27:1c:08:41:16,-81,3,ET
1420109928162003,kms,00:26:66:76:37:9c,-89,3,ET
1420109939964484,pplt325,00:26:66:d0:c4:dc,-63,3,ET
1420109939964484,U+Net40B1,00:27:1c:ea:40:af,-73,3,ET
1420109939964484,myLGNet,00:01:36:2d:ea:4c,-80,3,ET
1420109939964484,SK_WLAN,00:27:1c:08:41:16,-82,3,ET
1420109939964484,kms,00:26:66:76:37:9c,-89,3,ET
1420109948095620,pplt325,00:26:66:d0:c4:dc,-61,3,ET
1420109948095620,U+Net40B1,00:27:1c:ea:40:af,-77,3,ET
1420109948095620,SK_WLAN,00:27:1c:08:41:16,-86,3,ET
1420109948095620,myLGNet,00:01:36:2d:ea:4c,-86,3,ET
1420109960137867,pplt325,00:26:66:d0:c4:dc,-63,3,ET
1420109960137867,U+Net40B1,00:27:1c:ea:40:af,-81,3,ET
1420109960137867,SK_WLAN,00:27:1c:08:41:16,-81,3,ET
1420109960137867,myLGNet,00:01:36:2d:ea:4c,-81,3,ET
1420109960137867,kms,00:26:66:76:37:9c,-90,3,ET
1420109968277504,pplt325,00:26:66:d0:c4:dc,-62,3,ET
1420109968277504,U+Net40B1,00:27:1c:ea:40:af,-75,3,ET
1420109968277504,myLGNet,00:01:36:2d:ea:4c,-84,3,ET
1420109968277504,SK_WLAN,00:27:1c:08:41:16,-86,3,ET
1420109968277504,kms,00:26:66:76:37:9c,-87,3,ET
1420109980119257,pplt325,00:26:66:d0:c4:dc,-61,3,ET
1420109980119257,U+Net40B1,00:27:1c:ea:40:af,-75,3,ET
1420109980119257,myLGNet,00:01:36:2d:ea:4c,-81,3,ET
1420109980119257,SK_WLAN,00:27:1c:08:41:16,-86,3,ET
1420109980119257,kms,00:26:66:76:37:9c,-86,3,ET
1420109988213184,pplt325,00:26:66:d0:c4:dc,-61,3,ET
1420109988213184,U+Net40B1,00:27:1c:ea:40:af,-78,3,ET
1420109988213184,myLGNet,00:01:36:2d:ea:4c,-81,3,ET
1420109988213184,SK_WLAN,00:27:1c:08:41:16,-84,3,ET
1420109988213184,kms,00:26:66:76:37:9c,-92,3,ET
1420110000105151,pplt325,00:26:66:d0:c4:dc,-68,3,ET
1420110000105151,U+Net40B1,00:27:1c:ea:40:af,-77,3,ET
1420110000105151,myLGNet,00:01:36:2d:ea:4c,-84,3,ET
1420110000105151,SK_WLAN,00:27:1c:08:41:16,-84,3,ET
1420110000105151,kms,00:26:66:76:37:9c,-88,3,ET
1420110008025237,pplt325,00:26:66:d0:c4:dc,-64,3,ET
1420110008025237,U+Net40B1,00:27:1c:ea:40:af,-75,3,ET
1420110008025237,myLGNet,00:01:36:2d:ea:4c,-85,3,ET
1420110008025237,SK_WLAN,00:27:1c:08:41:16,-86,3,ET
1420110008025237,kms,00:26:66:76:37:9c,-89,3,ET
1420110020154005,pplt325,00:26:66:d0:c4:dc,-63,3,ET
1420110020154005,U+Net40B1,00:27:1c:ea:40:af,-81,3,ET
1420110020154005,SK_WLAN,00:27:1c:08:41:16,-82,3,ET
1420110020154005,myLGNet,00:01:36:2d:ea:4c,-85,3,ET
1420110020154005,kms,00:26:66:76:37:9c,-89,3,ET
1420110028074483,pplt325,00:26:66:d0:c4:dc,-62,3,ET
1420110028074483,U+Net40B1,00:27:1c:ea:40:af,-82,3,ET
1420110028074483,myLGNet,00:01:36:2d:ea:4c,-82,3,ET
1420110028074483,SK_WLAN,00:27:1c:08:41:16,-84,3,ET
1420110028074483,kms,00:26:66:76:37:9c,-87,3,ET
1420110040112355,pplt325,00:26:66:d0:c4:dc,-62,3,ET
1420110040112355,U+Net40B1,00:27:1c:ea:40:af,-75,3,ET
1420110040112355,myLGNet,00:01:36:2d:ea:4c,-82,3,ET
1420110040112355,SK_WLAN,00:27:1c:08:41:16,-83,3,ET
1420110040112355,kms,00:26:66:76:37:9c,-90,3,ET
1420110048135601,pplt325,00:26:66:d0:c4:dc,-62,3,ET
1420110048135601,U+Net40B1,00:27:1c:ea:40:af,-75,3,ET
1420110048135601,SK_WLAN,00:27:1c:08:41:16,-83,3,ET
1420110048135601,myLGNet,00:01:36:2d:ea:4c,-85,3,ET
1420110048135601,kms,00:26:66:76:37:9c,-90,3,ET
1420110060042060,pplt325,00:26:66:d0:c4:dc,-63,3,ET
1420110060042060,SK_WLAN,00:27:1c:08:41:16,-84,3,ET
1420110060042060,myLGNet,00:01:36:2d:ea:4c,-84,3,ET
1420110068074691,pplt325,00:26:66:d0:c4:dc,-63,3,ET
1420110068074691,U+Net40B1,00:27:1c:ea:40:af,-78,3,ET
1420110068074691,myLGNet,00:01:36:2d:ea:4c,-82,3,ET
1420110068074691,SK_WLAN,00:27:1c:08:41:16,-86,3,ET
1420110080128092,pplt325,00:26:66:d0:c4:dc,-62,3,ET
1420110080128092,U+Net40B1,00:27:1c:ea:40:af,-75,3,ET
1420110080128092,myLGNet,00:01:36:2d:ea:4c,-84,3,ET
1420110080128092,SK_WLAN,00:27:1c:08:41:16,-84,3,ET
1420110080128092,kms,00:26:66:76:37:9c,-88,3,ET
1420110088081238,pplt325,00:26:66:d0:c4:dc,-64,3,ET
1420110088081238,U+Net40B1,00:27:1c:ea:40:af,-75,3,ET
1420110088081238,SK_WLAN,00:27:1c:08:41:16,-81,3,ET
1420110088081238,myLGNet,00:01:36:2d:ea:4c,-83,3,ET
1420110088081238,kms,00:26:66:76:37:9c,-88,3,ET
1420110100092195,pplt325,00:26:66:d0:c4:dc,-62,3,ET
1420110100092195,U+Net40B1,00:27:1c:ea:40:af,-80,3,ET
1420110100092195,myLGNet,00:01:36:2d:ea:4c,-82,3,ET
1420110100092195,SK_WLAN,00:27:1c:08:41:16,-83,3,ET
1420110100092195,kms,00:26:66:76:37:9c,-88,3,ET
1420110108241091,pplt325,00:26:66:d0:c4:dc,-62,3,ET
1420110108241091,U+Net40B1,00:27:1c:ea:40:af,-75,3,ET
1420110108241091,SK_WLAN,00:27:1c:08:41:16,-82,3,ET
1420110108241091,myLGNet,00:01:36:2d:ea:4c,-84,3,ET
1420110108241091,kms,00:26:66:76:37:9c,-88,3,ET
1420110120053278,pplt325,00:26:66:d0:c4:dc,-65,3,ET
1420110120053278,U+Net40B1,00:27:1c:ea:40:af,-83,3,ET
1420110120053278,myLGNet,00:01:36:2d:ea:4c,-83,3,ET
1420110120053278,SK_WLAN,00:27:1c:08:41:16,-84,3,ET
1420110120053278,kms,00:26:66:76:37:9c,-86,3,ET
1420110120053278,SK_WiFiD942,00:23:aa:3d:d9:41,-90,3,ET
1420110128203538,pplt325,00:26:66:d0:c4:dc,-63,3,ET
1420110128203538,U+Net40B1,00:27:1c:ea:40:af,-78,3,ET
1420110128203538,myLGNet,00:01:36:2d:ea:4c,-81,3,ET
1420110128203538,SK_WLAN,00:27:1c:08:41:16,-85,3,ET
1420110128203538,kms,00:26:66:76:37:9c,-87,3,ET
1420110128203538,SK_WiFiD942,00:23:aa:3d:d9:41,-90,3,ET
1420110140044524,pplt325,00:26:66:d0:c4:dc,-65,3,ET
1420110140044524,myLGNet,00:01:36:2d:ea:4c,-81,3,ET
1420110140044524,SK_WLAN,00:27:1c:08:41:16,-82,3,ET
1420110140044524,U+Net40B1,00:27:1c:ea:40:af,-83,3,ET
1420110140044524,kms,00:26:66:76:37:9c,-87,3,ET
1420110140044524,SK_WiFiD942,00:23:aa:3d:d9:41,-91,3,ET
1420110148146391,pplt325,00:26:66:d0:c4:dc,-64,3,ET
1420110148146391,U+Net40B1,00:27:1c:ea:40:af,-77,3,ET
1420110148146391,myLGNet,00:01:36:2d:ea:4c,-81,3,ET
1420110148146391,SK_WLAN,00:27:1c:08:41:16,-83,3,ET
1420110148146391,kms,00:26:66:76:37:9c,-87,3,ET
1420110148146391,SK_WiFiD942,00:23:aa:3d:d9:41,-91,3,ET
1420110160103002,pplt325,00:26:66:d0:c4:dc,-64,3,ET
1420110160103002,U+Net40B1,00:27:1c:ea:40:af,-73,3,ET
1420110160103002,myLGNet,00:01:36:2d:ea:4c,-82,3,ET
1420110160103002,kms,00:26:66:76:37:9c,-87,3,ET
1420110160103002,SK_WLAN,00:27:1c:08:41:16,-88,3,ET
1420110168065927,pplt325,00:26:66:d0:c4:dc,-63,3,ET
1420110168065927,myLGNet,00:01:36:2d:ea:4c,-82,3,ET
1420110168065927,U+Net40B1,00:27:1c:ea:40:af,-83,3,ET
1420110168065927,SK_WLAN,00:27:1c:08:41:16,-84,3,ET
1420110168065927,kms,00:26:66:76:37:9c,-87,3,ET
1420110180066663,pplt325,00:26:66:d0:c4:dc,-63,3,ET
1420110180066663,U+Net40B1,00:27:1c:ea:40:af,-80,3,ET
1420110180066663,myLGNet,00:01:36:2d:ea:4c,-82,3,ET
1420110180066663,SK_WLAN,00:27:1c:08:41:16,-86,3,ET
1420110180066663,kms,00:26:66:76:37:9c,-92,3,ET
1420110188088376,pplt325,00:26:66:d0:c4:dc,-61,3,ET
1420110188088376,U+Net40B1,00:27:1c:ea:40:af,-75,3,ET
1420110188088376,myLGNet,00:01:36:2d:ea:4c,-80,3,ET
1420110188088376,SK_WLAN,00:27:1c:08:41:16,-80,3,ET
1420110188088376,kms,00:26:66:76:37:9c,-89,3,ET
1420110200128939,pplt325,00:26:66:d0:c4:dc,-64,3,ET
1420110200128939,U+Net40B1,00:27:1c:ea:40:af,-75,3,ET
1420110200128939,myLGNet,00:01:36:2d:ea:4c,-81,3,ET
1420110200128939,SK_WLAN,00:27:1c:08:41:16,-87,3,ET
1420110200128939,kms,00:26:66:76:37:9c,-90,3,ET
1420110208015793,pplt325,00:26:66:d0:c4:dc,-64,3,ET
1420110208015793,U+Net40B1,00:27:1c:ea:40:af,-74,3,ET
1420110208015793,myLGNet,00:01:36:2d:ea:4c,-81,3,ET
1420110208015793,SK_WLAN,00:27:1c:08:41:16,-88,3,ET
1420110208015793,kms,00:26:66:76:37:9c,-90,3,ET
1420110220154094,pplt325,00:26:66:d0:c4:dc,-64,3,ET
1420110220154094,U+Net40B1,00:27:1c:ea:40:af,-80,3,ET
1420110220154094,myLGNet,00:01:36:2d:ea:4c,-81,3,ET
1420110220154094,SK_WLAN,00:27:1c:08:41:16,-81,3,ET
1420110228126860,pplt325,00:26:66:d0:c4:dc,-62,3,ET
1420110228126860,U+Net40B1,00:27:1c:ea:40:af,-75,3,ET
1420110228126860,SK_WLAN,00:27:1c:08:41:16,-81,3,ET
1420110228126860,myLGNet,00:01:36:2d:ea:4c,-83,3,ET
1420110228126860,kms,00:26:66:76:37:9c,-92,3,ET
1420110240166485,pplt325,00:26:66:d0:c4:dc,-63,3,ET
1420110240166485,U+Net40B1,00:27:1c:ea:40:af,-79,3,ET
1420110240166485,myLGNet,00:01:36:2d:ea:4c,-80,3,ET
1420110240166485,SK_WLAN,00:27:1c:08:41:16,-81,3,ET
1420110240166485,kms,00:26:66:76:37:9c,-91,3,ET
1420110248084831,pplt325,00:26:66:d0:c4:dc,-62,3,ET
1420110248084831,myLGNet,00:01:36:2d:ea:4c,-80,3,ET
1420110248084831,U+Net40B1,00:27:1c:ea:40:af,-82,3,ET
1420110248084831,SK_WLAN,00:27:1c:08:41:16,-83,3,ET
1420110248084831,kms,00:26:66:76:37:9c,-85,3,ET
1420110260213687,pplt325,00:26:66:d0:c4:dc,-63,3,ET
1420110260213687,U+Net40B1,00:27:1c:ea:40:af,-73,3,ET
1420110260213687,myLGNet,00:01:36:2d:ea:4c,-80,3,ET
1420110260213687,SK_WLAN,00:27:1c:08:41:16,-85,3,ET
1420110260213687,kms,00:26:66:76:37:9c,-85,3,ET
1420110268113525,pplt325,00:26:66:d0:c4:dc,-65,3,ET
1420110268113525,U+Net40B1,00:27:1c:ea:40:af,-73,3,ET
1420110268113525,myLGNet,00:01:36:2d:ea:4c,-80,3,ET
1420110268113525,SK_WLAN,00:27:1c:08:41:16,-82,3,ET
1420110280196828,pplt325,00:26:66:d0:c4:dc,-64,3,ET
1420110280196828,U+Net40B1,00:27:1c:ea:40:af,-73,3,ET
1420110280196828,SK_WLAN,00:27:1c:08:41:16,-80,3,ET
1420110280196828,myLGNet,00:01:36:2d:ea:4c,-87,3,ET
1420110288037180,pplt325,00:26:66:d0:c4:dc,-62,3,ET
1420110288037180,U+Net40B1,00:27:1c:ea:40:af,-75,3,ET
1420110288037180,myLGNet,00:01:36:2d:ea:4c,-81,3,ET
1420110288037180,SK_WLAN,00:27:1c:08:41:16,-83,3,ET
1420110288037180,kms,00:26:66:76:37:9c,-86,3,ET
1420110300250915,pplt325,00:26:66:d0:c4:dc,-64,3,ET
1420110300250915,U+Net40B1,00:27:1c:ea:40:af,-80,3,ET
1420110300250915,SK_WLAN,00:27:1c:08:41:16,-82,3,ET
1420110300250915,myLGNet,00:01:36:2d:ea:4c,-85,3,ET
1420110300250915,kms,00:26:66:76:37:9c,-86,3,ET
1420110308121584,pplt325,00:26:66:d0:c4:dc,-66,3,ET
1420110308121584,U+Net40B1,00:27:1c:ea:40:af,-75,3,ET
1420110308121584,myLGNet,00:01:36:2d:ea:4c,-81,3,ET
1420110308121584,SK_WLAN,00:27:1c:08:41:16,-85,3,ET
1420110308121584,kms,00:26:66:76:37:9c,-91,3,ET
1420110320211123,pplt325,00:26:66:d0:c4:dc,-64,3,ET
1420110320211123,U+Net40B1,00:27:1c:ea:40:af,-75,3,ET
1420110320211123,SK_WLAN,00:27:1c:08:41:16,-81,3,ET
1420110320211123,myLGNet,00:01:36:2d:ea:4c,-84,3,ET
1420110320211123,kms,00:26:66:76:37:9c,-90,3,ET
1420110328089728,pplt325,00:26:66:d0:c4:dc,-63,3,ET
1420110328089728,myLGNet,00:01:36:2d:ea:4c,-80,3,ET
1420110328089728,U+Net40B1,00:27:1c:ea:40:af,-84,3,ET
1420110328089728,SK_WLAN,00:27:1c:08:41:16,-85,3,ET
1420110328089728,kms,00:26:66:76:37:9c,-89,3,ET
1420110340078276,pplt325,00:26:66:d0:c4:dc,-65,3,ET
1420110340078276,myLGNet,00:01:36:2d:ea:4c,-82,3,ET
1420110340078276,SK_WLAN,00:27:1c:08:41:16,-82,3,ET
1420110340078276,U+Net40B1,00:27:1c:ea:40:af,-84,3,ET
1420110340078276,kms,00:26:66:76:37:9c,-90,3,ET
1420110348090579,pplt325,00:26:66:d0:c4:dc,-63,3,ET
1420110348090579,U+Net40B1,00:27:1c:ea:40:af,-76,3,ET
1420110348090579,myLGNet,00:01:36:2d:ea:4c,-81,3,ET
1420110348090579,SK_WLAN,00:27:1c:08:41:16,-81,3,ET
1420110348090579,kms,00:26:66:76:37:9c,-90,3,ET
1420110360140610,pplt325,00:26:66:d0:c4:dc,-65,3,ET
1420110360140610,myLGNet,00:01:36:2d:ea:4c,-80,3,ET
1420110360140610,U+Net40B1,00:27:1c:ea:40:af,-80,3,ET
1420110360140610,SK_WLAN,00:27:1c:08:41:16,-82,3,ET
1420110360140610,kms,00:26:66:76:37:9c,-89,3,ET
1420110368052286,pplt325,00:26:66:d0:c4:dc,-63,3,ET
1420110368052286,U+Net40B1,00:27:1c:ea:40:af,-80,3,ET
1420110368052286,SK_WLAN,00:27:1c:08:41:16,-83,3,ET
1420110368052286,myLGNet,00:01:36:2d:ea:4c,-84,3,ET
1420110368052286,kms,00:26:66:76:37:9c,-89,3,ET
1420110380061800,pplt325,00:26:66:d0:c4:dc,-63,3,ET
1420110380061800,myLGNet,00:01:36:2d:ea:4c,-80,3,ET
1420110380061800,U+Net40B1,00:27:1c:ea:40:af,-81,3,ET
1420110380061800,SK_WLAN,00:27:1c:08:41:16,-85,3,ET
1420110388170345,pplt325,00:26:66:d0:c4:dc,-64,3,ET
1420110388170345,U+Net40B1,00:27:1c:ea:40:af,-81,3,ET
1420110388170345,SK_WLAN,00:27:1c:08:41:16,-82,3,ET
1420110388170345,myLGNet,00:01:36:2d:ea:4c,-82,3,ET
1420110388170345,kms,00:26:66:76:37:9c,-87,3,ET
1420110388170345,SK_WiFiD942,00:23:aa:3d:d9:41,-91,3,ET
1420110400106111,pplt325,00:26:66:d0:c4:dc,-63,3,ET
1420110400106111,myLGNet,00:01:36:2d:ea:4c,-78,3,ET
1420110400106111,SK_WLAN,00:27:1c:08:41:16,-82,3,ET
1420110400106111,U+Net40B1,00:27:1c:ea:40:af,-83,3,ET
1420110400106111,kms,00:26:66:76:37:9c,-90,3,ET
1420110400106111,SK_WiFiD942,00:23:aa:3d:d9:41,-91,3,ET
1420110408190148,pplt325,00:26:66:d0:c4:dc,-63,3,ET
1420110408190148,U+Net40B1,00:27:1c:ea:40:af,-74,3,ET
1420110408190148,SK_WLAN,00:27:1c:08:41:16,-78,3,ET
1420110408190148,myLGNet,00:01:36:2d:ea:4c,-82,3,ET
1420110408190148,kms,00:26:66:76:37:9c,-90,3,ET
1420110420132596,pplt325,00:26:66:d0:c4:dc,-63,3,ET
1420110420132596,U+Net40B1,00:27:1c:ea:40:af,-74,3,ET
1420110420132596,myLGNet,00:01:36:2d:ea:4c,-81,3,ET
1420110420132596,SK_WLAN,00:27:1c:08:41:16,-83,3,ET
1420110420132596,kms,00:26:66:76:37:9c,-86,3,ET
1420110428049162,pplt325,00:26:66:d0:c4:dc,-63,3,ET
1420110428049162,U+Net40B1,00:27:1c:ea:40:af,-78,3,ET
1420110428049162,myLGNet,00:01:36:2d:ea:4c,-81,3,ET
1420110428049162,SK_WLAN,00:27:1c:08:41:16,-83,3,ET
1420110428049162,kms,00:26:66:76:37:9c,-88,3,ET
1420110440265849,pplt325,00:26:66:d0:c4:dc,-62,3,ET
1420110440265849,U+Net40B1,00:27:1c:ea:40:af,-78,3,ET
1420110440265849,myLGNet,00:01:36:2d:ea:4c,-79,3,ET
1420110440265849,SK_WLAN,00:27:1c:08:41:16,-80,3,ET
1420110440265849,kms,00:26:66:76:37:9c,-86,3,ET
1420110448113716,pplt325,00:26:66:d0:c4:dc,-63,3,ET
1420110448113716,U+Net40B1,00:27:1c:ea:40:af,-80,3,ET
1420110448113716,myLGNet,00:01:36:2d:ea:4c,-80,3,ET
1420110448113716,SK_WLAN,00:27:1c:08:41:16,-80,3,ET
1420110448113716,kms,00:26:66:76:37:9c,-89,3,ET
1420110460141829,pplt325,00:26:66:d0:c4:dc,-63,3,ET
1420110460141829,U+Net40B1,00:27:1c:ea:40:af,-75,3,ET
1420110460141829,SK_WLAN,00:27:1c:08:41:16,-80,3,ET
1420110460141829,myLGNet,00:01:36:2d:ea:4c,-82,3,ET
1420110460141829,kms,00:26:66:76:37:9c,-88,3,ET
1420110468098894,pplt325,00:26:66:d0:c4:dc,-63,3,ET
1420110468098894,SK_WLAN,00:27:1c:08:41:16,-80,3,ET
1420110468098894,myLGNet,00:01:36:2d:ea:4c,-80,3,ET
1420110468098894,U+Net40B1,00:27:1c:ea:40:af,-85,3,ET
1420110468098894,kms,00:26:66:76:37:9c,-88,3,ET
1420110480107922,pplt325,00:26:66:d0:c4:dc,-68,3,ET
1420110480107922,myLGNet,00:01:36:2d:ea:4c,-79,3,ET
1420110480107922,U+Net40B1,00:27:1c:ea:40:af,-79,3,ET
1420110480107922,SK_WLAN,00:27:1c:08:41:16,-81,3,ET
1420110480107922,SK_WiFiD942,00:23:aa:3d:d9:41,-90,3,ET
1420110480107922,kms,00:26:66:76:37:9c,-93,3,ET
1420110488056333,pplt325,00:26:66:d0:c4:dc,-62,3,ET
1420110488056333,myLGNet,00:01:36:2d:ea:4c,-79,3,ET
1420110488056333,U+Net40B1,00:27:1c:ea:40:af,-80,3,ET
1420110488056333,SK_WLAN,00:27:1c:08:41:16,-83,3,ET
1420110488056333,kms,00:26:66:76:37:9c,-89,3,ET
1420110488056333,SK_WiFiD942,00:23:aa:3d:d9:41,-90,3,ET
1420110500065267,pplt325,00:26:66:d0:c4:dc,-63,3,ET
1420110500065267,myLGNet,00:01:36:2d:ea:4c,-79,3,ET
1420110500065267,U+Net40B1,00:27:1c:ea:40:af,-80,3,ET
1420110500065267,SK_WLAN,00:27:1c:08:41:16,-86,3,ET
1420110500065267,kms,00:26:66:76:37:9c,-89,3,ET
1420110508135414,pplt325,00:26:66:d0:c4:dc,-63,3,ET
1420110508135414,U+Net40B1,00:27:1c:ea:40:af,-75,3,ET
1420110508135414,SK_WLAN,00:27:1c:08:41:16,-79,3,ET
1420110508135414,myLGNet,00:01:36:2d:ea:4c,-80,3,ET
1420110508135414,kms,00:26:66:76:37:9c,-88,3,ET
1420110520231307,pplt325,00:26:66:d0:c4:dc,-63,3,ET
1420110520231307,U+Net40B1,00:27:1c:ea:40:af,-75,3,ET
1420110520231307,myLGNet,00:01:36:2d:ea:4c,-80,3,ET
1420110520231307,SK_WLAN,00:27:1c:08:41:16,-82,3,ET
1420110520231307,kms,00:26:66:76:37:9c,-88,3,ET
1420110528050897,pplt325,00:26:66:d0:c4:dc,-63,3,ET
1420110528050897,U+Net40B1,00:27:1c:ea:40:af,-76,3,ET
1420110528050897,SK_WLAN,00:27:1c:08:41:16,-81,3,ET
1420110528050897,myLGNet,00:01:36:2d:ea:4c,-83,3,ET
1420110528050897,kms,00:26:66:76:37:9c,-88,3,ET
1420110540140157,pplt325,00:26:66:d0:c4:dc,-62,3,ET
1420110540140157,U+Net40B1,00:27:1c:ea:40:af,-78,3,ET
1420110540140157,SK_WLAN,00:27:1c:08:41:16,-80,3,ET
1420110540140157,myLGNet,00:01:36:2d:ea:4c,-82,3,ET
1420110540140157,kms,00:26:66:76:37:9c,-89,3,ET
1420110548079908,pplt325,00:26:66:d0:c4:dc,-63,3,ET
1420110548079908,U+Net40B1,00:27:1c:ea:40:af,-77,3,ET
1420110548079908,SK_WLAN,00:27:1c:08:41:16,-81,3,ET
1420110548079908,myLGNet,00:01:36:2d:ea:4c,-83,3,ET
1420110548079908,kms,00:26:66:76:37:9c,-90,3,ET
1420110559921049,pplt325,00:26:66:d0:c4:dc,-62,3,ET
1420110559921049,U+Net40B1,00:27:1c:ea:40:af,-76,3,ET
1420110559921049,myLGNet,00:01:36:2d:ea:4c,-82,3,ET
1420110559921049,SK_WLAN,00:27:1c:08:41:16,-85,3,ET
1420110559921049,kms,00:26:66:76:37:9c,-90,3,ET
1420110568077286,pplt325,00:26:66:d0:c4:dc,-62,3,ET
1420110568077286,U+Net40B1,00:27:1c:ea:40:af,-81,3,ET
1420110568077286,myLGNet,00:01:36:2d:ea:4c,-81,3,ET
1420110568077286,SK_WLAN,00:27:1c:08:41:16,-81,3,ET
1420110568077286,kms,00:26:66:76:37:9c,-87,3,ET
1420110580059145,pplt325,00:26:66:d0:c4:dc,-63,3,ET
1420110580059145,U+Net40B1,00:27:1c:ea:40:af,-75,3,ET
1420110580059145,SK_WLAN,00:27:1c:08:41:16,-80,3,ET
1420110580059145,myLGNet,00:01:36:2d:ea:4c,-81,3,ET
1420110580059145,kms,00:26:66:76:37:9c,-87,3,ET
1420110588084809,pplt325,00:26:66:d0:c4:dc,-65,3,ET
1420110588084809,myLGNet,00:01:36:2d:ea:4c,-80,3,ET
1420110588084809,SK_WLAN,00:27:1c:08:41:16,-83,3,ET
1420110588084809,U+Net40B1,00:27:1c:ea:40:af,-86,3,ET
1420110600187546,pplt325,00:26:66:d0:c4:dc,-63,3,ET
1420110600187546,myLGNet,00:01:36:2d:ea:4c,-82,3,ET
1420110600187546,SK_WLAN,00:27:1c:08:41:16,-82,3,ET
1420110600187546,U+Net40B1,00:27:1c:ea:40:af,-86,3,ET
1420110600187546,kms,00:26:66:76:37:9c,-89,3,ET
1420110608067183,pplt325,00:26:66:d0:c4:dc,-63,3,ET
1420110608067183,U+Net40B1,00:27:1c:ea:40:af,-77,3,ET
1420110608067183,myLGNet,00:01:36:2d:ea:4c,-80,3,ET
1420110608067183,SK_WLAN,00:27:1c:08:41:16,-82,3,ET
1420110608067183,kms,00:26:66:76:37:9c,-86,3,ET
1420110620103564,pplt325,00:26:66:d0:c4:dc,-63,3,ET
1420110620103564,U+Net40B1,00:27:1c:ea:40:af,-76,3,ET
1420110620103564,myLGNet,00:01:36:2d:ea:4c,-81,3,ET
1420110620103564,SK_WLAN,00:27:1c:08:41:16,-81,3,ET
1420110620103564,kms,00:26:66:76:37:9c,-89,3,ET
1420110628112451,pplt325,00:26:66:d0:c4:dc,-65,3,ET
1420110628112451,myLGNet,00:01:36:2d:ea:4c,-81,3,ET
1420110628112451,SK_WLAN,00:27:1c:08:41:16,-81,3,ET
1420110628112451,U+Net40B1,00:27:1c:ea:40:af,-83,3,ET
1420110628112451,kms,00:26:66:76:37:9c,-89,3,ET
1420110640189886,pplt325,00:26:66:d0:c4:dc,-64,3,ET
1420110640189886,SK_WLAN,00:27:1c:08:41:16,-83,3,ET
1420110640189886,U+Net40B1,00:27:1c:ea:40:af,-83,3,ET
1420110640189886,myLGNet,00:01:36:2d:ea:4c,-83,3,ET
1420110640189886,kms,00:26:66:76:37:9c,-87,3,ET
1420110648043972,pplt325,00:26:66:d0:c4:dc,-63,3,ET
1420110648043972,myLGNet,00:01:36:2d:ea:4c,-81,3,ET
1420110648043972,SK_WLAN,00:27:1c:08:41:16,-81,3,ET
1420110648043972,U+Net40B1,00:27:1c:ea:40:af,-82,3,ET
1420110648043972,kms,00:26:66:76:37:9c,-89,3,ET
1420110660055862,pplt325,00:26:66:d0:c4:dc,-65,3,ET
1420110660055862,myLGNet,00:01:36:2d:ea:4c,-81,3,ET
1420110660055862,SK_WLAN,00:27:1c:08:41:16,-82,3,ET
1420110660055862,U+Net40B1,00:27:1c:ea:40:af,-82,3,ET
1420110660055862,kms,00:26:66:76:37:9c,-89,3,ET
1420110668126984,pplt325,00:26:66:d0:c4:dc,-65,3,ET
1420110668126984,U+Net40B1,00:27:1c:ea:40:af,-75,3,ET
1420110668126984,myLGNet,00:01:36:2d:ea:4c,-80,3,ET
1420110668126984,SK_WLAN,00:27:1c:08:41:16,-81,3,ET
1420110680184600,pplt325,00:26:66:d0:c4:dc,-62,3,ET
1420110680184600,U+Net40B1,00:27:1c:ea:40:af,-76,3,ET
1420110680184600,myLGNet,00:01:36:2d:ea:4c,-81,3,ET
1420110680184600,SK_WLAN,00:27:1c:08:41:16,-81,3,ET
1420110680184600,kms,00:26:66:76:37:9c,-87,3,ET
1420110688149848,pplt325,00:26:66:d0:c4:dc,-62,3,ET
1420110688149848,U+Net40B1,00:27:1c:ea:40:af,-77,3,ET
1420110688149848,myLGNet,00:01:36:2d:ea:4c,-81,3,ET
1420110688149848,SK_WLAN,00:27:1c:08:41:16,-82,3,ET
1420110688149848,kms,00:26:66:76:37:9c,-88,3,ET
1420110700107367,pplt325,00:26:66:d0:c4:dc,-61,3,ET
1420110700107367,U+Net40B1,00:27:1c:ea:40:af,-77,3,ET
1420110700107367,SK_WLAN,00:27:1c:08:41:16,-80,3,ET
1420110700107367,myLGNet,00:01:36:2d:ea:4c,-84,3,ET
1420110700107367,kms,00:26:66:76:37:9c,-88,3,ET
1420110708108650,pplt325,00:26:66:d0:c4:dc,-64,3,ET
1420110708108650,U+Net40B1,00:27:1c:ea:40:af,-76,3,ET
1420110708108650,myLGNet,00:01:36:2d:ea:4c,-82,3,ET
1420110708108650,SK_WLAN,00:27:1c:08:41:16,-85,3,ET
1420110708108650,kms,00:26:66:76:37:9c,-88,3,ET
1420110719976983,pplt325,00:26:66:d0:c4:dc,-62,3,ET
1420110719976983,U+Net40B1,00:27:1c:ea:40:af,-73,3,ET
1420110719976983,SK_WLAN,00:27:1c:08:41:16,-81,3,ET
1420110719976983,myLGNet,00:01:36:2d:ea:4c,-83,3,ET
1420110719976983,kms,00:26:66:76:37:9c,-90,3,ET
1420110727986756,pplt325,00:26:66:d0:c4:dc,-62,3,ET
1420110727986756,U+Net40B1,00:27:1c:ea:40:af,-75,3,ET
1420110727986756,myLGNet,00:01:36:2d:ea:4c,-80,3,ET
1420110727986756,SK_WLAN,00:27:1c:08:41:16,-85,3,ET
1420110727986756,kms,00:26:66:76:37:9c,-90,3,ET
1420110740102184,pplt325,00:26:66:d0:c4:dc,-61,3,ET
1420110740102184,SK_WLAN,00:27:1c:08:41:16,-74,3,ET
1420110740102184,U+Net40B1,00:27:1c:ea:40:af,-79,3,ET
1420110740102184,myLGNet,00:01:36:2d:ea:4c,-81,3,ET
1420110740102184,kms,00:26:66:76:37:9c,-88,3,ET
1420110748177841,pplt325,00:26:66:d0:c4:dc,-63,3,ET
1420110748177841,U+Net40B1,00:27:1c:ea:40:af,-81,3,ET
1420110748177841,myLGNet,00:01:36:2d:ea:4c,-81,3,ET
1420110748177841,SK_WLAN,00:27:1c:08:41:16,-81,3,ET
1420110748177841,kms,00:26:66:76:37:9c,-88,3,ET
1420110760058901,pplt325,00:26:66:d0:c4:dc,-63,3,ET
1420110760058901,U+Net40B1,00:27:1c:ea:40:af,-80,3,ET
1420110760058901,SK_WLAN,00:27:1c:08:41:16,-81,3,ET
1420110760058901,myLGNet,00:01:36:2d:ea:4c,-82,3,ET
1420110768071843,pplt325,00:26:66:d0:c4:dc,-65,3,ET
1420110768071843,U+Net40B1,00:27:1c:ea:40:af,-74,3,ET
1420110768071843,SK_WLAN,00:27:1c:08:41:16,-81,3,ET
1420110768071843,myLGNet,00:01:36:2d:ea:4c,-82,3,ET
1420110780062943,pplt325,00:26:66:d0:c4:dc,-65,3,ET
1420110780062943,U+Net40B1,00:27:1c:ea:40:af,-74,3,ET
1420110780062943,SK_WLAN,00:27:1c:08:41:16,-81,3,ET
1420110780062943,myLGNet,00:01:36:2d:ea:4c,-82,3,ET
1420110780062943,kms,00:26:66:76:37:9c,-91,3,ET
1420110788114745,pplt325,00:26:66:d0:c4:dc,-62,3,ET
1420110788114745,U+Net40B1,00:27:1c:ea:40:af,-79,3,ET
1420110788114745,SK_WLAN,00:27:1c:08:41:16,-80,3,ET
1420110788114745,myLGNet,00:01:36:2d:ea:4c,-82,3,ET
1420110788114745,kms,00:26:66:76:37:9c,-91,3,ET
1420110800114864,pplt325,00:26:66:d0:c4:dc,-64,3,ET
1420110800114864,U+Net40B1,00:27:1c:ea:40:af,-76,3,ET
1420110800114864,myLGNet,00:01:36:2d:ea:4c,-81,3,ET
1420110800114864,SK_WLAN,00:27:1c:08:41:16,-86,3,ET
1420110808041761,pplt325,00:26:66:d0:c4:dc,-63,3,ET
1420110808041761,U+Net40B1,00:27:1c:ea:40:af,-75,3,ET
1420110808041761,myLGNet,00:01:36:2d:ea:4c,-83,3,ET
1420110808041761,SK_WLAN,00:27:1c:08:41:16,-84,3,ET
1420110820123217,pplt325,00:26:66:d0:c4:dc,-62,3,ET
1420110820123217,U+Net40B1,00:27:1c:ea:40:af,-79,3,ET
1420110820123217,myLGNet,00:01:36:2d:ea:4c,-82,3,ET
1420110820123217,SK_WLAN,00:27:1c:08:41:16,-82,3,ET
1420110820123217,kms,00:26:66:76:37:9c,-93,3,ET
1420110828096344,pplt325,00:26:66:d0:c4:dc,-64,3,ET
1420110828096344,U+Net40B1,00:27:1c:ea:40:af,-75,3,ET
1420110828096344,SK_WLAN,00:27:1c:08:41:16,-83,3,ET
1420110828096344,myLGNet,00:01:36:2d:ea:4c,-84,3,ET
1420110828096344,kms,00:26:66:76:37:9c,-93,3,ET
1420110840071190,pplt325,00:26:66:d0:c4:dc,-62,3,ET
1420110840071190,U+Net40B1,00:27:1c:ea:40:af,-80,3,ET
1420110840071190,myLGNet,00:01:36:2d:ea:4c,-82,3,ET
1420110840071190,SK_WLAN,00:27:1c:08:41:16,-83,3,ET
1420110840071190,kms,00:26:66:76:37:9c,-93,3,ET
1420110848086361,pplt325,00:26:66:d0:c4:dc,-63,3,ET
1420110848086361,U+Net40B1,00:27:1c:ea:40:af,-76,3,ET
1420110848086361,myLGNet,00:01:36:2d:ea:4c,-82,3,ET
1420110848086361,SK_WLAN,00:27:1c:08:41:16,-85,3,ET
1420110860021718,pplt325,00:26:66:d0:c4:dc,-62,3,ET
1420110860021718,U+Net40B1,00:27:1c:ea:40:af,-74,3,ET
1420110860021718,myLGNet,00:01:36:2d:ea:4c,-82,3,ET
1420110860021718,SK_WLAN,00:27:1c:08:41:16,-82,3,ET
1420110860021718,kms,00:26:66:76:37:9c,-89,3,ET
1420110868145505,pplt325,00:26:66:d0:c4:dc,-65,3,ET
1420110868145505,U+Net40B1,00:27:1c:ea:40:af,-78,3,ET
1420110868145505,SK_WLAN,00:27:1c:08:41:16,-86,3,ET
1420110868145505,myLGNet,00:01:36:2d:ea:4c,-87,3,ET
1420110868145505,kms,00:26:66:76:37:9c,-91,3,ET
1420110880161316,pplt325,00:26:66:d0:c4:dc,-65,3,ET
1420110880161316,U+Net40B1,00:27:1c:ea:40:af,-76,3,ET
1420110880161316,myLGNet,00:01:36:2d:ea:4c,-82,3,ET
1420110880161316,SK_WLAN,00:27:1c:08:41:16,-84,3,ET
1420110880161316,kms,00:26:66:76:37:9c,-91,3,ET
1420110888106554,pplt325,00:26:66:d0:c4:dc,-63,3,ET
1420110888106554,U+Net40B1,00:27:1c:ea:40:af,-80,3,ET
1420110888106554,myLGNet,00:01:36:2d:ea:4c,-82,3,ET
1420110888106554,SK_WLAN,00:27:1c:08:41:16,-85,3,ET
1420110888106554,kms,00:26:66:76:37:9c,-90,3,ET
1420110900114726,pplt325,00:26:66:d0:c4:dc,-65,3,ET
1420110900114726,U+Net40B1,00:27:1c:ea:40:af,-78,3,ET
1420110900114726,myLGNet,00:01:36:2d:ea:4c,-82,3,ET
1420110900114726,SK_WLAN,00:27:1c:08:41:16,-84,3,ET
1420110900114726,kms,00:26:66:76:37:9c,-90,3,ET
1420110908104249,pplt325,00:26:66:d0:c4:dc,-64,3,ET
1420110908104249,U+Net40B1,00:27:1c:ea:40:af,-75,3,ET
1420110908104249,myLGNet,00:01:36:2d:ea:4c,-82,3,ET
1420110908104249,SK_WLAN,00:27:1c:08:41:16,-87,3,ET
1420110908104249,kms,00:26:66:76:37:9c,-90,3,ET
1420110920030740,pplt325,00:26:66:d0:c4:dc,-62,3,ET
1420110920030740,U+Net40B1,00:27:1c:ea:40:af,-80,3,ET
1420110920030740,SK_WLAN,00:27:1c:08:41:16,-81,3,ET
1420110920030740,myLGNet,00:01:36:2d:ea:4c,-82,3,ET
1420110928097025,pplt325,00:26:66:d0:c4:dc,-63,3,ET
1420110928097025,U+Net40B1,00:27:1c:ea:40:af,-81,3,ET
1420110928097025,SK_WLAN,00:27:1c:08:41:16,-82,3,ET
1420110928097025,myLGNet,00:01:36:2d:ea:4c,-87,3,ET
1420110940245820,pplt325,00:26:66:d0:c4:dc,-65,3,ET
1420110940245820,U+Net40B1,00:27:1c:ea:40:af,-76,3,ET
1420110940245820,SK_WLAN,00:27:1c:08:41:16,-82,3,ET
1420110940245820,myLGNet,00:01:36:2d:ea:4c,-82,3,ET
1420110940245820,kms,00:26:66:76:37:9c,-90,3,ET
1420110948216339,pplt325,00:26:66:d0:c4:dc,-63,3,ET
1420110948216339,U+Net40B1,00:27:1c:ea:40:af,-76,3,ET
1420110948216339,myLGNet,00:01:36:2d:ea:4c,-81,3,ET
1420110948216339,SK_WLAN,00:27:1c:08:41:16,-84,3,ET
1420110948216339,kms,00:26:66:76:37:9c,-90,3,ET
1420110948216339,SK_WiFiD942,00:23:aa:3d:d9:41,-91,3,ET
1420110960072184,pplt325,00:26:66:d0:c4:dc,-65,3,ET
1420110960072184,U+Net40B1,00:27:1c:ea:40:af,-75,3,ET
1420110960072184,myLGNet,00:01:36:2d:ea:4c,-84,3,ET
1420110960072184,SK_WLAN,00:27:1c:08:41:16,-88,3,ET
1420110960072184,SK_WiFiD942,00:23:aa:3d:d9:41,-91,3,ET
1420110968091656,pplt325,00:26:66:d0:c4:dc,-66,3,ET
1420110968091656,U+Net40B1,00:27:1c:ea:40:af,-75,3,ET
1420110968091656,myLGNet,00:01:36:2d:ea:4c,-83,3,ET
1420110968091656,SK_WLAN,00:27:1c:08:41:16,-83,3,ET
1420110980066877,pplt325,00:26:66:d0:c4:dc,-66,3,ET
1420110980066877,U+Net40B1,00:27:1c:ea:40:af,-76,3,ET
1420110980066877,myLGNet,00:01:36:2d:ea:4c,-82,3,ET
1420110980066877,SK_WLAN,00:27:1c:08:41:16,-85,3,ET
1420110980066877,SK_WiFiD942,00:23:aa:3d:d9:41,-87,3,ET
1420110988072897,pplt325,00:26:66:d0:c4:dc,-62,3,ET
1420110988072897,U+Net40B1,00:27:1c:ea:40:af,-78,3,ET
1420110988072897,myLGNet,00:01:36:2d:ea:4c,-83,3,ET
1420110988072897,SK_WLAN,00:27:1c:08:41:16,-86,3,ET
1420110988072897,SK_WiFiD942,00:23:aa:3d:d9:41,-91,3,ET
1420111000021676,pplt325,00:26:66:d0:c4:dc,-68,3,ET
1420111000021676,SK_WLAN,00:27:1c:08:41:16,-82,3,ET
1420111000021676,myLGNet,00:01:36:2d:ea:4c,-83,3,ET
1420111000021676,U+Net40B1,00:27:1c:ea:40:af,-84,3,ET
1420111000021676,SK_WiFiD942,00:23:aa:3d:d9:41,-91,3,ET
1420111008162956,pplt325,00:26:66:d0:c4:dc,-65,3,ET
1420111008162956,U+Net40B1,00:27:1c:ea:40:af,-80,3,ET
1420111008162956,SK_WLAN,00:27:1c:08:41:16,-82,3,ET
1420111008162956,myLGNet,00:01:36:2d:ea:4c,-83,3,ET
1420111020168178,pplt325,00:26:66:d0:c4:dc,-65,3,ET
1420111020168178,U+Net40B1,00:27:1c:ea:40:af,-74,3,ET
1420111020168178,myLGNet,00:01:36:2d:ea:4c,-80,3,ET
1420111020168178,SK_WLAN,00:27:1c:08:41:16,-84,3,ET
1420111028123098,pplt325,00:26:66:d0:c4:dc,-67,3,ET
1420111028123098,U+Net40B1,00:27:1c:ea:40:af,-74,3,ET
1420111028123098,myLGNet,00:01:36:2d:ea:4c,-80,3,ET
1420111028123098,SK_WLAN,00:27:1c:08:41:16,-85,3,ET
1420111040032702,pplt325,00:26:66:d0:c4:dc,-65,3,ET
1420111040032702,U+Net40B1,00:27:1c:ea:40:af,-70,3,ET
1420111040032702,myLGNet,00:01:36:2d:ea:4c,-81,3,ET
1420111040032702,SK_WLAN,00:27:1c:08:41:16,-87,3,ET
1420111048091803,pplt325,00:26:66:d0:c4:dc,-64,3,ET
1420111048091803,U+Net40B1,00:27:1c:ea:40:af,-70,3,ET
1420111048091803,myLGNet,00:01:36:2d:ea:4c,-83,3,ET
1420111048091803,SK_WLAN,00:27:1c:08:41:16,-87,3,ET
1420111060096100,pplt325,00:26:66:d0:c4:dc,-66,3,ET
1420111060096100,U+Net40B1,00:27:1c:ea:40:af,-76,3,ET
1420111060096100,SK_WLAN,00:27:1c:08:41:16,-81,3,ET
1420111060096100,myLGNet,00:01:36:2d:ea:4c,-82,3,ET
1420111068135541,pplt325,00:26:66:d0:c4:dc,-68,3,ET
1420111068135541,U+Net40B1,00:27:1c:ea:40:af,-80,3,ET
1420111068135541,myLGNet,00:01:36:2d:ea:4c,-83,3,ET
1420111068135541,SK_WLAN,00:27:1c:08:41:16,-85,3,ET
1420111068135541,kms,00:26:66:76:37:9c,-91,3,ET
1420111080063598,pplt325,00:26:66:d0:c4:dc,-67,3,ET
1420111080063598,U+Net40B1,00:27:1c:ea:40:af,-80,3,ET
1420111080063598,myLGNet,00:01:36:2d:ea:4c,-83,3,ET
1420111080063598,SK_WLAN,00:27:1c:08:41:16,-84,3,ET
1420111080063598,kms,00:26:66:76:37:9c,-91,3,ET
1420111088140595,pplt325,00:26:66:d0:c4:dc,-63,3,ET
1420111088140595,U+Net40B1,00:27:1c:ea:40:af,-73,3,ET
1420111088140595,SK_WLAN,00:27:1c:08:41:16,-83,3,ET
1420111088140595,myLGNet,00:01:36:2d:ea:4c,-86,3,ET
1420111100009289,pplt325,00:26:66:d0:c4:dc,-62,3,ET
1420111100009289,U+Net40B1,00:27:1c:ea:40:af,-78,3,ET
1420111100009289,myLGNet,00:01:36:2d:ea:4c,-82,3,ET
1420111100009289,SK_WLAN,00:27:1c:08:41:16,-84,3,ET
1420111108146272,pplt325,00:26:66:d0:c4:dc,-62,3,ET
1420111108146272,SK_WLAN,00:27:1c:08:41:16,-75,3,ET
1420111108146272,U+Net40B1,00:27:1c:ea:40:af,-78,3,ET
1420111108146272,myLGNet,00:01:36:2d:ea:4c,-79,3,ET
1420111108146272,kms,00:26:66:76:37:9c,-92,3,ET
1420111120101502,pplt325,00:26:66:d0:c4:dc,-63,3,ET
1420111120101502,U+Net40B1,00:27:1c:ea:40:af,-78,3,ET
1420111120101502,myLGNet,00:01:36:2d:ea:4c,-79,3,ET
1420111120101502,SK_WLAN,00:27:1c:08:41:16,-79,3,ET
1420111120101502,kms,00:26:66:76:37:9c,-88,3,ET
1420111128051434,pplt325,00:26:66:d0:c4:dc,-62,3,ET
1420111128051434,myLGNet,00:01:36:2d:ea:4c,-81,3,ET
1420111128051434,SK_WLAN,00:27:1c:08:41:16,-82,3,ET
1420111128051434,U+Net40B1,00:27:1c:ea:40:af,-83,3,ET
1420111128051434,kms,00:26:66:76:37:9c,-88,3,ET
1420111140107339,pplt325,00:26:66:d0:c4:dc,-65,3,ET
1420111140107339,U+Net40B1,00:27:1c:ea:40:af,-75,3,ET
1420111140107339,myLGNet,00:01:36:2d:ea:4c,-82,3,ET
1420111140107339,SK_WLAN,00:27:1c:08:41:16,-83,3,ET
1420111148153441,pplt325,00:26:66:d0:c4:dc,-63,3,ET
1420111148153441,U+Net40B1,00:27:1c:ea:40:af,-74,3,ET
1420111148153441,myLGNet,00:01:36:2d:ea:4c,-82,3,ET
1420111148153441,SK_WLAN,00:27:1c:08:41:16,-83,3,ET
1420111148153441,kms,00:26:66:76:37:9c,-89,3,ET
1420111162938573,pplt325,00:26:66:d0:c4:dc,-63,3,ET
1420111162938573,U+Net40B1,00:27:1c:ea:40:af,-74,3,ET
1420111162938573,myLGNet,00:01:36:2d:ea:4c,-81,3,ET
1420111162938573,SK_WLAN,00:27:1c:08:41:16,-84,3,ET
1420111162938573,kms,00:26:66:76:37:9c,-89,3,ET
1420111162938573,SK_WiFiD942,00:23:aa:3d:d9:41,-89,3,ET
1420111168231571,pplt325,00:26:66:d0:c4:dc,-63,3,ET
1420111168231571,U+Net40B1,00:27:1c:ea:40:af,-74,3,ET
1420111168231571,myLGNet,00:01:36:2d:ea:4c,-82,3,ET
1420111168231571,SK_WLAN,00:27:1c:08:41:16,-84,3,ET
1420111168231571,SK_WiFiD942,00:23:aa:3d:d9:41,-89,3,ET
1420111168231571,kms,00:26:66:76:37:9c,-91,3,ET
1420111180102392,pplt325,00:26:66:d0:c4:dc,-62,3,ET
1420111180102392,U+Net40B1,00:27:1c:ea:40:af,-76,3,ET
1420111180102392,SK_WLAN,00:27:1c:08:41:16,-80,3,ET
1420111180102392,myLGNet,00:01:36:2d:ea:4c,-82,3,ET
1420111180102392,kms,00:26:66:76:37:9c,-91,3,ET
1420111187942761,pplt325,00:26:66:d0:c4:dc,-63,3,ET
1420111187942761,U+Net40B1,00:27:1c:ea:40:af,-81,3,ET
1420111187942761,SK_WLAN,00:27:1c:08:41:16,-81,3,ET
1420111187942761,myLGNet,00:01:36:2d:ea:4c,-82,3,ET
1420111187942761,kms,00:26:66:76:37:9c,-90,3,ET
1420111200115466,pplt325,00:26:66:d0:c4:dc,-63,3,ET
1420111200115466,U+Net40B1,00:27:1c:ea:40:af,-74,3,ET
1420111200115466,myLGNet,00:01:36:2d:ea:4c,-82,3,ET
1420111200115466,SK_WLAN,00:27:1c:08:41:16,-86,3,ET
1420111200115466,kms,00:26:66:76:37:9c,-92,3,ET
1420111208142009,pplt325,00:26:66:d0:c4:dc,-64,3,ET
1420111208142009,U+Net40B1,00:27:1c:ea:40:af,-72,3,ET
1420111208142009,myLGNet,00:01:36:2d:ea:4c,-83,3,ET
1420111208142009,SK_WLAN,00:27:1c:08:41:16,-84,3,ET
1420111208142009,kms,00:26:66:76:37:9c,-92,3,ET
1420111219957558,pplt325,00:26:66:d0:c4:dc,-63,3,ET
1420111219957558,SK_WLAN,00:27:1c:08:41:16,-81,3,ET
1420111219957558,myLGNet,00:01:36:2d:ea:4c,-83,3,ET
1420111219957558,U+Net40B1,00:27:1c:ea:40:af,-83,3,ET
1420111219957558,kms,00:26:66:76:37:9c,-91,3,ET
1420111228165798,pplt325,00:26:66:d0:c4:dc,-63,3,ET
1420111228165798,U+Net40B1,00:27:1c:ea:40:af,-76,3,ET
1420111228165798,SK_WLAN,00:27:1c:08:41:16,-82,3,ET
1420111228165798,myLGNet,00:01:36:2d:ea:4c,-86,3,ET
1420111228165798,kms,00:26:66:76:37:9c,-92,3,ET
1420111240222518,pplt325,00:26:66:d0:c4:dc,-68,3,ET
1420111240222518,U+Net40B1,00:27:1c:ea:40:af,-79,3,ET
1420111240222518,myLGNet,00:01:36:2d:ea:4c,-81,3,ET
1420111240222518,SK_WLAN,00:27:1c:08:41:16,-85,3,ET
1420111240222518,kms,00:26:66:76:37:9c,-92,3,ET
1420111248100803,pplt325,00:26:66:d0:c4:dc,-61,3,ET
1420111248100803,myLGNet,00:01:36:2d:ea:4c,-81,3,ET
1420111248100803,U+Net40B1,00:27:1c:ea:40:af,-82,3,ET
1420111248100803,SK_WLAN,00:27:1c:08:41:16,-87,3,ET
1420111260044572,pplt325,00:26:66:d0:c4:dc,-63,3,ET
1420111260044572,U+Net40B1,00:27:1c:ea:40:af,-73,3,ET
1420111260044572,myLGNet,00:01:36:2d:ea:4c,-80,3,ET
1420111260044572,SK_WLAN,00:27:1c:08:41:16,-81,3,ET
1420111268126438,pplt325,00:26:66:d0:c4:dc,-63,3,ET
1420111268126438,U+Net40B1,00:27:1c:ea:40:af,-83,3,ET
1420111268126438,myLGNet,00:01:36:2d:ea:4c,-83,3,ET
1420111268126438,SK_WLAN,00:27:1c:08:41:16,-86,3,ET
1420111268126438,kms,00:26:66:76:37:9c,-93,3,ET
1420111280059738,pplt325,00:26:66:d0:c4:dc,-61,3,ET
1420111280059738,U+Net40B1,00:27:1c:ea:40:af,-73,3,ET
1420111280059738,myLGNet,00:01:36:2d:ea:4c,-81,3,ET
1420111280059738,SK_WLAN,00:27:1c:08:41:16,-81,3,ET
1420111280059738,kms,00:26:66:76:37:9c,-93,3,ET
1420111288129902,pplt325,00:26:66:d0:c4:dc,-62,3,ET
1420111288129902,U+Net40B1,00:27:1c:ea:40:af,-78,3,ET
1420111288129902,SK_WLAN,00:27:1c:08:41:16,-80,3,ET
1420111288129902,myLGNet,00:01:36:2d:ea:4c,-81,3,ET
1420111300090834,pplt325,00:26:66:d0:c4:dc,-65,3,ET
1420111300090834,U+Net40B1,00:27:1c:ea:40:af,-74,3,ET
1420111300090834,myLGNet,00:01:36:2d:ea:4c,-80,3,ET
1420111300090834,SK_WLAN,00:27:1c:08:41:16,-82,3,ET
1420111300090834,SK_WiFiD942,00:23:aa:3d:d9:41,-86,3,ET
1420111300090834,kms,00:26:66:76:37:9c,-94,3,ET
1420111308209705,pplt325,00:26:66:d0:c4:dc,-64,3,ET
1420111308209705,U+Net40B1,00:27:1c:ea:40:af,-80,3,ET
1420111308209705,myLGNet,00:01:36:2d:ea:4c,-80,3,ET
1420111308209705,SK_WLAN,00:27:1c:08:41:16,-87,3,ET
1420111308209705,SK_WiFiD942,00:23:aa:3d:d9:41,-89,3,ET
1420111308209705,kms,00:26:66:76:37:9c,-90,3,ET
1420111322781018,pplt325,00:26:66:d0:c4:dc,-63,3,ET
1420111322781018,U+Net40B1,00:27:1c:ea:40:af,-73,3,ET
1420111322781018,SK_WLAN,00:27:1c:08:41:16,-81,3,ET
1420111322781018,myLGNet,00:01:36:2d:ea:4c,-82,3,ET
1420111322781018,SK_WiFiD942,00:23:aa:3d:d9:41,-89,3,ET
1420111322781018,kms,00:26:66:76:37:9c,-89,3,ET
1420111328160733,pplt325,00:26:66:d0:c4:dc,-65,3,ET
1420111328160733,myLGNet,00:01:36:2d:ea:4c,-81,3,ET
1420111328160733,U+Net40B1,00:27:1c:ea:40:af,-81,3,ET
1420111328160733,SK_WLAN,00:27:1c:08:41:16,-82,3,ET
1420111328160733,kms,00:26:66:76:37:9c,-89,3,ET
1420111340049670,pplt325,00:26:66:d0:c4:dc,-64,3,ET
1420111340049670,U+Net40B1,00:27:1c:ea:40:af,-80,3,ET
1420111340049670,myLGNet,00:01:36:2d:ea:4c,-81,3,ET
1420111340049670,SK_WLAN,00:27:1c:08:41:16,-84,3,ET
1420111348096585,pplt325,00:26:66:d0:c4:dc,-65,3,ET
1420111348096585,U+Net40B1,00:27:1c:ea:40:af,-75,3,ET
1420111348096585,myLGNet,00:01:36:2d:ea:4c,-83,3,ET
1420111348096585,SK_WLAN,00:27:1c:08:41:16,-84,3,ET
1420111360245579,pplt325,00:26:66:d0:c4:dc,-61,3,ET
1420111360245579,U+Net40B1,00:27:1c:ea:40:af,-78,3,ET
1420111360245579,myLGNet,00:01:36:2d:ea:4c,-80,3,ET
1420111360245579,SK_WLAN,00:27:1c:08:41:16,-84,3,ET
1420111368256205,pplt325,00:26:66:d0:c4:dc,-62,3,ET
1420111368256205,U+Net40B1,00:27:1c:ea:40:af,-75,3,ET
1420111368256205,myLGNet,00:01:36:2d:ea:4c,-81,3,ET
1420111368256205,SK_WLAN,00:27:1c:08:41:16,-83,3,ET
1420111368256205,kms,00:26:66:76:37:9c,-90,3,ET
1420111380082679,pplt325,00:26:66:d0:c4:dc,-61,3,ET
1420111380082679,U+Net40B1,00:27:1c:ea:40:af,-76,3,ET
1420111380082679,myLGNet,00:01:36:2d:ea:4c,-83,3,ET
1420111380082679,SK_WLAN,00:27:1c:08:41:16,-83,3,ET
1420111380082679,kms,00:26:66:76:37:9c,-90,3,ET
1420111388028310,pplt325,00:26:66:d0:c4:dc,-62,3,ET
1420111388028310,U+Net40B1,00:27:1c:ea:40:af,-74,3,ET
1420111388028310,myLGNet,00:01:36:2d:ea:4c,-83,3,ET
1420111388028310,SK_WLAN,00:27:1c:08:41:16,-85,3,ET
1420111399989124,pplt325,00:26:66:d0:c4:dc,-62,3,ET
1420111399989124,U+Net40B1,00:27:1c:ea:40:af,-74,3,ET
1420111399989124,SK_WLAN,00:27:1c:08:41:16,-81,3,ET
1420111399989124,myLGNet,00:01:36:2d:ea:4c,-84,3,ET
1420111408197954,pplt325,00:26:66:d0:c4:dc,-61,3,ET
1420111408197954,U+Net40B1,00:27:1c:ea:40:af,-82,3,ET
1420111408197954,myLGNet,00:01:36:2d:ea:4c,-84,3,ET
1420111408197954,SK_WLAN,00:27:1c:08:41:16,-85,3,ET
1420111420035106,pplt325,00:26:66:d0:c4:dc,-62,3,ET
1420111420035106,U+Net40B1,00:27:1c:ea:40:af,-77,3,ET
1420111420035106,myLGNet,00:01:36:2d:ea:4c,-84,3,ET
1420111420035106,SK_WLAN,00:27:1c:08:41:16,-84,3,ET
1420111428103283,pplt325,00:26:66:d0:c4:dc,-64,3,ET
1420111428103283,U+Net40B1,00:27:1c:ea:40:af,-74,3,ET
1420111428103283,SK_WLAN,00:27:1c:08:41:16,-85,3,ET
1420111440013344,pplt325,00:26:66:d0:c4:dc,-62,3,ET
1420111440013344,SK_WLAN,00:27:1c:08:41:16,-80,3,ET
1420111440013344,U+Net40B1,00:27:1c:ea:40:af,-83,3,ET
1420111440013344,myLGNet,00:01:36:2d:ea:4c,-84,3,ET
1420111448099119,pplt325,00:26:66:d0:c4:dc,-61,3,ET
1420111448099119,U+Net40B1,00:27:1c:ea:40:af,-76,3,ET
1420111448099119,SK_WLAN,00:27:1c:08:41:16,-80,3,ET
1420111448099119,myLGNet,00:01:36:2d:ea:4c,-82,3,ET
1420111460046436,pplt325,00:26:66:d0:c4:dc,-64,3,ET
1420111460046436,U+Net40B1,00:27:1c:ea:40:af,-76,3,ET
1420111460046436,SK_WLAN,00:27:1c:08:41:16,-81,3,ET
1420111460046436,myLGNet,00:01:36:2d:ea:4c,-82,3,ET
1420111468161199,pplt325,00:26:66:d0:c4:dc,-62,3,ET
1420111468161199,U+Net40B1,00:27:1c:ea:40:af,-75,3,ET
1420111468161199,SK_WLAN,00:27:1c:08:41:16,-81,3,ET
1420111468161199,myLGNet,00:01:36:2d:ea:4c,-84,3,ET
1420111480060712,pplt325,00:26:66:d0:c4:dc,-62,3,ET
1420111480060712,U+Net40B1,00:27:1c:ea:40:af,-79,3,ET
1420111480060712,SK_WLAN,00:27:1c:08:41:16,-81,3,ET
1420111480060712,myLGNet,00:01:36:2d:ea:4c,-83,3,ET
1420111488118301,pplt325,00:26:66:d0:c4:dc,-64,3,ET
1420111488118301,U+Net40B1,00:27:1c:ea:40:af,-78,3,ET
1420111488118301,SK_WLAN,00:27:1c:08:41:16,-82,3,ET
1420111488118301,myLGNet,00:01:36:2d:ea:4c,-84,3,ET
1420111488118301,kms,00:26:66:76:37:9c,-88,3,ET
1420111500129571,pplt325,00:26:66:d0:c4:dc,-61,3,ET
1420111500129571,U+Net40B1,00:27:1c:ea:40:af,-78,3,ET
1420111500129571,SK_WLAN,00:27:1c:08:41:16,-82,3,ET
1420111500129571,myLGNet,00:01:36:2d:ea:4c,-84,3,ET
1420111500129571,kms,00:26:66:76:37:9c,-89,3,ET
1420111508096918,pplt325,00:26:66:d0:c4:dc,-63,3,ET
1420111508096918,SK_WLAN,00:27:1c:08:41:16,-82,3,ET
1420111508096918,U+Net40B1,00:27:1c:ea:40:af,-85,3,ET
1420111508096918,kms,00:26:66:76:37:9c,-90,3,ET
1420111520105916,pplt325,00:26:66:d0:c4:dc,-62,3,ET
1420111520105916,U+Net40B1,00:27:1c:ea:40:af,-78,3,ET
1420111520105916,SK_WLAN,00:27:1c:08:41:16,-85,3,ET
1420111520105916,kms,00:26:66:76:37:9c,-90,3,ET
1420111528109258,pplt325,00:26:66:d0:c4:dc,-64,3,ET
1420111528109258,U+Net40B1,00:27:1c:ea:40:af,-81,3,ET
1420111528109258,myLGNet,00:01:36:2d:ea:4c,-83,3,ET
1420111528109258,SK_WLAN,00:27:1c:08:41:16,-83,3,ET
1420111540166561,pplt325,00:26:66:d0:c4:dc,-64,3,ET
1420111540166561,U+Net40B1,00:27:1c:ea:40:af,-75,3,ET
1420111540166561,SK_WLAN,00:27:1c:08:41:16,-81,3,ET
1420111540166561,myLGNet,00:01:36:2d:ea:4c,-84,3,ET
1420111548146300,pplt325,00:26:66:d0:c4:dc,-62,3,ET
1420111548146300,U+Net40B1,00:27:1c:ea:40:af,-80,3,ET
1420111548146300,myLGNet,00:01:36:2d:ea:4c,-85,3,ET
1420111548146300,SK_WLAN,00:27:1c:08:41:16,-86,3,ET
1420111559993876,pplt325,00:26:66:d0:c4:dc,-63,3,ET
1420111559993876,U+Net40B1,00:27:1c:ea:40:af,-74,3,ET
1420111559993876,SK_WLAN,00:27:1c:08:41:16,-82,3,ET
1420111559993876,myLGNet,00:01:36:2d:ea:4c,-85,3,ET
1420111568006056,pplt325,00:26:66:d0:c4:dc,-63,3,ET
1420111568006056,U+Net40B1,00:27:1c:ea:40:af,-83,3,ET
1420111568006056,SK_WLAN,00:27:1c:08:41:16,-84,3,ET
1420111568006056,myLGNet,00:01:36:2d:ea:4c,-87,3,ET
1420111568006056,kms,00:26:66:76:37:9c,-90,3,ET
1420111580188679,pplt325,00:26:66:d0:c4:dc,-63,3,ET
1420111580188679,U+Net40B1,00:27:1c:ea:40:af,-79,3,ET
1420111580188679,SK_WLAN,00:27:1c:08:41:16,-84,3,ET
1420111580188679,myLGNet,00:01:36:2d:ea:4c,-84,3,ET
1420111580188679,kms,00:26:66:76:37:9c,-90,3,ET
1420111580188679,SK_WiFiD942,00:23:aa:3d:d9:41,-91,3,ET
1420111588141209,pplt325,00:26:66:d0:c4:dc,-61,3,ET
1420111588141209,U+Net40B1,00:27:1c:ea:40:af,-76,3,ET
1420111588141209,myLGNet,00:01:36:2d:ea:4c,-81,3,ET
1420111588141209,SK_WLAN,00:27:1c:08:41:16,-83,3,ET
1420111588141209,kms,00:26:66:76:37:9c,-87,3,ET
1420111588141209,SK_WiFiD942,00:23:aa:3d:d9:41,-91,3,ET
1420111600202318,pplt325,00:26:66:d0:c4:dc,-63,3,ET
1420111600202318,U+Net40B1,00:27:1c:ea:40:af,-77,3,ET
1420111600202318,myLGNet,00:01:36:2d:ea:4c,-81,3,ET
1420111600202318,SK_WLAN,00:27:1c:08:41:16,-85,3,ET
1420111600202318,kms,00:26:66:76:37:9c,-89,3,ET
1420111608090676,pplt325,00:26:66:d0:c4:dc,-63,3,ET
1420111608090676,U+Net40B1,00:27:1c:ea:40:af,-77,3,ET
1420111608090676,SK_WLAN,00:27:1c:08:41:16,-83,3,ET
1420111608090676,myLGNet,00:01:36:2d:ea:4c,-86,3,ET
1420111608090676,kms,00:26:66:76:37:9c,-90,3,ET
1420111620059355,pplt325,00:26:66:d0:c4:dc,-63,3,ET
1420111620059355,U+Net40B1,00:27:1c:ea:40:af,-76,3,ET
1420111620059355,SK_WLAN,00:27:1c:08:41:16,-82,3,ET
1420111620059355,myLGNet,00:01:36:2d:ea:4c,-87,3,ET
1420111620059355,kms,00:26:66:76:37:9c,-87,3,ET
1420111628046693,pplt325,00:26:66:d0:c4:dc,-64,3,ET
1420111628046693,U+Net40B1,00:27:1c:ea:40:af,-76,3,ET
1420111628046693,myLGNet,00:01:36:2d:ea:4c,-82,3,ET
1420111628046693,SK_WLAN,00:27:1c:08:41:16,-84,3,ET
1420111628046693,kms,00:26:66:76:37:9c,-87,3,ET
1420111640049243,pplt325,00:26:66:d0:c4:dc,-64,3,ET
1420111640049243,U+Net40B1,00:27:1c:ea:40:af,-76,3,ET
1420111640049243,myLGNet,00:01:36:2d:ea:4c,-83,3,ET
1420111640049243,SK_WLAN,00:27:1c:08:41:16,-83,3,ET
1420111640049243,kms,00:26:66:76:37:9c,-86,3,ET
1420111648071686,pplt325,00:26:66:d0:c4:dc,-63,3,ET
1420111648071686,U+Net40B1,00:27:1c:ea:40:af,-82,3,ET
1420111648071686,myLGNet,00:01:36:2d:ea:4c,-83,3,ET
1420111648071686,SK_WLAN,00:27:1c:08:41:16,-83,3,ET
1420111648071686,kms,00:26:66:76:37:9c,-88,3,ET
1420111660156589,pplt325,00:26:66:d0:c4:dc,-62,3,ET
1420111660156589,U+Net40B1,00:27:1c:ea:40:af,-74,3,ET
1420111660156589,myLGNet,00:01:36:2d:ea:4c,-82,3,ET
1420111660156589,SK_WLAN,00:27:1c:08:41:16,-84,3,ET
1420111660156589,kms,00:26:66:76:37:9c,-88,3,ET
1420111668068736,pplt325,00:26:66:d0:c4:dc,-65,3,ET
1420111668068736,U+Net40B1,00:27:1c:ea:40:af,-76,3,ET
1420111668068736,SK_WLAN,00:27:1c:08:41:16,-82,3,ET
1420111668068736,myLGNet,00:01:36:2d:ea:4c,-83,3,ET
1420111668068736,kms,00:26:66:76:37:9c,-91,3,ET
1420111680080299,pplt325,00:26:66:d0:c4:dc,-63,3,ET
1420111680080299,U+Net40B1,00:27:1c:ea:40:af,-77,3,ET
1420111680080299,SK_WLAN,00:27:1c:08:41:16,-81,3,ET
1420111680080299,myLGNet,00:01:36:2d:ea:4c,-84,3,ET
1420111680080299,kms,00:26:66:76:37:9c,-88,3,ET
1420111688113654,pplt325,00:26:66:d0:c4:dc,-64,3,ET
1420111688113654,U+Net40B1,00:27:1c:ea:40:af,-75,3,ET
1420111688113654,SK_WLAN,00:27:1c:08:41:16,-83,3,ET
1420111688113654,myLGNet,00:01:36:2d:ea:4c,-83,3,ET
1420111688113654,kms,00:26:66:76:37:9c,-88,3,ET
1420111700051868,pplt325,00:26:66:d0:c4:dc,-64,3,ET
1420111700051868,U+Net40B1,00:27:1c:ea:40:af,-73,3,ET
1420111700051868,SK_WLAN,00:27:1c:08:41:16,-82,3,ET
1420111700051868,myLGNet,00:01:36:2d:ea:4c,-83,3,ET
1420111708171431,pplt325,00:26:66:d0:c4:dc,-63,3,ET
1420111708171431,U+Net40B1,00:27:1c:ea:40:af,-75,3,ET
1420111708171431,SK_WLAN,00:27:1c:08:41:16,-80,3,ET
1420111708171431,myLGNet,00:01:36:2d:ea:4c,-86,3,ET
1420111720067431,pplt325,00:26:66:d0:c4:dc,-68,3,ET
1420111720067431,U+Net40B1,00:27:1c:ea:40:af,-77,3,ET
1420111720067431,myLGNet,00:01:36:2d:ea:4c,-82,3,ET
1420111720067431,SK_WLAN,00:27:1c:08:41:16,-87,3,ET
1420111720067431,SK_WiFiD942,00:23:aa:3d:d9:41,-90,3,ET
1420111727905909,pplt325,00:26:66:d0:c4:dc,-64,3,ET
1420111727905909,U+Net40B1,00:27:1c:ea:40:af,-73,3,ET
1420111727905909,myLGNet,00:01:36:2d:ea:4c,-82,3,ET
1420111727905909,SK_WLAN,00:27:1c:08:41:16,-86,3,ET
1420111727905909,SK_WiFiD942,00:23:aa:3d:d9:41,-90,3,ET
1420111740047357,pplt325,00:26:66:d0:c4:dc,-63,3,ET
1420111740047357,U+Net40B1,00:27:1c:ea:40:af,-78,3,ET
1420111740047357,SK_WLAN,00:27:1c:08:41:16,-81,3,ET
1420111740047357,myLGNet,00:01:36:2d:ea:4c,-82,3,ET
1420111740047357,kms,00:26:66:76:37:9c,-89,3,ET
1420111748117532,pplt325,00:26:66:d0:c4:dc,-61,3,ET
1420111748117532,SK_WLAN,00:27:1c:08:41:16,-83,3,ET
1420111748117532,U+Net40B1,00:27:1c:ea:40:af,-83,3,ET
1420111748117532,myLGNet,00:01:36:2d:ea:4c,-87,3,ET
1420111748117532,kms,00:26:66:76:37:9c,-91,3,ET
1420111759901480,pplt325,00:26:66:d0:c4:dc,-63,3,ET
1420111759901480,U+Net40B1,00:27:1c:ea:40:af,-75,3,ET
1420111759901480,myLGNet,00:01:36:2d:ea:4c,-84,3,ET
1420111759901480,SK_WLAN,00:27:1c:08:41:16,-86,3,ET
1420111759901480,kms,00:26:66:76:37:9c,-91,3,ET
1420111768063459,pplt325,00:26:66:d0:c4:dc,-67,3,ET
1420111768063459,U+Net40B1,00:27:1c:ea:40:af,-79,3,ET
1420111768063459,SK_WLAN,00:27:1c:08:41:16,-81,3,ET
1420111768063459,myLGNet,00:01:36:2d:ea:4c,-82,3,ET
1420111768063459,kms,00:26:66:76:37:9c,-89,3,ET
1420111780041728,pplt325,00:26:66:d0:c4:dc,-66,3,ET
1420111780041728,U+Net40B1,00:27:1c:ea:40:af,-76,3,ET
1420111780041728,SK_WLAN,00:27:1c:08:41:16,-82,3,ET
1420111780041728,myLGNet,00:01:36:2d:ea:4c,-84,3,ET
1420111780041728,kms,00:26:66:76:37:9c,-89,3,ET
1420111788152252,pplt325,00:26:66:d0:c4:dc,-64,3,ET
1420111788152252,U+Net40B1,00:27:1c:ea:40:af,-80,3,ET
1420111788152252,SK_WLAN,00:27:1c:08:41:16,-81,3,ET
1420111788152252,myLGNet,00:01:36:2d:ea:4c,-84,3,ET
1420111788152252,kms,00:26:66:76:37:9c,-89,3,ET
1420111800284055,pplt325,00:26:66:d0:c4:dc,-64,3,ET
1420111800284055,U+Net40B1,00:27:1c:ea:40:af,-75,3,ET
1420111800284055,SK_WLAN,00:27:1c:08:41:16,-80,3,ET
1420111800284055,myLGNet,00:01:36:2d:ea:4c,-86,3,ET
1420111800284055,kms,00:26:66:76:37:9c,-90,3,ET
1420111800284055,SK_WiFiD942,00:23:aa:3d:d9:41,-93,3,ET
1420111808131819,pplt325,00:26:66:d0:c4:dc,-71,3,ET
1420111808131819,U+Net40B1,00:27:1c:ea:40:af,-81,3,ET
1420111808131819,SK_WLAN,00:27:1c:08:41:16,-86,3,ET
1420111808131819,myLGNet,00:01:36:2d:ea:4c,-86,3,ET
1420111808131819,kms,00:26:66:76:37:9c,-90,3,ET
1420111808131819,SK_WiFiD942,00:23:aa:3d:d9:41,-93,3,ET
1420111820012183,pplt325,00:26:66:d0:c4:dc,-63,3,ET
1420111820012183,U+Net40B1,00:27:1c:ea:40:af,-81,3,ET
1420111820012183,SK_WLAN,00:27:1c:08:41:16,-82,3,ET
1420111820012183,myLGNet,00:01:36:2d:ea:4c,-82,3,ET
1420111820012183,kms,00:26:66:76:37:9c,-88,3,ET
1420111828104763,pplt325,00:26:66:d0:c4:dc,-62,3,ET
1420111828104763,U+Net40B1,00:27:1c:ea:40:af,-76,3,ET
1420111828104763,myLGNet,00:01:36:2d:ea:4c,-80,3,ET
1420111828104763,SK_WLAN,00:27:1c:08:41:16,-83,3,ET
1420111828104763,kms,00:26:66:76:37:9c,-89,3,ET
1420111840129410,pplt325,00:26:66:d0:c4:dc,-64,3,ET
1420111840129410,U+Net40B1,00:27:1c:ea:40:af,-81,3,ET
1420111840129410,SK_WLAN,00:27:1c:08:41:16,-82,3,ET
1420111840129410,myLGNet,00:01:36:2d:ea:4c,-85,3,ET
1420111840129410,kms,00:26:66:76:37:9c,-90,3,ET
1420111847822932,pplt325,00:26:66:d0:c4:dc,-63,3,ET
1420111847822932,U+Net40B1,00:27:1c:ea:40:af,-78,3,ET
1420111847822932,SK_WLAN,00:27:1c:08:41:16,-83,3,ET
1420111847822932,myLGNet,00:01:36:2d:ea:4c,-84,3,ET
1420111847822932,kms,00:26:66:76:37:9c,-90,3,ET
1420111860046878,pplt325,00:26:66:d0:c4:dc,-62,3,ET
1420111860046878,U+Net40B1,00:27:1c:ea:40:af,-76,3,ET
1420111860046878,myLGNet,00:01:36:2d:ea:4c,-83,3,ET
1420111860046878,SK_WLAN,00:27:1c:08:41:16,-86,3,ET
1420111860046878,kms,00:26:66:76:37:9c,-86,3,ET
1420111860046878,SK_WiFiD942,00:23:aa:3d:d9:41,-87,3,ET
1420111868013236,pplt325,00:26:66:d0:c4:dc,-64,3,ET
1420111868013236,U+Net40B1,00:27:1c:ea:40:af,-75,3,ET
1420111868013236,SK_WLAN,00:27:1c:08:41:16,-83,3,ET
1420111868013236,myLGNet,00:01:36:2d:ea:4c,-84,3,ET
1420111868013236,kms,00:26:66:76:37:9c,-86,3,ET
1420111868013236,SK_WiFiD942,00:23:aa:3d:d9:41,-87,3,ET
1420111880051786,pplt325,00:26:66:d0:c4:dc,-62,3,ET
1420111880051786,SK_WLAN,00:27:1c:08:41:16,-81,3,ET
1420111880051786,U+Net40B1,00:27:1c:ea:40:af,-82,3,ET
1420111880051786,myLGNet,00:01:36:2d:ea:4c,-86,3,ET
1420111880051786,SK_WiFiD942,00:23:aa:3d:d9:41,-88,3,ET
1420111888051227,pplt325,00:26:66:d0:c4:dc,-62,3,ET
1420111888051227,SK_WLAN,00:27:1c:08:41:16,-80,3,ET
1420111888051227,U+Net40B1,00:27:1c:ea:40:af,-83,3,ET
1420111888051227,myLGNet,00:01:36:2d:ea:4c,-86,3,ET
1420111888051227,kms,00:26:66:76:37:9c,-86,3,ET
1420111888051227,SK_WiFiD942,00:23:aa:3d:d9:41,-88,3,ET
1420111900208156,pplt325,00:26:66:d0:c4:dc,-61,3,ET
1420111900208156,U+Net40B1,00:27:1c:ea:40:af,-83,3,ET
1420111900208156,SK_WLAN,00:27:1c:08:41:16,-84,3,ET
1420111900208156,myLGNet,00:01:36:2d:ea:4c,-85,3,ET
1420111900208156,kms,00:26:66:76:37:9c,-86,3,ET
1420111900208156,SK_WiFiD942,00:23:aa:3d:d9:41,-91,3,ET
1420111908137987,pplt325,00:26:66:d0:c4:dc,-63,3,ET
1420111908137987,U+Net40B1,00:27:1c:ea:40:af,-76,3,ET
1420111908137987,SK_WLAN,00:27:1c:08:41:16,-82,3,ET
1420111908137987,myLGNet,00:01:36:2d:ea:4c,-84,3,ET
1420111908137987,kms,00:26:66:76:37:9c,-87,3,ET
1420111908137987,SK_WiFiD942,00:23:aa:3d:d9:41,-91,3,ET
1420111920128862,pplt325,00:26:66:d0:c4:dc,-63,3,ET
1420111920128862,U+Net40B1,00:27:1c:ea:40:af,-80,3,ET
1420111920128862,myLGNet,00:01:36:2d:ea:4c,-82,3,ET
1420111920128862,SK_WLAN,00:27:1c:08:41:16,-83,3,ET
1420111920128862,kms,00:26:66:76:37:9c,-88,3,ET
1420111928119102,pplt325,00:26:66:d0:c4:dc,-65,3,ET
1420111928119102,U+Net40B1,00:27:1c:ea:40:af,-74,3,ET
1420111928119102,SK_WLAN,00:27:1c:08:41:16,-81,3,ET
1420111928119102,myLGNet,00:01:36:2d:ea:4c,-84,3,ET
1420111928119102,kms,00:26:66:76:37:9c,-88,3,ET
1420111939931113,pplt325,00:26:66:d0:c4:dc,-63,3,ET
1420111939931113,U+Net40B1,00:27:1c:ea:40:af,-75,3,ET
1420111939931113,SK_WLAN,00:27:1c:08:41:16,-83,3,ET
1420111939931113,myLGNet,00:01:36:2d:ea:4c,-87,3,ET
1420111939931113,kms,00:26:66:76:37:9c,-88,3,ET
1420111948123636,pplt325,00:26:66:d0:c4:dc,-63,3,ET
1420111948123636,U+Net40B1,00:27:1c:ea:40:af,-76,3,ET
1420111948123636,SK_WLAN,00:27:1c:08:41:16,-83,3,ET
1420111948123636,myLGNet,00:01:36:2d:ea:4c,-86,3,ET
1420111960196803,pplt325,00:26:66:d0:c4:dc,-62,3,ET
1420111960196803,U+Net40B1,00:27:1c:ea:40:af,-75,3,ET
1420111960196803,SK_WLAN,00:27:1c:08:41:16,-83,3,ET
1420111960196803,myLGNet,00:01:36:2d:ea:4c,-84,3,ET
1420111960196803,kms,00:26:66:76:37:9c,-89,3,ET
1420111968158527,pplt325,00:26:66:d0:c4:dc,-64,3,ET
1420111968158527,U+Net40B1,00:27:1c:ea:40:af,-76,3,ET
1420111968158527,SK_WLAN,00:27:1c:08:41:16,-83,3,ET
1420111968158527,myLGNet,00:01:36:2d:ea:4c,-84,3,ET
1420111968158527,kms,00:26:66:76:37:9c,-89,3,ET
1420111980072413,pplt325,00:26:66:d0:c4:dc,-63,3,ET
1420111980072413,U+Net40B1,00:27:1c:ea:40:af,-75,3,ET
1420111980072413,myLGNet,00:01:36:2d:ea:4c,-81,3,ET
1420111980072413,SK_WLAN,00:27:1c:08:41:16,-82,3,ET
1420111980072413,kms,00:26:66:76:37:9c,-91,3,ET
1420111988126474,pplt325,00:26:66:d0:c4:dc,-63,3,ET
1420111988126474,U+Net40B1,00:27:1c:ea:40:af,-75,3,ET
1420111988126474,myLGNet,00:01:36:2d:ea:4c,-81,3,ET
1420111988126474,SK_WLAN,00:27:1c:08:41:16,-83,3,ET
1420111988126474,kms,00:26:66:76:37:9c,-91,3,ET
1420112000047356,pplt325,00:26:66:d0:c4:dc,-62,3,ET
1420112000047356,U+Net40B1,00:27:1c:ea:40:af,-74,3,ET
1420112000047356,SK_WLAN,00:27:1c:08:41:16,-82,3,ET
1420112000047356,myLGNet,00:01:36:2d:ea:4c,-85,3,ET
1420112008250400,pplt325,00:26:66:d0:c4:dc,-62,3,ET
1420112008250400,U+Net40B1,00:27:1c:ea:40:af,-78,3,ET
1420112008250400,SK_WLAN,00:27:1c:08:41:16,-80,3,ET
1420112008250400,myLGNet,00:01:36:2d:ea:4c,-85,3,ET
1420112008250400,kms,00:26:66:76:37:9c,-87,3,ET
1420112020124032,pplt325,00:26:66:d0:c4:dc,-62,3,ET
1420112020124032,U+Net40B1,00:27:1c:ea:40:af,-75,3,ET
1420112020124032,SK_WLAN,00:27:1c:08:41:16,-81,3,ET
1420112020124032,myLGNet,00:01:36:2d:ea:4c,-84,3,ET
1420112020124032,kms,00:26:66:76:37:9c,-87,3,ET
1420112028136425,pplt325,00:26:66:d0:c4:dc,-62,3,ET
1420112028136425,myLGNet,00:01:36:2d:ea:4c,-85,3,ET
1420112028136425,U+Net40B1,00:27:1c:ea:40:af,-85,3,ET
1420112028136425,SK_WLAN,00:27:1c:08:41:16,-86,3,ET
1420112028136425,kms,00:26:66:76:37:9c,-86,3,ET
1420112040215678,pplt325,00:26:66:d0:c4:dc,-65,3,ET
1420112040215678,SK_WLAN,00:27:1c:08:41:16,-80,3,ET
1420112040215678,U+Net40B1,00:27:1c:ea:40:af,-80,3,ET
1420112040215678,myLGNet,00:01:36:2d:ea:4c,-90,3,ET
1420112040215678,kms,00:26:66:76:37:9c,-91,3,ET
1420112048313200,pplt325,00:26:66:d0:c4:dc,-62,3,ET
1420112048313200,U+Net40B1,00:27:1c:ea:40:af,-80,3,ET
1420112048313200,SK_WLAN,00:27:1c:08:41:16,-82,3,ET
1420112048313200,myLGNet,00:01:36:2d:ea:4c,-84,3,ET
1420112048313200,kms,00:26:66:76:37:9c,-89,3,ET
1420112060102052,pplt325,00:26:66:d0:c4:dc,-63,3,ET
1420112060102052,U+Net40B1,00:27:1c:ea:40:af,-81,3,ET
1420112060102052,SK_WLAN,00:27:1c:08:41:16,-81,3,ET
1420112060102052,myLGNet,00:01:36:2d:ea:4c,-86,3,ET
1420112060102052,kms,00:26:66:76:37:9c,-87,3,ET
1420112068289355,pplt325,00:26:66:d0:c4:dc,-63,3,ET
1420112068289355,U+Net40B1,00:27:1c:ea:40:af,-81,3,ET
1420112068289355,SK_WLAN,00:27:1c:08:41:16,-82,3,ET
1420112068289355,myLGNet,00:01:36:2d:ea:4c,-86,3,ET
1420112068289355,kms,00:26:66:76:37:9c,-87,3,ET
1420112080009715,pplt325,00:26:66:d0:c4:dc,-63,3,ET
1420112080009715,U+Net40B1,00:27:1c:ea:40:af,-74,3,ET
1420112080009715,SK_WLAN,00:27:1c:08:41:16,-83,3,ET
1420112080009715,myLGNet,00:01:36:2d:ea:4c,-85,3,ET
1420112080009715,kms,00:26:66:76:37:9c,-87,3,ET
1420112088261453,pplt325,00:26:66:d0:c4:dc,-63,3,ET
1420112088261453,U+Net40B1,00:27:1c:ea:40:af,-79,3,ET
1420112088261453,SK_WLAN,00:27:1c:08:41:16,-84,3,ET
1420112088261453,myLGNet,00:01:36:2d:ea:4c,-84,3,ET
1420112088261453,kms,00:26:66:76:37:9c,-91,3,ET
1420112088261453,SK_WiFiD942,00:23:aa:3d:d9:41,-91,3,ET
1420112100173251,pplt325,00:26:66:d0:c4:dc,-63,3,ET
1420112100173251,U+Net40B1,00:27:1c:ea:40:af,-79,3,ET
1420112100173251,SK_WLAN,00:27:1c:08:41:16,-81,3,ET
1420112100173251,myLGNet,00:01:36:2d:ea:4c,-88,3,ET
1420112100173251,kms,00:26:66:76:37:9c,-91,3,ET
1420112100173251,SK_WiFiD942,00:23:aa:3d:d9:41,-91,3,ET
1420112108163398,pplt325,00:26:66:d0:c4:dc,-63,3,ET
1420112108163398,U+Net40B1,00:27:1c:ea:40:af,-72,3,ET
1420112108163398,SK_WLAN,00:27:1c:08:41:16,-85,3,ET
1420112108163398,myLGNet,00:01:36:2d:ea:4c,-85,3,ET
1420112120041468,pplt325,00:26:66:d0:c4:dc,-63,3,ET
1420112120041468,U+Net40B1,00:27:1c:ea:40:af,-74,3,ET
1420112120041468,SK_WLAN,00:27:1c:08:41:16,-83,3,ET
1420112120041468,myLGNet,00:01:36:2d:ea:4c,-85,3,ET
1420112128171563,pplt325,00:26:66:d0:c4:dc,-62,3,ET
1420112128171563,U+Net40B1,00:27:1c:ea:40:af,-72,3,ET
1420112128171563,myLGNet,00:01:36:2d:ea:4c,-84,3,ET
1420112128171563,SK_WLAN,00:27:1c:08:41:16,-87,3,ET
1420112139976623,pplt325,00:26:66:d0:c4:dc,-64,3,ET
1420112139976623,U+Net40B1,00:27:1c:ea:40:af,-73,3,ET
1420112139976623,SK_WLAN,00:27:1c:08:41:16,-83,3,ET
1420112139976623,myLGNet,00:01:36:2d:ea:4c,-85,3,ET
1420112148097880,pplt325,00:26:66:d0:c4:dc,-62,3,ET
1420112148097880,U+Net40B1,00:27:1c:ea:40:af,-74,3,ET
1420112148097880,SK_WLAN,00:27:1c:08:41:16,-81,3,ET
1420112148097880,myLGNet,00:01:36:2d:ea:4c,-88,3,ET
1420112160103027,pplt325,00:26:66:d0:c4:dc,-61,3,ET
1420112160103027,U+Net40B1,00:27:1c:ea:40:af,-78,3,ET
1420112160103027,SK_WLAN,00:27:1c:08:41:16,-81,3,ET
1420112160103027,myLGNet,00:01:36:2d:ea:4c,-90,3,ET
1420112160103027,SK_WiFiD942,00:23:aa:3d:d9:41,-90,3,ET
1420112168088532,pplt325,00:26:66:d0:c4:dc,-67,3,ET
1420112168088532,U+Net40B1,00:27:1c:ea:40:af,-78,3,ET
1420112168088532,SK_WLAN,00:27:1c:08:41:16,-90,3,ET
1420112168088532,myLGNet,00:01:36:2d:ea:4c,-90,3,ET
1420112168088532,SK_WiFiD942,00:23:aa:3d:d9:41,-90,3,ET
1420112180040675,pplt325,00:26:66:d0:c4:dc,-59,3,ET
1420112180040675,U+Net40B1,00:27:1c:ea:40:af,-79,3,ET
1420112180040675,SK_WLAN,00:27:1c:08:41:16,-85,3,ET
1420112180040675,kms,00:26:66:76:37:9c,-87,3,ET
1420112180040675,myLGNet,00:01:36:2d:ea:4c,-88,3,ET
1420112188143749,pplt325,00:26:66:d0:c4:dc,-61,3,ET
1420112188143749,U+Net40B1,00:27:1c:ea:40:af,-77,3,ET
1420112188143749,SK_WLAN,00:27:1c:08:41:16,-80,3,ET
1420112188143749,myLGNet,00:01:36:2d:ea:4c,-85,3,ET
1420112188143749,kms,00:26:66:76:37:9c,-87,3,ET
1420112200187723,pplt325,00:26:66:d0:c4:dc,-60,3,ET
1420112200187723,U+Net40B1,00:27:1c:ea:40:af,-77,3,ET
1420112200187723,SK_WLAN,00:27:1c:08:41:16,-81,3,ET
1420112200187723,myLGNet,00:01:36:2d:ea:4c,-88,3,ET
1420112208228076,pplt325,00:26:66:d0:c4:dc,-60,3,ET
1420112208228076,U+Net40B1,00:27:1c:ea:40:af,-81,3,ET
1420112208228076,SK_WLAN,00:27:1c:08:41:16,-82,3,ET
1420112208228076,myLGNet,00:01:36:2d:ea:4c,-84,3,ET
1420112208228076,kms,00:26:66:76:37:9c,-89,3,ET
1420112220022798,pplt325,00:26:66:d0:c4:dc,-61,3,ET
1420112220022798,U+Net40B1,00:27:1c:ea:40:af,-81,3,ET
1420112220022798,SK_WLAN,00:27:1c:08:41:16,-81,3,ET
1420112220022798,myLGNet,00:01:36:2d:ea:4c,-85,3,ET
1420112220022798,kms,00:26:66:76:37:9c,-89,3,ET
1420112228195404,pplt325,00:26:66:d0:c4:dc,-60,3,ET
1420112228195404,U+Net40B1,00:27:1c:ea:40:af,-75,3,ET
1420112228195404,SK_WLAN,00:27:1c:08:41:16,-82,3,ET
1420112228195404,myLGNet,00:01:36:2d:ea:4c,-89,3,ET
1420112240066729,pplt325,00:26:66:d0:c4:dc,-62,3,ET
1420112240066729,U+Net40B1,00:27:1c:ea:40:af,-75,3,ET
1420112240066729,SK_WLAN,00:27:1c:08:41:16,-83,3,ET
1420112240066729,myLGNet,00:01:36:2d:ea:4c,-86,3,ET
1420112240066729,kms,00:26:66:76:37:9c,-87,3,ET
1420112248100659,pplt325,00:26:66:d0:c4:dc,-61,3,ET
1420112248100659,U+Net40B1,00:27:1c:ea:40:af,-75,3,ET
1420112248100659,SK_WLAN,00:27:1c:08:41:16,-82,3,ET
1420112248100659,myLGNet,00:01:36:2d:ea:4c,-86,3,ET
1420112248100659,kms,00:26:66:76:37:9c,-89,3,ET
1420112260175247,pplt325,00:26:66:d0:c4:dc,-61,3,ET
1420112260175247,SK_WLAN,00:27:1c:08:41:16,-81,3,ET
1420112260175247,myLGNet,00:01:36:2d:ea:4c,-88,3,ET
1420112260175247,kms,00:26:66:76:37:9c,-88,3,ET
1420112268099192,pplt325,00:26:66:d0:c4:dc,-61,3,ET
1420112268099192,SK_WLAN,00:27:1c:08:41:16,-81,3,ET
1420112268099192,U+Net40B1,00:27:1c:ea:40:af,-81,3,ET
1420112268099192,kms,00:26:66:76:37:9c,-86,3,ET
1420112268099192,myLGNet,00:01:36:2d:ea:4c,-89,3,ET
1420112280092750,pplt325,00:26:66:d0:c4:dc,-60,3,ET
1420112280092750,SK_WLAN,00:27:1c:08:41:16,-81,3,ET
1420112280092750,U+Net40B1,00:27:1c:ea:40:af,-85,3,ET
1420112280092750,kms,00:26:66:76:37:9c,-88,3,ET
1420112280092750,myLGNet,00:01:36:2d:ea:4c,-88,3,ET
1420112288008141,pplt325,00:26:66:d0:c4:dc,-66,3,ET
1420112288008141,SK_WLAN,00:27:1c:08:41:16,-83,3,ET
1420112288008141,U+Net40B1,00:27:1c:ea:40:af,-85,3,ET
1420112288008141,myLGNet,00:01:36:2d:ea:4c,-85,3,ET
1420112288008141,kms,00:26:66:76:37:9c,-89,3,ET
1420112288008141,SK_WiFiD942,00:23:aa:3d:d9:41,-91,3,ET
1420112300151953,pplt325,00:26:66:d0:c4:dc,-62,3,ET
1420112300151953,SK_WLAN,00:27:1c:08:41:16,-85,3,ET
1420112300151953,myLGNet,00:01:36:2d:ea:4c,-86,3,ET
1420112300151953,kms,00:26:66:76:37:9c,-87,3,ET
1420112300151953,SK_WiFiD942,00:23:aa:3d:d9:41,-91,3,ET
1420112308222602,pplt325,00:26:66:d0:c4:dc,-61,3,ET
1420112308222602,U+Net40B1,00:27:1c:ea:40:af,-77,3,ET
1420112308222602,SK_WLAN,00:27:1c:08:41:16,-81,3,ET
1420112308222602,myLGNet,00:01:36:2d:ea:4c,-84,3,ET
1420112308222602,kms,00:26:66:76:37:9c,-90,3,ET
1420112320101187,pplt325,00:26:66:d0:c4:dc,-61,3,ET
1420112320101187,U+Net40B1,00:27:1c:ea:40:af,-79,3,ET
1420112320101187,SK_WLAN,00:27:1c:08:41:16,-84,3,ET
1420112320101187,myLGNet,00:01:36:2d:ea:4c,-89,3,ET
1420112320101187,kms,00:26:66:76:37:9c,-90,3,ET
1420112328118214,pplt325,00:26:66:d0:c4:dc,-65,3,ET
1420112328118214,U+Net40B1,00:27:1c:ea:40:af,-79,3,ET
1420112328118214,SK_WLAN,00:27:1c:08:41:16,-80,3,ET
1420112328118214,myLGNet,00:01:36:2d:ea:4c,-86,3,ET
1420112342868645,pplt325,00:26:66:d0:c4:dc,-60,3,ET
1420112342868645,U+Net40B1,00:27:1c:ea:40:af,-76,3,ET
1420112342868645,SK_WLAN,00:27:1c:08:41:16,-81,3,ET
1420112342868645,myLGNet,00:01:36:2d:ea:4c,-85,3,ET
1420112348102512,pplt325,00:26:66:d0:c4:dc,-65,3,ET
1420112348102512,U+Net40B1,00:27:1c:ea:40:af,-80,3,ET
1420112348102512,SK_WLAN,00:27:1c:08:41:16,-82,3,ET
1420112348102512,myLGNet,00:01:36:2d:ea:4c,-82,3,ET
1420112348102512,kms,00:26:66:76:37:9c,-88,3,ET
1420112360218378,pplt325,00:26:66:d0:c4:dc,-62,3,ET
1420112360218378,U+Net40B1,00:27:1c:ea:40:af,-74,3,ET
1420112360218378,SK_WLAN,00:27:1c:08:41:16,-80,3,ET
1420112360218378,myLGNet,00:01:36:2d:ea:4c,-82,3,ET
1420112360218378,kms,00:26:66:76:37:9c,-87,3,ET
1420112360218378,SK_WiFiD942,00:23:aa:3d:d9:41,-90,3,ET
1420112368104346,pplt325,00:26:66:d0:c4:dc,-64,3,ET
1420112368104346,U+Net40B1,00:27:1c:ea:40:af,-74,3,ET
1420112368104346,SK_WLAN,00:27:1c:08:41:16,-81,3,ET
1420112368104346,myLGNet,00:01:36:2d:ea:4c,-82,3,ET
1420112368104346,kms,00:26:66:76:37:9c,-87,3,ET
1420112368104346,SK_WiFiD942,00:23:aa:3d:d9:41,-90,3,ET
1420112380311453,pplt325,00:26:66:d0:c4:dc,-63,3,ET
1420112380311453,myLGNet,00:01:36:2d:ea:4c,-81,3,ET
1420112380311453,SK_WLAN,00:27:1c:08:41:16,-82,3,ET
1420112380311453,kms,00:26:66:76:37:9c,-90,3,ET
1420112388062683,pplt325,00:26:66:d0:c4:dc,-60,3,ET
1420112388062683,U+Net40B1,00:27:1c:ea:40:af,-75,3,ET
1420112388062683,SK_WLAN,00:27:1c:08:41:16,-82,3,ET
1420112388062683,myLGNet,00:01:36:2d:ea:4c,-85,3,ET
1420112388062683,kms,00:26:66:76:37:9c,-88,3,ET
1420112400088505,pplt325,00:26:66:d0:c4:dc,-61,3,ET
1420112400088505,U+Net40B1,00:27:1c:ea:40:af,-79,3,ET
1420112400088505,SK_WLAN,00:27:1c:08:41:16,-81,3,ET
1420112400088505,myLGNet,00:01:36:2d:ea:4c,-84,3,ET
1420112400088505,kms,00:26:66:76:37:9c,-89,3,ET
1420112408089755,pplt325,00:26:66:d0:c4:dc,-61,3,ET
1420112408089755,U+Net40B1,00:27:1c:ea:40:af,-79,3,ET
1420112408089755,SK_WLAN,00:27:1c:08:41:16,-83,3,ET
1420112408089755,myLGNet,00:01:36:2d:ea:4c,-84,3,ET
1420112408089755,kms,00:26:66:76:37:9c,-86,3,ET
1420112408089755,SK_WiFiD942,00:23:aa:3d:d9:41,-89,3,ET
1420112420205672,pplt325,00:26:66:d0:c4:dc,-62,3,ET
1420112420205672,U+Net40B1,00:27:1c:ea:40:af,-77,3,ET
1420112420205672,SK_WLAN,00:27:1c:08:41:16,-80,3,ET
1420112420205672,myLGNet,00:01:36:2d:ea:4c,-83,3,ET
1420112420205672,kms,00:26:66:76:37:9c,-86,3,ET
1420112420205672,SK_WiFiD942,00:23:aa:3d:d9:41,-89,3,ET
1420112428088875,pplt325,00:26:66:d0:c4:dc,-63,3,ET
1420112428088875,U+Net40B1,00:27:1c:ea:40:af,-77,3,ET
1420112428088875,SK_WLAN,00:27:1c:08:41:16,-82,3,ET
1420112428088875,myLGNet,00:01:36:2d:ea:4c,-83,3,ET
1420112440190361,pplt325,00:26:66:d0:c4:dc,-62,3,ET
1420112440190361,U+Net40B1,00:27:1c:ea:40:af,-80,3,ET
1420112440190361,SK_WLAN,00:27:1c:08:41:16,-83,3,ET
1420112440190361,myLGNet,00:01:36:2d:ea:4c,-84,3,ET
1420112448139742,pplt325,00:26:66:d0:c4:dc,-64,3,ET
1420112448139742,U+Net40B1,00:27:1c:ea:40:af,-80,3,ET
1420112448139742,myLGNet,00:01:36:2d:ea:4c,-82,3,ET
1420112448139742,SK_WLAN,00:27:1c:08:41:16,-83,3,ET
1420112448139742,kms,00:26:66:76:37:9c,-87,3,ET
1420112462801355,pplt325,00:26:66:d0:c4:dc,-61,3,ET
1420112462801355,U+Net40B1,00:27:1c:ea:40:af,-76,3,ET
1420112462801355,SK_WLAN,00:27:1c:08:41:16,-82,3,ET
1420112462801355,myLGNet,00:01:36:2d:ea:4c,-85,3,ET
1420112462801355,kms,00:26:66:76:37:9c,-87,3,ET
1420112468046173,pplt325,00:26:66:d0:c4:dc,-61,3,ET
1420112468046173,U+Net40B1,00:27:1c:ea:40:af,-77,3,ET
1420112468046173,SK_WLAN,00:27:1c:08:41:16,-81,3,ET
1420112468046173,myLGNet,00:01:36:2d:ea:4c,-83,3,ET
1420112468046173,kms,00:26:66:76:37:9c,-87,3,ET
1420112480100759,pplt325,00:26:66:d0:c4:dc,-60,3,ET
1420112480100759,U+Net40B1,00:27:1c:ea:40:af,-83,3,ET
1420112480100759,SK_WLAN,00:27:1c:08:41:16,-84,3,ET
1420112480100759,myLGNet,00:01:36:2d:ea:4c,-86,3,ET
1420112480100759,kms,00:26:66:76:37:9c,-87,3,ET
1420112488134901,pplt325,00:26:66:d0:c4:dc,-61,3,ET
1420112488134901,U+Net40B1,00:27:1c:ea:40:af,-78,3,ET
1420112488134901,SK_WLAN,00:27:1c:08:41:16,-84,3,ET
1420112488134901,myLGNet,00:01:36:2d:ea:4c,-84,3,ET
1420112488134901,kms,00:26:66:76:37:9c,-89,3,ET
1420112500106632,pplt325,00:26:66:d0:c4:dc,-64,3,ET
1420112500106632,U+Net40B1,00:27:1c:ea:40:af,-78,3,ET
1420112500106632,SK_WLAN,00:27:1c:08:41:16,-81,3,ET
1420112500106632,myLGNet,00:01:36:2d:ea:4c,-84,3,ET
1420112500106632,kms,00:26:66:76:37:9c,-91,3,ET
1420112508126593,pplt325,00:26:66:d0:c4:dc,-63,3,ET
1420112508126593,SK_WLAN,00:27:1c:08:41:16,-80,3,ET
1420112508126593,myLGNet,00:01:36:2d:ea:4c,-82,3,ET
1420112508126593,kms,00:26:66:76:37:9c,-92,3,ET
1420112520105699,pplt325,00:26:66:d0:c4:dc,-62,3,ET
1420112520105699,SK_WLAN,00:27:1c:08:41:16,-81,3,ET
1420112520105699,myLGNet,00:01:36:2d:ea:4c,-83,3,ET
1420112520105699,SK_WiFiD942,00:23:aa:3d:d9:41,-89,3,ET
1420112520105699,kms,00:26:66:76:37:9c,-89,3,ET
1420112528169010,pplt325,00:26:66:d0:c4:dc,-61,3,ET
1420112528169010,U+Net40B1,00:27:1c:ea:40:af,-78,3,ET
1420112528169010,SK_WLAN,00:27:1c:08:41:16,-80,3,ET
1420112528169010,myLGNet,00:01:36:2d:ea:4c,-84,3,ET
1420112528169010,kms,00:26:66:76:37:9c,-88,3,ET
1420112528169010,SK_WiFiD942,00:23:aa:3d:d9:41,-89,3,ET
1420112540055361,pplt325,00:26:66:d0:c4:dc,-62,3,ET
1420112540055361,U+Net40B1,00:27:1c:ea:40:af,-78,3,ET
1420112540055361,SK_WLAN,00:27:1c:08:41:16,-83,3,ET
1420112540055361,myLGNet,00:01:36:2d:ea:4c,-85,3,ET
1420112540055361,kms,00:26:66:76:37:9c,-90,3,ET
1420112548179201,pplt325,00:26:66:d0:c4:dc,-60,3,ET
1420112548179201,SK_WLAN,00:27:1c:08:41:16,-82,3,ET
1420112548179201,myLGNet,00:01:36:2d:ea:4c,-83,3,ET
1420112548179201,U+Net40B1,00:27:1c:ea:40:af,-83,3,ET
1420112548179201,kms,00:26:66:76:37:9c,-90,3,ET
1420112560086698,pplt325,00:26:66:d0:c4:dc,-64,3,ET
1420112560086698,U+Net40B1,00:27:1c:ea:40:af,-80,3,ET
1420112560086698,SK_WLAN,00:27:1c:08:41:16,-82,3,ET
1420112560086698,myLGNet,00:01:36:2d:ea:4c,-82,3,ET
1420112560086698,kms,00:26:66:76:37:9c,-91,3,ET
1420112567938503,pplt325,00:26:66:d0:c4:dc,-63,3,ET
1420112567938503,SK_WLAN,00:27:1c:08:41:16,-76,3,ET
1420112567938503,myLGNet,00:01:36:2d:ea:4c,-83,3,ET
1420112567938503,U+Net40B1,00:27:1c:ea:40:af,-84,3,ET
1420112567938503,kms,00:26:66:76:37:9c,-89,3,ET
