History Index - RR,R-R Interval(ms) - RR,
0,726.562,82.58070199
1,739.583,81.12679713
2,756.51,79.31157552
3,761.068,78.83658228
4,767.578,78.16795166
5,777.344,77.18590482
6,781.25,76.8
7,767.578,78.16795166
8,759.766,78.97168339
9,775.391,77.38031522
10,773.437,77.57580773
11,776.693,77.25059966
12,792.969,75.66500078
13,800.13,74.98781448
14,793.62,75.60293339
15,782.552,76.67222114
16,785.807,76.35462652
17,770.182,77.90366433
18,753.255,79.65430034
19,759.115,79.03940773
20,757.161,79.24338417
21,750.651,79.93062022
22,750,80
23,761.719,78.76920492
24,759.766,78.97168339
25,741.536,80.91313166
26,741.536,80.91313166
27,741.536,80.91313166
28,732.422,81.91998602
29,727.865,82.43286873
30,733.073,81.84723759
31,735.677,81.55753136
32,735.026,81.62976548
33,729.818,82.21227758
34,729.818,82.21227758
35,718.75,83.47826087
36,710.286,84.4730151
37,712.24,84.24126699
38,703.125,85.33333333
39,697.917,85.97010819
40,690.104,86.94341722
41,683.594,87.77139647
42,671.875,89.30232558
43,663.411,90.4416719
44,661.458,90.70870713
45,654.948,91.61032632
46,650.391,92.25219906
47,651.693,92.06789086
48,652.995,91.88431764
49,649.74,92.34463016
50,653.646,91.79280528
51,662.76,90.53050878
52,670.573,89.47571704
53,676.432,88.70071197
54,684.896,87.60454142
55,795.573,75.41734071
56,802.083,74.80522589
57,805.99,74.44261095
58,807.943,74.26266457
59,811.849,73.9053691
60,809.896,74.08358604
61,699.87,85.73020704
62,684.896,87.60454142
63,669.271,89.64978312
64,657.552,91.24753632
65,644.531,93.0909452
66,644.531,93.0909452
67,657.552,91.24753632
68,672.526,89.21588162
69,686.198,87.43831955
70,703.776,85.25439913
71,724.609,82.80327735
72,729.167,82.28567667
73,735.026,81.62976548
74,748.047,80.20886388
75,757.812,79.17530997
76,766.276,78.30076891
77,770.833,77.8378715
78,776.042,77.31540303
79,778.646,77.05683969
80,779.297,76.99246885
81,778.646,77.05683969
82,778.646,77.05683969
83,780.599,76.86404927
84,785.156,76.41793478
85,788.411,76.10243896
86,787.76,76.16532954
87,783.854,76.54486677
88,777.344,77.18590482
89,777.344,77.18590482
90,780.599,76.86404927
91,776.042,77.31540303
92,775.391,77.38031522
93,779.948,76.92820547
94,778.646,77.05683969
95,770.833,77.8378715
96,761.719,78.76920492
97,754.557,79.51685559
98,750.651,79.93062022
99,758.464,79.10724833
100,762.37,78.70194263
101,766.927,78.23430392
102,776.693,77.25059966
103,781.25,76.8
104,779.297,76.99246885
105,774.089,77.51046714
106,771.484,77.7721897
107,759.766,78.97168339
108,748.047,80.20886388
109,746.094,80.41882122
110,756.51,79.31157552
111,761.719,78.76920492
112,763.021,78.63479511
113,777.995,77.12131826
114,796.875,75.29411765
115,824.87,72.73873459
116,828.776,72.3959188
117,825.521,72.68137334
118,835.937,71.77574387
119,848.307,70.72911104
120,852.214,70.40485136
121,832.682,72.05631922
122,827.474,72.50983112
123,839.193,71.49725987
124,843.099,71.16601965
125,833.984,71.94382626
126,833.333,72.0000288
127,845.703,70.9468927
128,844.401,71.05628724
129,839.844,71.4418392
130,839.193,71.49725987
131,829.427,72.33909675
132,813.802,73.72800755
133,804.036,74.62352432
134,804.687,74.56315313
135,789.714,75.97687264
136,783.854,76.54486677
137,793.62,75.60293339
138,791.667,75.78944177
139,784.505,76.48134811
140,784.505,76.48134811
141,799.479,75.04887558
142,791.667,75.78944177
143,786.458,76.29142306
144,792.318,75.72717015
145,789.714,75.97687264
146,780.599,76.86404927
147,772.786,77.6411581
148,776.042,77.31540303
149,767.578,78.16795166
150,759.766,78.97168339
151,763.021,78.63479511
152,771.484,77.7721897
153,766.276,78.30076891
154,761.719,78.76920492
155,767.578,78.16795166
156,779.948,76.92820547
157,779.297,76.99246885
158,779.948,76.92820547
159,798.177,75.17129659
160,811.849,73.9053691
161,817.057,73.43428916
162,819.01,73.25917876
163,830.078,72.28236383
164,824.219,72.79618645
165,809.896,74.08358604
166,801.432,74.86598988
167,794.271,75.54096776
168,786.458,76.29142306
169,778.646,77.05683969
170,770.833,77.8378715
171,764.323,78.50084323
172,762.37,78.70194263
173,766.276,78.30076891
174,758.464,79.10724833
175,746.745,80.34871342
176,751.953,79.79222106
177,762.37,78.70194263
178,761.719,78.76920492
179,763.021,78.63479511
180,779.948,76.92820547
181,796.224,75.3556788
182,796.224,75.3556788
183,789.714,75.97687264
184,790.365,75.91429276
185,778.646,77.05683969
186,761.719,78.76920492
187,756.51,79.31157552
188,768.229,78.10171186
189,769.531,77.96956848
190,772.786,77.6411581
191,785.156,76.41793478
192,796.224,75.3556788
193,791.667,75.78944177
194,783.203,76.60849103
195,785.156,76.41793478
196,788.411,76.10243896
197,779.948,76.92820547
198,767.578,78.16795166
199,767.578,78.16795166
200,769.531,77.96956848
201,768.88,78.03558423
202,766.276,78.30076891
203,779.948,76.92820547
204,798.828,75.1100362
205,805.339,74.50278703
206,807.943,74.26266457
207,802.734,74.74456046
208,791.667,75.78944177
209,776.042,77.31540303
210,763.672,78.56776208
211,763.672,78.56776208
212,757.161,79.24338417
213,765.625,78.36734694
214,784.505,76.48134811
215,803.385,74.68399335
216,801.432,74.86598988
217,795.573,75.41734071
218,798.177,75.17129659
219,801.432,74.86598988
220,792.318,75.72717015
221,788.411,76.10243896
222,806.641,74.38253201
223,824.219,72.79618645
224,833.333,72.0000288
225,842.448,71.22101305
226,856.771,70.03038151
227,848.958,70.67487438
228,833.333,72.0000288
229,820.312,73.14290173
230,817.708,73.37582609
231,809.245,74.14318284
232,798.828,75.1100362
233,832.031,72.11269772
234,779.948,76.92820547
235,762.37,78.70194263
236,735.026,81.62976548
237,706.38,84.94011722
238,702.474,85.41241384
239,669.271,89.64978312
240,718.75,83.47826087
241,745.443,80.48905148
242,780.599,76.86404927
243,804.687,74.56315313
244,810.547,74.02408497
245,820.964,73.08481249
246,837.24,71.66403899
247,825.521,72.68137334
248,813.802,73.72800755
249,817.708,73.37582609
250,814.453,73.66907605
251,807.292,74.32254996
252,812.5,73.84615385
253,834.635,71.88771139
254,838.542,71.55276659
255,842.448,71.22101305
256,852.214,70.40485136
257,856.12,70.08363314
258,839.844,71.4418392
259,824.219,72.79618645
260,828.776,72.3959188
261,824.219,72.79618645
262,819.661,73.20099407
263,828.125,72.45283019
264,842.448,71.22101305
265,837.891,71.60835956
266,825.521,72.68137334
267,817.057,73.43428916
268,799.479,75.04887558
269,768.88,78.03558423
270,746.745,80.34871342
271,736.328,81.48542497
272,721.354,83.17691452
273,703.776,85.25439913
274,690.755,86.86147766
275,680.339,88.19132815
276,658.854,91.06721671
277,644.531,93.0909452
278,647.135,92.71635748
279,671.224,89.38893723
280,700.521,85.65053724
281,733.073,81.84723759
282,768.229,78.10171186
283,796.224,75.3556788
284,811.849,73.9053691
285,802.083,74.80522589
286,784.505,76.48134811
287,762.37,78.70194263
288,736.979,81.41344597
289,720.703,83.25204696
290,709.635,84.55050836
291,707.682,84.78384359
292,722.005,83.10191758
293,760.417,78.904075
294,796.875,75.29411765
295,822.266,72.96908786
296,835.937,71.77574387
297,843.099,71.16601965
298,831.38,72.16916452
299,796.224,75.3556788
300,768.88,78.03558423
301,753.906,79.58551862
302,755.208,79.44831093
303,755.859,79.37988434
304,770.833,77.8378715
305,800.13,74.98781448
306,821.615,73.02690433
307,837.24,71.66403899
308,842.448,71.22101305
309,845.052,71.00154783
310,829.427,72.33909675
311,804.036,74.62352432
312,784.505,76.48134811
313,768.229,78.10171186
314,753.906,79.58551862
315,740.885,80.98422832
316,740.234,81.05545003
317,738.932,81.19826994
318,734.375,81.70212766
319,726.562,82.58070199
320,723.958,82.877736
321,735.026,81.62976548
322,740.234,81.05545003
323,746.094,80.41882122
324,753.906,79.58551862
325,760.417,78.904075
326,759.115,79.03940773
327,745.443,80.48905148
328,733.073,81.84723759
329,722.656,83.02705575
330,718.75,83.47826087
331,722.005,83.10191758
332,720.703,83.25204696
333,727.865,82.43286873
334,743.49,80.70048017
335,766.276,78.30076891
336,774.089,77.51046714
337,776.042,77.31540303
338,787.109,76.22832416
339,793.62,75.60293339
340,791.667,75.78944177
341,785.156,76.41793478
342,794.271,75.54096776
343,795.573,75.41734071
344,799.479,75.04887558
345,812.5,73.84615385
346,823.568,72.85372914
347,828.776,72.3959188
348,827.474,72.50983112
349,828.125,72.45283019
350,815.104,73.61023869
351,799.479,75.04887558
352,794.271,75.54096776
353,798.828,75.1100362
354,788.411,76.10243896
355,787.109,76.22832416
356,794.922,75.47910361
357,796.224,75.3556788
358,791.016,75.85181589
359,783.854,76.54486677
360,803.385,74.68399335
361,811.198,73.9646794
362,808.594,74.20287561
363,813.802,73.72800755
364,820.964,73.08481249
365,810.547,74.02408497
366,789.062,76.03965214
367,778.646,77.05683969
368,775.391,77.38031522
369,761.068,78.83658228
370,746.094,80.41882122
371,737.63,81.34159402
372,723.958,82.877736
373,708.333,84.70592221
374,705.078,85.096968
375,702.474,85.41241384
376,702.474,85.41241384
377,710.937,84.39566375
378,729.818,82.21227758
379,748.698,80.13912151
380,751.953,79.79222106
381,755.859,79.37988434
382,761.719,78.76920492
383,766.927,78.23430392
384,766.927,78.23430392
385,758.464,79.10724833
386,758.464,79.10724833
387,764.323,78.50084323
388,772.135,77.70661866
389,767.578,78.16795166
390,765.625,78.36734694
391,772.135,77.70661866
392,777.995,77.12131826
393,776.042,77.31540303
394,761.068,78.83658228
395,758.464,79.10724833
396,753.906,79.58551862
397,747.396,80.27872774
398,736.328,81.48542497
399,736.979,81.41344597
400,751.302,79.86136068
401,760.417,78.904075
402,764.974,78.43403828
403,775.391,77.38031522
404,791.016,75.85181589
405,790.365,75.91429276
406,787.76,76.16532954
407,792.969,75.66500078
408,798.177,75.17129659
409,799.479,75.04887558
410,803.385,74.68399335
411,819.01,73.25917876
412,824.87,72.73873459
413,822.917,72.91136287
414,817.708,73.37582609
415,805.99,74.44261095
416,790.365,75.91429276
417,782.552,76.67222114
418,778.646,77.05683969
419,773.437,77.57580773
420,780.599,76.86404927
421,801.432,74.86598988
422,816.406,73.49284547
423,821.615,73.02690433
424,830.078,72.28236383
425,842.448,71.22101305
426,838.542,71.55276659
427,827.474,72.50983112
428,825.521,72.68137334
429,826.823,72.56692182
430,815.755,73.55149524
431,803.385,74.68399335
432,804.687,74.56315313
433,809.896,74.08358604
434,802.734,74.74456046
435,798.177,75.17129659
436,815.755,73.55149524
437,828.776,72.3959188
438,826.172,72.62410249
439,825.521,72.68137334
440,840.495,71.38650438
441,838.542,71.55276659
442,819.01,73.25917876
443,807.943,74.26266457
444,812.5,73.84615385
445,800.13,74.98781448
446,781.901,76.73605738
447,777.995,77.12131826
448,774.089,77.51046714
449,763.021,78.63479511
450,753.255,79.65430034
451,758.464,79.10724833
452,757.161,79.24338417
453,750.651,79.93062022
454,755.859,79.37988434
455,772.786,77.6411581
456,772.135,77.70661866
457,764.974,78.43403828
458,755.208,79.44831093
459,746.094,80.41882122
460,735.026,81.62976548
461,713.542,84.08755196
462,703.776,85.25439913
463,699.87,85.73020704
464,718.099,83.55393894
465,742.187,80.84215973
466,752.604,79.72320105
467,771.484,77.7721897
468,797.526,75.23265699
469,820.964,73.08481249
470,815.755,73.55149524
471,811.198,73.9646794
472,820.312,73.14290173
473,822.266,72.96908786
474,808.594,74.20287561
475,801.432,74.86598988
476,819.01,73.25917876
477,827.474,72.50983112
478,832.031,72.11269772
479,841.797,71.2760915
480,854.167,70.24387503
481,848.307,70.72911104
482,837.24,71.66403899
483,839.844,71.4418392
484,838.542,71.55276659
485,820.964,73.08481249
486,813.151,73.7870334
487,818.359,73.31745603
488,818.359,73.31745603
489,811.849,73.9053691
490,815.104,73.61023869
491,816.406,73.49284547
492,813.151,73.7870334
493,810.547,74.02408497
494,812.5,73.84615385
495,803.385,74.68399335
496,795.573,75.41734071
497,806.641,74.38253201
498,811.198,73.9646794
499,804.687,74.56315313
500,798.177,75.17129659
501,803.385,74.68399335
502,792.969,75.66500078
503,782.552,76.67222114
504,787.76,76.16532954
505,791.667,75.78944177
506,787.109,76.22832416
507,788.411,76.10243896
508,801.432,74.86598988
509,798.177,75.17129659
510,787.76,76.16532954
511,791.016,75.85181589
512,796.875,75.29411765
513,791.667,75.78944177
514,787.76,76.16532954
515,798.828,75.1100362
516,800.13,74.98781448
517,794.271,75.54096776
518,793.62,75.60293339
519,799.479,75.04887558
520,795.573,75.41734071
521,786.458,76.29142306
522,792.969,75.66500078
523,803.385,74.68399335
524,801.432,74.86598988
525,802.083,74.80522589
526,810.547,74.02408497
527,812.5,73.84615385
528,809.896,74.08358604
529,810.547,74.02408497
530,813.151,73.7870334
531,803.385,74.68399335
532,800.13,74.98781448
533,813.151,73.7870334
534,817.708,73.37582609
535,811.849,73.9053691
536,820.312,73.14290173
537,835.286,71.831684
538,826.823,72.56692182
539,813.802,73.72800755
540,810.547,74.02408497
541,806.641,74.38253201
542,789.714,75.97687264
543,776.042,77.31540303
544,782.552,76.67222114
545,785.807,76.35462652
546,785.807,76.35462652
547,779.297,76.99246885
548,777.344,77.18590482
549,775.391,77.38031522
550,778.646,77.05683969
551,775.391,77.38031522
552,774.74,77.4453365
553,794.922,75.47910361
554,820.964,73.08481249
555,831.38,72.16916452
556,845.052,71.00154783
557,865.885,69.29326643
558,871.745,68.82746675
559,869.792,68.98200949
560,865.234,69.34540252
561,875,68.57142857
562,855.469,70.1369658
563,835.286,71.831684
564,831.38,72.16916452
565,840.495,71.38650438
566,834.635,71.88771139
567,832.031,72.11269772
568,854.818,70.19037971
569,865.234,69.34540252
570,865.885,69.29326643
571,860.677,69.71256348
572,865.885,69.29326643
573,856.771,70.03038151
574,839.844,71.4418392
575,835.937,71.77574387
576,832.031,72.11269772
577,810.547,74.02408497
578,792.969,75.66500078
579,789.062,76.03965214
580,776.042,77.31540303
581,757.812,79.17530997
582,753.255,79.65430034
583,769.531,77.96956848
584,779.297,76.99246885
585,774.74,77.4453365
586,781.25,76.8
587,795.573,75.41734071
588,803.385,74.68399335
589,789.714,75.97687264
590,785.807,76.35462652
591,792.969,75.66500078
592,793.62,75.60293339
593,783.854,76.54486677
594,780.599,76.86404927
595,796.224,75.3556788
596,805.339,74.50278703
597,805.99,74.44261095
598,817.057,73.43428916
599,845.703,70.9468927
600,847.656,70.78343101
601,833.984,71.94382626
602,825.521,72.68137334
603,831.38,72.16916452
604,824.219,72.79618645
605,807.943,74.26266457
606,822.917,72.91136287
607,844.401,71.05628724
608,853.516,70.29745195
609,861.979,69.60726421
610,879.557,68.21615882
611,882.161,68.01479549
612,875.651,68.52044936
613,871.745,68.82746675
614,874.349,68.6224837
615,861.328,69.65987405
616,849.609,70.62072083
617,854.167,70.24387503
618,843.099,71.16601965
619,829.427,72.33909675
620,826.823,72.56692182
621,839.193,71.49725987
622,832.031,72.11269772
623,826.823,72.56692182
624,835.286,71.831684
625,830.729,72.22571982
626,814.453,73.66907605
627,792.318,75.72717015
628,787.109,76.22832416
629,768.88,78.03558423
630,755.208,79.44831093
631,766.927,78.23430392
632,786.458,76.29142306
633,792.969,75.66500078
634,801.432,74.86598988
635,819.01,73.25917876
636,828.125,72.45283019
637,816.406,73.49284547
638,803.385,74.68399335
639,812.5,73.84615385
640,822.917,72.91136287
641,818.359,73.31745603
642,822.266,72.96908786
643,844.401,71.05628724
644,858.724,69.87111109
645,850.26,70.5666502
646,840.495,71.38650438
647,852.865,70.35111067
648,860.026,69.76533268
649,845.703,70.9468927
650,841.797,71.2760915
651,852.865,70.35111067
652,854.167,70.24387503
653,848.958,70.67487438
654,849.609,70.62072083
655,871.094,68.878904
656,868.49,69.08542413
657,867.187,69.18922908
658,878.906,68.26668608
659,888.672,67.51647402
660,880.859,68.11532833
661,871.094,68.878904
662,885.417,67.76468037
663,888.021,67.56596972
664,873.698,68.67361491
665,865.885,69.29326643
666,869.141,69.03367808
667,851.562,70.45875697
668,829.427,72.33909675
669,821.615,73.02690433
670,828.776,72.3959188
671,815.104,73.61023869
672,803.385,74.68399335
673,815.104,73.61023869
674,832.682,72.05631922
675,833.984,71.94382626
676,837.24,71.66403899
677,862.63,69.55473378
678,875.651,68.52044936
679,869.141,69.03367808
680,859.375,69.81818182
681,869.141,69.03367808
682,864.583,69.39761712
683,850.26,70.5666502
684,856.771,70.03038151
685,874.349,68.6224837
686,873.047,68.72482237
687,862.63,69.55473378
688,861.328,69.65987405
689,865.234,69.34540252
690,847.005,70.83783449
691,836.589,71.71980507
692,843.75,71.11111111
693,852.214,70.40485136
694,838.542,71.55276659
695,813.151,73.7870334
696,810.547,74.02408497
697,802.734,74.74456046
698,796.875,75.29411765
699,789.714,75.97687264
700,799.479,75.04887558
701,806.641,74.38253201
702,804.687,74.56315313
703,800.781,74.92685266
704,798.177,75.17129659
705,791.016,75.85181589
706,791.016,75.85181589
707,807.292,74.32254996
708,833.333,72.0000288
709,852.865,70.35111067
710,856.12,70.08363314
711,871.094,68.878904
712,886.719,67.66517916
713,893.88,67.12310377
714,881.51,68.06502479
715,875.651,68.52044936
716,883.464,67.91448208
717,875.651,68.52044936
718,854.167,70.24387503
719,845.052,71.00154783
720,861.979,69.60726421
721,876.953,68.41871799
722,882.812,67.96464026
723,884.766,67.81454079
724,899.74,66.68593149
725,910.156,65.92276489
726,901.042,66.58957074
727,882.812,67.96464026
728,869.792,68.98200949
729,867.839,69.13724781
730,854.818,70.19037971
731,852.865,70.35111067
732,863.281,69.50228257
733,878.255,68.31728826
734,878.906,68.26668608
735,879.557,68.21615882
736,880.859,68.11532833
737,878.906,68.26668608
738,869.141,69.03367808
739,850.911,70.51266231
740,847.005,70.83783449
741,852.865,70.35111067
742,861.979,69.60726421
743,848.307,70.72911104
744,835.286,71.831684
745,843.099,71.16601965
746,852.865,70.35111067
747,843.099,71.16601965
748,830.729,72.22571982
749,830.729,72.22571982
750,829.427,72.33909675
751,815.104,73.61023869
752,792.318,75.72717015
753,787.76,76.16532954
754,796.875,75.29411765
755,800.13,74.98781448
756,792.969,75.66500078
757,793.62,75.60293339
758,791.667,75.78944177
759,777.995,77.12131826
760,753.255,79.65430034
761,728.516,82.35920694
762,720.703,83.25204696
763,712.24,84.24126699
764,708.984,84.62814394
765,710.937,84.39566375
766,720.703,83.25204696
767,743.49,80.70048017
768,748.698,80.13912151
769,751.953,79.79222106
770,766.927,78.23430392
771,785.156,76.41793478
772,785.807,76.35462652
773,773.437,77.57580773
774,776.693,77.25059966
775,774.089,77.51046714
776,802.083,74.80522589
777,744.141,80.62988063
778,743.49,80.70048017
779,757.161,79.24338417
780,759.766,78.97168339
781,764.323,78.50084323
782,736.979,81.41344597
783,836.589,71.71980507
784,803.385,74.68399335
785,803.385,74.68399335
786,807.292,74.32254996
787,814.453,73.66907605
788,807.292,74.32254996
789,761.068,78.83658228
790,809.896,74.08358604
791,814.453,73.66907605
792,810.547,74.02408497
793,810.547,74.02408497
794,823.568,72.85372914
795,829.427,72.33909675
796,814.453,73.66907605
797,802.734,74.74456046
798,805.99,74.44261095
799,811.198,73.9646794
800,801.432,74.86598988
801,797.526,75.23265699
802,810.547,74.02408497
803,819.661,73.20099407
804,810.547,74.02408497
805,794.922,75.47910361
806,788.411,76.10243896
807,779.948,76.92820547
808,763.672,78.56776208
809,750,80
810,751.953,79.79222106
811,761.068,78.83658228
812,764.974,78.43403828
813,757.161,79.24338417
814,761.719,78.76920492
815,775.391,77.38031522
816,787.109,76.22832416
817,788.411,76.10243896
818,783.203,76.60849103
819,787.76,76.16532954
820,784.505,76.48134811
821,764.974,78.43403828
822,742.187,80.84215973
823,724.609,82.80327735
824,720.052,83.32731525
825,710.937,84.39566375
826,699.219,85.81002519
827,696.615,86.1307896
828,695.312,86.29219688
829,694.01,86.45408568
830,686.849,87.35544494
831,682.943,87.85506257
832,682.943,87.85506257
833,684.245,87.68788957
834,690.755,86.86147766
835,695.312,86.29219688
836,714.193,84.01090462
837,742.839,80.77120345
838,763.021,78.63479511
839,771.484,77.7721897
840,779.948,76.92820547
841,793.62,75.60293339
842,833.984,71.94382626
843,783.203,76.60849103
844,783.203,76.60849103
845,798.177,75.17129659
846,798.828,75.1100362
847,796.875,75.29411765
848,770.833,77.8378715
849,831.38,72.16916452
850,831.38,72.16916452
851,824.219,72.79618645
852,831.38,72.16916452
853,828.776,72.3959188
854,820.964,73.08481249
855,815.755,73.55149524
856,814.453,73.66907605
857,819.661,73.20099407
858,821.615,73.02690433
859,824.87,72.73873459
860,807.292,74.32254996
861,781.25,76.8
862,766.927,78.23430392
863,750,80
864,726.562,82.58070199
865,711.589,84.31833544
866,707.031,84.86190846
867,713.542,84.08755196
868,764.974,78.43403828
869,786.458,76.29142306
870,819.661,73.20099407
871,850.911,70.51266231
872,871.094,68.878904
873,876.302,68.46954589
874,836.589,71.71980507
875,827.474,72.50983112
876,806.641,74.38253201
877,783.854,76.54486677
878,785.807,76.35462652
879,805.339,74.50278703
880,812.5,73.84615385
881,822.917,72.91136287
882,844.401,71.05628724
883,856.771,70.03038151
884,869.141,69.03367808
885,876.953,68.41871799
886,880.859,68.11532833
887,879.557,68.21615882
888,880.859,68.11532833
889,886.719,67.66517916
890,875.651,68.52044936
891,859.375,69.81818182
892,869.792,68.98200949
893,864.583,69.39761712
894,852.865,70.35111067
895,847.005,70.83783449
896,841.146,71.33125522
897,858.073,69.92412068
898,794.271,75.54096776
899,780.599,76.86404927
900,778.646,77.05683969
901,773.437,77.57580773
902,776.693,77.25059966
903,763.672,78.56776208
904,826.172,72.62410249
905,837.24,71.66403899
906,842.448,71.22101305
907,863.932,69.44991041
908,873.698,68.67361491
909,871.094,68.878904
910,872.396,68.77610626
911,885.417,67.76468037
912,877.604,68.36796551
913,863.932,69.44991041
914,878.255,68.31728826
915,888.021,67.56596972
916,875.651,68.52044936
917,867.839,69.13724781
918,875.651,68.52044936
919,862.63,69.55473378
920,835.286,71.831684
921,834.635,71.88771139
922,852.214,70.40485136
923,848.958,70.67487438
924,849.609,70.62072083
925,874.349,68.6224837
926,893.229,67.1720242
927,886.719,67.66517916
928,861.979,69.60726421
929,856.771,70.03038151
930,846.354,70.89232165
931,830.729,72.22571982
932,806.641,74.38253201
933,794.922,75.47910361
934,802.734,74.74456046
935,817.057,73.43428916
936,820.312,73.14290173
937,826.823,72.56692182
938,848.307,70.72911104
939,853.516,70.29745195
940,852.214,70.40485136
941,835.937,71.77574387
942,824.87,72.73873459
943,801.432,74.86598988
944,765.625,78.36734694
945,740.234,81.05545003
946,740.885,80.98422832
947,758.464,79.10724833
948,779.948,76.92820547
949,802.734,74.74456046
950,832.682,72.05631922
951,848.307,70.72911104
952,834.635,71.88771139
953,809.245,74.14318284
954,790.365,75.91429276
955,770.833,77.8378715
956,756.51,79.31157552
957,763.672,78.56776208
958,787.109,76.22832416
959,813.151,73.7870334
960,824.87,72.73873459
961,850.26,70.5666502
962,871.745,68.82746675
963,878.906,68.26668608
964,864.583,69.39761712
965,851.562,70.45875697
966,858.073,69.92412068
967,846.354,70.89232165
968,843.75,71.11111111
969,848.307,70.72911104
970,849.609,70.62072083
971,857.422,69.97721076
972,865.234,69.34540252
973,878.255,68.31728826
974,871.745,68.82746675
975,876.302,68.46954589
976,901.693,66.54149472
977,904.297,66.34988284
978,893.229,67.1720242
979,893.229,67.1720242
980,908.203,66.06452522
981,897.135,66.87956662
982,876.953,68.41871799
983,876.302,68.46954589
984,886.719,67.66517916
985,875.651,68.52044936
986,871.094,68.878904
987,893.88,67.12310377
988,902.995,66.44555064
989,912.76,65.73469477
990,918.62,65.31536435
991,930.99,64.4475236
992,920.573,65.17679749
993,906.25,66.20689655
994,913.411,65.68784479
995,902.995,66.44555064
996,873.698,68.67361491
997,858.073,69.92412068
998,860.026,69.76533268
999,850.911,70.51266231
1000,831.38,72.16916452
1001,832.682,72.05631922
1002,846.354,70.89232165
1003,841.797,71.2760915
1004,832.031,72.11269772
1005,830.078,72.28236383
1006,829.427,72.33909675
1007,809.896,74.08358604
1008,798.177,75.17129659
1009,804.036,74.62352432
1010,800.13,74.98781448
1011,794.271,75.54096776
1012,787.76,76.16532954
1013,787.109,76.22832416
1014,777.344,77.18590482
1015,757.161,79.24338417
1016,741.536,80.91313166
1017,717.448,83.62975435
1018,715.495,83.85802836
1019,728.516,82.35920694
1020,729.818,82.21227758
1021,745.443,80.48905148
1022,773.437,77.57580773
1023,817.057,73.43428916
1024,826.823,72.56692182
1025,831.38,72.16916452
1026,857.422,69.97721076
1027,869.792,68.98200949
1028,874.349,68.6224837
1029,899.74,66.68593149
1030,850.911,70.51266231
1031,841.797,71.2760915
1032,833.984,71.94382626
1033,824.87,72.73873459
1034,812.5,73.84615385
1035,770.833,77.8378715
1036,832.031,72.11269772
1037,847.005,70.83783449
1038,839.193,71.49725987
1039,843.75,71.11111111
1040,860.677,69.71256348
1041,873.047,68.72482237
1042,856.12,70.08363314
1043,845.052,71.00154783
1044,853.516,70.29745195
1045,843.75,71.11111111
1046,832.031,72.11269772
1047,831.38,72.16916452
1048,854.818,70.19037971
1049,851.562,70.45875697
1050,842.448,71.22101305
1051,850.26,70.5666502
1052,860.026,69.76533268
1053,847.005,70.83783449
1054,828.125,72.45283019
1055,843.75,71.11111111
1056,854.167,70.24387503
1057,886.719,67.66517916
1058,838.542,71.55276659
1059,854.818,70.19037971
1060,858.724,69.87111109
1061,837.891,71.60835956
1062,830.729,72.22571982
1063,805.339,74.50278703
1064,847.656,70.78343101
1065,831.38,72.16916452
1066,834.635,71.88771139
1067,854.818,70.19037971
1068,853.516,70.29745195
1069,847.656,70.78343101
1070,852.214,70.40485136
1071,859.375,69.81818182
1072,844.401,71.05628724
1073,828.125,72.45283019
1074,831.38,72.16916452
1075,830.729,72.22571982
1076,814.453,73.66907605
1077,812.5,73.84615385
1078,827.474,72.50983112
1079,832.031,72.11269772
1080,827.474,72.50983112
1081,828.125,72.45283019
1082,838.542,71.55276659
1083,868.49,69.08542413
1084,822.266,72.96908786
1085,823.568,72.85372914
1086,823.568,72.85372914
1087,847.656,70.78343101
1088,807.943,74.26266457
1089,784.505,76.48134811
1090,819.01,73.25917876
1091,817.057,73.43428916
1092,826.172,72.62410249
1093,794.922,75.47910361
1094,825.521,72.68137334
1095,822.917,72.91136287
1096,837.891,71.60835956
1097,837.24,71.66403899
1098,834.635,71.88771139
1099,849.609,70.62072083
1100,858.073,69.92412068
1101,847.005,70.83783449
1102,873.698,68.67361491
1103,845.052,71.00154783
1104,828.776,72.3959188
1105,804.036,74.62352432
1106,777.344,77.18590482
1107,791.016,75.85181589
1108,697.266,86.05037389
1109,708.333,84.70592221
1110,701.172,85.57101539
1111,697.266,86.05037389
1112,705.078,85.096968
1113,692.057,86.698061
1114,735.026,81.62976548
1115,753.255,79.65430034
1116,768.88,78.03558423
1117,828.776,72.3959188
1118,798.177,75.17129659
1119,804.036,74.62352432
1120,822.266,72.96908786
1121,824.219,72.79618645
1122,824.87,72.73873459
1123,817.708,73.37582609
1124,826.823,72.56692182
1125,837.891,71.60835956
1126,832.031,72.11269772
1127,834.635,71.88771139
1128,839.193,71.49725987
1129,814.453,73.66907605
1130,849.609,70.62072083
1131,884.115,67.86447464
1132,861.328,69.65987405
1133,865.234,69.34540252
1134,872.396,68.77610626
1135,867.839,69.13724781
1136,882.812,67.96464026
1137,886.068,67.71489321
1138,881.51,68.06502479
1139,907.552,66.11191425
1140,861.979,69.60726421
1141,864.583,69.39761712
1142,848.307,70.72911104
1143,797.526,75.23265699
1144,830.078,72.28236383
1145,798.177,75.17129659
1146,831.38,72.16916452
1147,817.708,73.37582609
1148,699.87,85.73020704
1149,684.245,87.68788957
1150,719.401,83.40271976
1151,684.896,87.60454142
1152,680.99,88.10702066
1153,678.385,88.44535183
1154,796.224,75.3556788
1155,819.01,73.25917876
1156,780.599,76.86404927
1157,802.083,74.80522589
1158,800.13,74.98781448
1159,802.083,74.80522589
1160,802.734,74.74456046
1161,792.318,75.72717015
1162,794.922,75.47910361
1163,819.661,73.20099407
1164,833.333,72.0000288
1165,847.005,70.83783449
1166,859.375,69.81818182
1167,873.698,68.67361491
1168,869.141,69.03367808
1169,852.214,70.40485136
1170,851.562,70.45875697
1171,852.214,70.40485136
1172,851.562,70.45875697
1173,847.656,70.78343101
1174,845.052,71.00154783
1175,845.052,71.00154783
1176,834.635,71.88771139
1177,810.547,74.02408497
1178,798.177,75.17129659
1179,785.807,76.35462652
1180,779.948,76.92820547
1181,776.042,77.31540303
1182,792.318,75.72717015
1183,832.031,72.11269772
1184,839.193,71.49725987
1185,849.609,70.62072083
1186,874.349,68.6224837
1187,890.625,67.36842105
1188,894.531,67.07425455
1189,865.234,69.34540252
1190,897.786,66.8310711
1191,852.865,70.35111067
1192,824.219,72.79618645
1193,798.177,75.17129659
1194,765.625,78.36734694
1195,747.396,80.27872774
1196,720.703,83.25204696
1197,704.427,85.17561082
1198,695.964,86.21135576
1199,687.5,87.27272727
1200,683.594,87.77139647
1201,685.547,87.52135156
1202,651.693,92.06789086
1203,680.99,88.10702066
1204,707.682,84.78384359
1205,702.474,85.41241384
1206,669.922,89.5626655
1207,664.714,90.26438438
1208,666.667,89.999955
1209,675.13,88.87177284
1210,658.203,91.15728734
1211,691.406,86.77969239
1212,752.604,79.72320105
1213,796.224,75.3556788
1214,842.448,71.22101305
1215,884.766,67.81454079
1216,908.203,66.06452522
1217,915.365,65.54762308
1218,930.99,64.4475236
1219,925.781,64.81014408
1220,900.391,66.63771628
1221,884.766,67.81454079
1222,876.302,68.46954589
1223,871.094,68.878904
1224,852.865,70.35111067
1225,848.307,70.72911104
1226,867.187,69.18922908
1227,872.396,68.77610626
1228,871.745,68.82746675
1229,864.583,69.39761712
1230,875.651,68.52044936
1231,921.875,65.08474576
1232,904.948,66.30215217
1233,867.187,69.18922908
1234,889.323,67.46705078
1235,912.76,65.73469477
1236,894.531,67.07425455
1237,844.401,71.05628724
1238,841.797,71.2760915
1239,914.062,65.64106155
1240,845.703,70.9468927
1241,818.359,73.31745603
1242,828.776,72.3959188
1243,841.146,71.33125522
1244,879.557,68.21615882
1245,797.526,75.23265699
1246,854.818,70.19037971
1247,876.302,68.46954589
1248,886.068,67.71489321
1249,902.995,66.44555064
1250,828.776,72.3959188
1251,863.281,69.50228257
1252,893.229,67.1720242
1253,838.542,71.55276659
1254,820.312,73.14290173
1255,794.271,75.54096776
1256,844.401,71.05628724
1257,857.422,69.97721076
1258,814.453,73.66907605
1259,866.536,69.24120867
1260,877.604,68.36796551
1261,878.906,68.26668608
1262,865.885,69.29326643
1263,860.026,69.76533268
1264,879.557,68.21615882
1265,886.719,67.66517916
1266,911.458,65.8285955
1267,870.443,68.93041819
1268,924.479,64.90142015
1269,893.88,67.12310377
1270,874.349,68.6224837
1271,858.724,69.87111109
1272,830.078,72.28236383
1273,899.74,66.68593149
1274,800.781,74.92685266
1275,821.615,73.02690433
1276,833.333,72.0000288
1277,850.26,70.5666502
1278,851.562,70.45875697
1279,820.964,73.08481249
1280,869.141,69.03367808
1281,924.479,64.90142015
1282,910.156,65.92276489
1283,852.865,70.35111067
1284,843.75,71.11111111
1285,844.401,71.05628724
1286,872.396,68.77610626
1287,778.646,77.05683969
1288,789.062,76.03965214
1289,833.984,71.94382626
1290,832.031,72.11269772
1291,833.984,71.94382626
1292,820.312,73.14290173
1293,870.443,68.93041819
1294,871.094,68.878904
1295,868.49,69.08542413
1296,927.083,64.71912439
1297,884.766,67.81454079
1298,865.234,69.34540252
1299,851.562,70.45875697
1300,848.307,70.72911104
1301,875,68.57142857
1302,777.995,77.12131826
1303,820.964,73.08481249
1304,841.146,71.33125522
1305,845.052,71.00154783
1306,851.562,70.45875697
1307,833.984,71.94382626
1308,917.969,65.36168433
1309,899.74,66.68593149
1310,848.958,70.67487438
1311,865.234,69.34540252
1312,850.911,70.51266231
1313,835.937,71.77574387
1314,802.083,74.80522589
1315,857.422,69.97721076
1316,847.005,70.83783449
1317,833.984,71.94382626
1318,852.865,70.35111067
1319,861.979,69.60726421
1320,852.214,70.40485136
1321,804.036,74.62352432
1322,892.578,67.22101598
1323,865.885,69.29326643
1324,846.354,70.89232165
1325,840.495,71.38650438
1326,848.307,70.72911104
1327,864.583,69.39761712
1328,819.661,73.20099407
1329,854.818,70.19037971
1330,886.068,67.71489321
1331,894.531,67.07425455
1332,891.276,67.31921425
1333,895.182,67.02547638
1334,912.76,65.73469477
1335,910.156,65.92276489
1336,884.115,67.86447464
1337,877.604,68.36796551
1338,876.953,68.41871799
1339,887.37,67.61553805
1340,827.474,72.50983112
1341,823.568,72.85372914
1342,853.516,70.29745195
1343,804.687,74.56315313
1344,796.224,75.3556788
1345,768.229,78.10171186
1346,798.828,75.1100362
1347,794.922,75.47910361
1348,763.672,78.56776208
1349,815.104,73.61023869
1350,815.104,73.61023869
1351,850.911,70.51266231
1352,828.776,72.3959188
1353,837.24,71.66403899
1354,830.078,72.28236383
1355,823.568,72.85372914
1356,837.24,71.66403899
1357,821.615,73.02690433
1358,896.484,66.92813257
1359,857.422,69.97721076
1360,877.604,68.36796551
1361,885.417,67.76468037
1362,915.365,65.54762308
1363,854.167,70.24387503
1364,805.339,74.50278703
1365,833.984,71.94382626
1366,813.802,73.72800755
1367,802.734,74.74456046
1368,787.76,76.16532954
1369,838.542,71.55276659
1370,842.448,71.22101305
1371,828.125,72.45283019
1372,817.708,73.37582609
1373,806.641,74.38253201
1374,777.995,77.12131826
1375,754.557,79.51685559
1376,750,80
1377,757.812,79.17530997
1378,755.859,79.37988434
1379,749.349,80.06950033
1380,738.281,81.26986879
1381,750.651,79.93062022
1382,763.672,78.56776208
1383,767.578,78.16795166
1384,789.062,76.03965214
1385,802.083,74.80522589
1386,819.01,73.25917876
1387,815.755,73.55149524
1388,834.635,71.88771139
1389,791.667,75.78944177
1390,776.693,77.25059966
1391,817.057,73.43428916
1392,769.531,77.96956848
1393,767.578,78.16795166
1394,736.979,81.41344597
1395,794.271,75.54096776
1396,811.849,73.9053691
1397,772.786,77.6411581
1398,827.474,72.50983112
1399,842.448,71.22101305
1400,860.026,69.76533268
1401,848.307,70.72911104
1402,841.797,71.2760915
1403,852.865,70.35111067
1404,858.724,69.87111109
1405,849.609,70.62072083
1406,854.818,70.19037971
1407,875.651,68.52044936
1408,883.464,67.91448208
1409,886.068,67.71489321
1410,895.182,67.02547638
1411,919.271,65.26910998
1412,906.901,66.15937131
1413,900.391,66.63771628
1414,908.854,66.01720408
1415,904.297,66.34988284
1416,885.417,67.76468037
1417,872.396,68.77610626
1418,883.464,67.91448208
1419,874.349,68.6224837
1420,867.187,69.18922908
1421,887.37,67.61553805
1422,888.672,67.51647402
1423,880.208,68.16570629
1424,832.031,72.11269772
1425,733.724,81.77461825
1426,742.187,80.84215973
1427,718.099,83.55393894
1428,713.542,84.08755196
1429,710.937,84.39566375
1430,754.557,79.51685559
1431,861.328,69.65987405
1432,844.401,71.05628724
1433,849.609,70.62072083
1434,865.885,69.29326643
1435,886.719,67.66517916
1436,898.437,66.78264586
1437,889.974,67.41769984
1438,885.417,67.76468037
1439,881.51,68.06502479
1440,876.302,68.46954589
1441,856.12,70.08363314
1442,833.984,71.94382626
1443,836.589,71.71980507
1444,860.677,69.71256348
1445,876.302,68.46954589
1446,867.187,69.18922908
1447,869.792,68.98200949
1448,876.302,68.46954589
1449,875.651,68.52044936
1450,848.958,70.67487438
1451,826.823,72.56692182
1452,832.682,72.05631922
1453,835.286,71.831684
1454,829.427,72.33909675
1455,832.031,72.11269772
1456,855.469,70.1369658
1457,872.396,68.77610626
1458,867.839,69.13724781
1459,873.047,68.72482237
1460,887.37,67.61553805
1461,880.859,68.11532833
1462,868.49,69.08542413
1463,871.094,68.878904
1464,882.161,68.01479549
1465,867.187,69.18922908
1466,858.724,69.87111109
1467,872.396,68.77610626
1468,873.698,68.67361491
1469,857.422,69.97721076
1470,851.562,70.45875697
1471,865.885,69.29326643
1472,860.026,69.76533268
1473,849.609,70.62072083
1474,859.375,69.81818182
1475,873.047,68.72482237
1476,864.583,69.39761712
1477,861.328,69.65987405
1478,875,68.57142857
1479,873.047,68.72482237
1480,852.865,70.35111067
1481,846.354,70.89232165
1482,867.839,69.13724781
1483,863.932,69.44991041
1484,852.214,70.40485136
1485,854.818,70.19037971
1486,869.792,68.98200949
1487,859.375,69.81818182
1488,842.448,71.22101305
1489,848.307,70.72911104
1490,856.12,70.08363314
1491,848.307,70.72911104
1492,844.401,71.05628724
1493,863.281,69.50228257
1494,873.047,68.72482237
1495,860.677,69.71256348
1496,839.844,71.4418392
1497,833.984,71.94382626
1498,828.776,72.3959188
1499,817.057,73.43428916
1500,793.62,75.60293339
1501,786.458,76.29142306
1502,796.875,75.29411765
1503,824.87,72.73873459
1504,839.844,71.4418392
1505,838.542,71.55276659
1506,859.375,69.81818182
1507,882.812,67.96464026
1508,887.37,67.61553805
1509,856.12,70.08363314
1510,828.776,72.3959188
1511,812.5,73.84615385
1512,781.25,76.8
1513,749.349,80.06950033
1514,726.562,82.58070199
1515,718.099,83.55393894
1516,726.562,82.58070199
1517,754.557,79.51685559
1518,792.318,75.72717015
1519,809.896,74.08358604
1520,830.078,72.28236383
1521,859.375,69.81818182
1522,877.604,68.36796551
1523,864.583,69.39761712
1524,841.146,71.33125522
1525,845.052,71.00154783
1526,865.885,69.29326643
1527,876.953,68.41871799
1528,863.932,69.44991041
1529,861.328,69.65987405
1530,875,68.57142857
1531,884.115,67.86447464
1532,855.469,70.1369658
1533,815.104,73.61023869
1534,790.365,75.91429276
1535,781.901,76.73605738
1536,774.74,77.4453365
1537,762.37,78.70194263
1538,771.484,77.7721897
1539,791.667,75.78944177
1540,814.453,73.66907605
1541,814.453,73.66907605
1542,805.99,74.44261095
1543,800.781,74.92685266
1544,799.479,75.04887558
1545,808.594,74.20287561
1546,807.943,74.26266457
1547,822.917,72.91136287
1548,832.031,72.11269772
1549,876.302,68.46954589
1550,830.729,72.22571982
1551,821.615,73.02690433
1552,840.495,71.38650438
1553,878.255,68.31728826
1554,845.052,71.00154783
1555,817.057,73.43428916
1556,875,68.57142857
1557,878.906,68.26668608
1558,863.932,69.44991041
1559,830.729,72.22571982
1560,871.094,68.878904
1561,856.771,70.03038151
1562,843.099,71.16601965
1563,844.401,71.05628724
1564,837.24,71.66403899
1565,820.312,73.14290173
1566,802.734,74.74456046
1567,796.875,75.29411765
1568,783.854,76.54486677
1569,773.437,77.57580773
1570,775.391,77.38031522
1571,777.344,77.18590482
1572,781.25,76.8
1573,788.411,76.10243896
1574,805.339,74.50278703
1575,805.99,74.44261095
1576,799.479,75.04887558
1577,805.339,74.50278703
1578,819.661,73.20099407
1579,831.38,72.16916452
1580,820.312,73.14290173
1581,822.917,72.91136287
1582,837.891,71.60835956
1583,849.609,70.62072083
1584,837.891,71.60835956
1585,828.125,72.45283019
1586,837.24,71.66403899
1587,839.193,71.49725987
1588,833.984,71.94382626
1589,817.708,73.37582609
1590,824.219,72.79618645
1591,838.542,71.55276659
1592,845.703,70.9468927
1593,843.099,71.16601965
1594,842.448,71.22101305
1595,848.958,70.67487438
1596,843.099,71.16601965
1597,835.286,71.831684
1598,820.964,73.08481249
1599,804.687,74.56315313
1600,785.807,76.35462652
1601,762.37,78.70194263
1602,752.604,79.72320105
1603,737.63,81.34159402
1604,730.469,82.13900932
1605,746.745,80.34871342
1606,771.484,77.7721897
1607,790.365,75.91429276
1608,804.036,74.62352432
1609,815.755,73.55149524
1610,826.172,72.62410249
1611,822.266,72.96908786
1612,813.802,73.72800755
1613,810.547,74.02408497
1614,805.99,74.44261095
1615,808.594,74.20287561
1616,814.453,73.66907605
1617,817.708,73.37582609
1618,826.172,72.62410249
1619,828.125,72.45283019
1620,830.078,72.28236383
1621,826.823,72.56692182
1622,824.87,72.73873459
1623,818.359,73.31745603
1624,806.641,74.38253201
1625,804.687,74.56315313
1626,805.99,74.44261095
1627,790.365,75.91429276
1628,776.042,77.31540303
1629,783.203,76.60849103
1630,804.687,74.56315313
1631,822.266,72.96908786
1632,820.312,73.14290173
1633,824.219,72.79618645
1634,826.823,72.56692182
1635,816.406,73.49284547
1636,781.25,76.8
1637,749.349,80.06950033
1638,737.63,81.34159402
1639,738.932,81.19826994
1640,740.234,81.05545003
1641,745.443,80.48905148
1642,766.927,78.23430392
1643,798.828,75.1100362
1644,820.312,73.14290173
1645,828.776,72.3959188
1646,824.219,72.79618645
1647,822.917,72.91136287
1648,819.01,73.25917876
1649,816.406,73.49284547
1650,802.734,74.74456046
1651,802.734,74.74456046
1652,822.266,72.96908786
1653,843.099,71.16601965
1654,837.891,71.60835956
1655,824.219,72.79618645
1656,835.286,71.831684
1657,847.005,70.83783449
1658,836.589,71.71980507
1659,827.474,72.50983112
1660,846.354,70.89232165
1661,852.214,70.40485136
1662,839.193,71.49725987
1663,824.219,72.79618645
1664,830.078,72.28236383
1665,816.406,73.49284547
1666,794.271,75.54096776
1667,792.318,75.72717015
1668,802.734,74.74456046
1669,795.573,75.41734071
1670,788.411,76.10243896
1671,795.573,75.41734071
1672,800.781,74.92685266
1673,796.224,75.3556788
1674,794.271,75.54096776
1675,804.036,74.62352432
1676,796.875,75.29411765
1677,791.016,75.85181589
1678,790.365,75.91429276
1679,791.016,75.85181589
1680,776.693,77.25059966
1681,766.927,78.23430392
1682,775.391,77.38031522
1683,774.74,77.4453365
1684,764.974,78.43403828
1685,762.37,78.70194263
1686,787.109,76.22832416
1687,798.828,75.1100362
1688,799.479,75.04887558
1689,807.292,74.32254996
1690,820.964,73.08481249
1691,816.406,73.49284547
1692,795.573,75.41734071
1693,783.203,76.60849103
1694,781.901,76.73605738
1695,770.833,77.8378715
1696,763.021,78.63479511
1697,773.437,77.57580773
1698,784.505,76.48134811
1699,787.109,76.22832416
1700,788.411,76.10243896
1701,803.385,74.68399335
1702,822.917,72.91136287
1703,826.823,72.56692182
1704,818.359,73.31745603
1705,820.964,73.08481249
1706,819.661,73.20099407
1707,813.802,73.72800755
1708,791.016,75.85181589
1709,781.901,76.73605738
1710,791.016,75.85181589
1711,802.734,74.74456046
1712,803.385,74.68399335
1713,809.896,74.08358604
1714,826.823,72.56692182
1715,841.146,71.33125522
1716,837.891,71.60835956
1717,822.266,72.96908786
1718,810.547,74.02408497
1719,795.573,75.41734071
1720,791.667,75.78944177
1721,797.526,75.23265699
1722,817.057,73.43428916
1723,822.266,72.96908786
1724,848.307,70.72911104
1725,880.208,68.16570629
1726,881.51,68.06502479
1727,860.677,69.71256348
1728,830.078,72.28236383
1729,817.057,73.43428916
1730,785.156,76.41793478
1731,748.047,80.20886388
1732,736.979,81.41344597
1733,741.536,80.91313166
1734,738.281,81.26986879
1735,732.422,81.91998602
1736,733.724,81.77461825
1737,733.073,81.84723759
1738,732.422,81.91998602
1739,731.12,82.06587154
1740,732.422,81.91998602
1741,740.885,80.98422832
1742,749.349,80.06950033
1743,762.37,78.70194263
1744,759.766,78.97168339
1745,750.651,79.93062022
1746,757.812,79.17530997
1747,769.531,77.96956848
1748,774.089,77.51046714
1749,771.484,77.7721897
1750,780.599,76.86404927
1751,798.828,75.1100362
1752,799.479,75.04887558
1753,799.479,75.04887558
1754,810.547,74.02408497
1755,820.312,73.14290173
1756,814.453,73.66907605
1757,804.687,74.56315313
1758,811.849,73.9053691
1759,807.292,74.32254996
1760,792.969,75.66500078
1761,785.807,76.35462652
1762,795.573,75.41734071
1763,791.667,75.78944177
1764,785.807,76.35462652
1765,794.271,75.54096776
1766,810.547,74.02408497
1767,807.292,74.32254996
1768,805.99,74.44261095
1769,817.057,73.43428916
1770,815.755,73.55149524
1771,806.641,74.38253201
1772,799.479,75.04887558
1773,814.453,73.66907605
1774,813.802,73.72800755
1775,807.943,74.26266457
1776,816.406,73.49284547
1777,833.333,72.0000288
1778,832.682,72.05631922
1779,828.125,72.45283019
1780,837.24,71.66403899
1781,847.656,70.78343101
1782,843.099,71.16601965
1783,837.24,71.66403899
1784,846.354,70.89232165
1785,847.656,70.78343101
1786,839.844,71.4418392
1787,838.542,71.55276659
1788,848.958,70.67487438
1789,844.401,71.05628724
1790,837.891,71.60835956
1791,840.495,71.38650438
1792,842.448,71.22101305
1793,830.078,72.28236383
1794,819.661,73.20099407
1795,821.615,73.02690433
1796,815.755,73.55149524
1797,809.245,74.14318284
1798,811.849,73.9053691
1799,820.312,73.14290173
1800,815.104,73.61023869
1801,809.245,74.14318284
1802,809.896,74.08358604
1803,803.385,74.68399335
1804,786.458,76.29142306
1805,777.344,77.18590482
1806,779.297,76.99246885
1807,781.25,76.8
1808,772.786,77.6411581
1809,767.578,78.16795166
1810,772.135,77.70661866
1811,783.203,76.60849103
1812,787.76,76.16532954
1813,793.62,75.60293339
1814,813.151,73.7870334
1815,826.823,72.56692182
1816,832.682,72.05631922
1817,825.521,72.68137334
1818,827.474,72.50983112
1819,813.802,73.72800755
1820,798.828,75.1100362
1821,788.411,76.10243896
1822,783.203,76.60849103
1823,772.786,77.6411581
1824,757.812,79.17530997
1825,753.255,79.65430034
1826,756.51,79.31157552
1827,754.557,79.51685559
1828,753.906,79.58551862
1829,769.531,77.96956848
1830,789.062,76.03965214
1831,800.781,74.92685266
1832,805.339,74.50278703
1833,819.661,73.20099407
1834,826.172,72.62410249
1835,818.359,73.31745603
1836,811.198,73.9646794
1837,820.964,73.08481249
1838,828.125,72.45283019
1839,820.312,73.14290173
1840,819.01,73.25917876
1841,824.219,72.79618645
1842,828.776,72.3959188
1843,817.708,73.37582609
1844,809.245,74.14318284
1845,815.755,73.55149524
1846,820.312,73.14290173
1847,820.312,73.14290173
1848,808.594,74.20287561
1849,805.339,74.50278703
1850,796.875,75.29411765
1851,779.948,76.92820547
1852,772.786,77.6411581
1853,776.693,77.25059966
1854,776.693,77.25059966
1855,776.042,77.31540303
1856,774.74,77.4453365
1857,772.135,77.70661866
1858,792.318,75.72717015
1859,732.422,81.91998602
1860,729.167,82.28567667
1861,736.979,81.41344597
1862,739.583,81.12679713
1863,751.953,79.79222106
1864,732.422,81.91998602
1865,775.391,77.38031522
1866,777.344,77.18590482
1867,770.182,77.90366433
1868,767.578,78.16795166
1869,755.208,79.44831093
1870,744.141,80.62988063
1871,749.349,80.06950033
1872,761.068,78.83658228
1873,763.672,78.56776208
1874,768.229,78.10171186
1875,778.646,77.05683969
1876,795.573,75.41734071
1877,798.177,75.17129659
1878,789.714,75.97687264
1879,794.271,75.54096776
1880,807.943,74.26266457
1881,820.964,73.08481249
1882,813.802,73.72800755
1883,813.151,73.7870334
1884,813.802,73.72800755
1885,811.849,73.9053691
1886,794.922,75.47910361
1887,779.297,76.99246885
1888,774.74,77.4453365
1889,773.437,77.57580773
1890,767.578,78.16795166
1891,759.115,79.03940773
1892,767.578,78.16795166
1893,789.714,75.97687264
1894,812.5,73.84615385
1895,821.615,73.02690433
1896,822.917,72.91136287
1897,824.219,72.79618645
1898,819.01,73.25917876
1899,803.385,74.68399335
1900,786.458,76.29142306
1901,772.135,77.70661866
1902,776.042,77.31540303
1903,792.969,75.66500078
1904,811.198,73.9646794
1905,819.01,73.25917876
1906,838.542,71.55276659
1907,873.698,68.67361491
1908,885.417,67.76468037
1909,890.625,67.36842105
1910,896.484,66.92813257
1911,899.089,66.73421652
1912,878.906,68.26668608
1913,851.562,70.45875697
1914,844.401,71.05628724
1915,831.38,72.16916452
1916,804.687,74.56315313
1917,796.875,75.29411765
1918,819.01,73.25917876
1919,832.682,72.05631922
1920,830.729,72.22571982
1921,832.682,72.05631922
1922,840.495,71.38650438
1923,828.776,72.3959188
1924,798.177,75.17129659
1925,781.901,76.73605738
1926,785.807,76.35462652
1927,777.344,77.18590482
1928,779.297,76.99246885
1929,800.13,74.98781448
1930,813.802,73.72800755
1931,822.917,72.91136287
1932,827.474,72.50983112
1933,832.031,72.11269772
1934,830.078,72.28236383
1935,823.568,72.85372914
1936,821.615,73.02690433
1937,817.057,73.43428916
1938,816.406,73.49284547
1939,815.104,73.61023869
1940,818.359,73.31745603
1941,823.568,72.85372914
1942,824.219,72.79618645
1943,835.286,71.831684
1944,845.052,71.00154783
1945,850.911,70.51266231
1946,854.167,70.24387503
1947,851.562,70.45875697
1948,847.656,70.78343101
1949,837.24,71.66403899
1950,823.568,72.85372914
1951,820.312,73.14290173
1952,817.708,73.37582609
1953,827.474,72.50983112
1954,838.542,71.55276659
1955,841.797,71.2760915
1956,846.354,70.89232165
1957,858.724,69.87111109
1958,855.469,70.1369658
1959,830.078,72.28236383
1960,815.755,73.55149524
1961,813.151,73.7870334
1962,802.083,74.80522589
1963,788.411,76.10243896
1964,800.13,74.98781448
1965,816.406,73.49284547
1966,830.078,72.28236383
1967,843.75,71.11111111
1968,858.073,69.92412068
1969,865.234,69.34540252
1970,853.516,70.29745195
1971,843.75,71.11111111
1972,822.266,72.96908786
1973,791.667,75.78944177
1974,768.88,78.03558423
1975,750,80
1976,743.49,80.70048017
1977,751.302,79.86136068
1978,775.391,77.38031522
1979,796.224,75.3556788
1980,803.385,74.68399335
1981,811.198,73.9646794
1982,817.708,73.37582609
1983,826.172,72.62410249
1984,817.057,73.43428916
1985,816.406,73.49284547
1986,831.38,72.16916452
1987,839.844,71.4418392
1988,847.005,70.83783449
1989,846.354,70.89232165
1990,853.516,70.29745195
1991,859.375,69.81818182
1992,859.375,69.81818182
1993,859.375,69.81818182
1994,847.656,70.78343101
1995,833.984,71.94382626
1996,831.38,72.16916452
1997,815.755,73.55149524
1998,806.641,74.38253201
1999,809.245,74.14318284
2000,813.802,73.72800755
2001,822.266,72.96908786
2002,822.266,72.96908786
2003,824.219,72.79618645
2004,821.615,73.02690433
2005,810.547,74.02408497
2006,807.943,74.26266457
2007,791.016,75.85181589
2008,779.297,76.99246885
2009,777.995,77.12131826
2010,768.88,78.03558423
2011,764.323,78.50084323
2012,758.464,79.10724833
2013,763.672,78.56776208
2014,761.068,78.83658228
2015,764.974,78.43403828
2016,783.203,76.60849103
2017,794.922,75.47910361
2018,795.573,75.41734071
2019,798.828,75.1100362
2020,811.198,73.9646794
2021,809.245,74.14318284
2022,798.828,75.1100362
2023,796.875,75.29411765
2024,809.245,74.14318284
2025,808.594,74.20287561
2026,803.385,74.68399335
2027,809.896,74.08358604
2028,824.87,72.73873459
2029,826.172,72.62410249
2030,828.125,72.45283019
2031,843.75,71.11111111
2032,853.516,70.29745195
2033,848.307,70.72911104
2034,840.495,71.38650438
2035,847.005,70.83783449
2036,843.099,71.16601965
2037,826.172,72.62410249
2038,820.312,73.14290173
2039,828.776,72.3959188
2040,828.776,72.3959188
2041,814.453,73.66907605
2042,807.292,74.32254996
2043,808.594,74.20287561
2044,807.292,74.32254996
2045,794.922,75.47910361
2046,789.714,75.97687264
2047,798.828,75.1100362
2048,803.385,74.68399335
2049,808.594,74.20287561
2050,814.453,73.66907605
2051,828.776,72.3959188
2052,830.078,72.28236383
2053,832.682,72.05631922
2054,839.193,71.49725987
2055,834.635,71.88771139
2056,828.125,72.45283019
2057,820.964,73.08481249
2058,826.823,72.56692182
2059,815.104,73.61023869
2060,799.479,75.04887558
2061,797.526,75.23265699
2062,806.641,74.38253201
2063,807.943,74.26266457
2064,809.245,74.14318284
2065,823.568,72.85372914
2066,836.589,71.71980507
2067,832.031,72.11269772
2068,820.312,73.14290173
2069,820.312,73.14290173
2070,819.01,73.25917876
2071,811.849,73.9053691
2072,819.661,73.20099407
2073,850.911,70.51266231
2074,861.979,69.60726421
2075,873.047,68.72482237
2076,884.766,67.81454079
2077,886.719,67.66517916
2078,878.906,68.26668608
2079,857.422,69.97721076
2080,852.865,70.35111067
2081,851.562,70.45875697
2082,850.26,70.5666502
2083,854.818,70.19037971
2084,850.26,70.5666502
2085,852.214,70.40485136
2086,858.073,69.92412068
2087,849.609,70.62072083
2088,848.958,70.67487438
2089,862.63,69.55473378
2090,869.141,69.03367808
2091,876.953,68.41871799
2092,883.464,67.91448208
2093,882.812,67.96464026
2094,875.651,68.52044936
2095,863.932,69.44991041
2096,856.12,70.08363314
2097,844.401,71.05628724
2098,834.635,71.88771139
2099,829.427,72.33909675
2100,825.521,72.68137334
2101,821.615,73.02690433
2102,816.406,73.49284547
2103,805.99,74.44261095
2104,794.271,75.54096776
2105,790.365,75.91429276
2106,774.089,77.51046714
2107,752.604,79.72320105
2108,738.281,81.26986879
2109,725.911,82.65476071
2110,726.562,82.58070199
2111,725.911,82.65476071
2112,733.073,81.84723759
2113,751.953,79.79222106
2114,772.786,77.6411581
2115,785.156,76.41793478
2116,784.505,76.48134811
2117,794.922,75.47910361
2118,798.177,75.17129659
2119,789.714,75.97687264
2120,786.458,76.29142306
2121,797.526,75.23265699
2122,791.667,75.78944177
2123,777.995,77.12131826
2124,774.74,77.4453365
2125,779.297,76.99246885
2126,776.042,77.31540303
2127,777.995,77.12131826
2128,798.828,75.1100362
2129,810.547,74.02408497
2130,822.266,72.96908786
2131,822.266,72.96908786
2132,857.422,69.97721076
2133,802.083,74.80522589
2134,783.203,76.60849103
2135,772.135,77.70661866
2136,755.208,79.44831093
2137,739.583,81.12679713
2138,697.266,86.05037389
2139,735.026,81.62976548
2140,731.12,82.06587154
2141,725.26,82.72895238
2142,716.146,83.78179868
2143,716.146,83.78179868
2144,713.542,84.08755196
2145,715.495,83.85802836
2146,714.193,84.01090462
2147,720.052,83.32731525
2148,736.979,81.41344597
2149,755.859,79.37988434
2150,772.786,77.6411581
2151,788.411,76.10243896
2152,810.547,74.02408497
2153,826.823,72.56692182
2154,830.078,72.28236383
2155,833.333,72.0000288
2156,837.891,71.60835956
2157,865.234,69.34540252
2158,807.943,74.26266457
2159,790.365,75.91429276
2160,779.948,76.92820547
2161,763.672,78.56776208
2162,754.557,79.51685559
2163,730.469,82.13900932
2164,772.786,77.6411581
2165,776.042,77.31540303
2166,786.458,76.29142306
2167,795.573,75.41734071
2168,794.922,75.47910361
2169,796.224,75.3556788
2170,810.547,74.02408497
2171,812.5,73.84615385
2172,814.453,73.66907605
2173,830.729,72.22571982
2174,839.844,71.4418392
2175,845.703,70.9468927
2176,852.214,70.40485136
2177,857.422,69.97721076
2178,860.677,69.71256348
2179,856.12,70.08363314
2180,849.609,70.62072083
2181,841.797,71.2760915
2182,839.193,71.49725987
2183,838.542,71.55276659
2184,843.099,71.16601965
2185,847.656,70.78343101
2186,848.958,70.67487438
2187,840.495,71.38650438
2188,831.38,72.16916452
2189,839.193,71.49725987
2190,828.125,72.45283019
2191,819.01,73.25917876
2192,832.682,72.05631922
2193,839.193,71.49725987
2194,845.052,71.00154783
2195,852.214,70.40485136
2196,863.932,69.44991041
2197,856.12,70.08363314
2198,842.448,71.22101305
2199,839.844,71.4418392
2200,841.797,71.2760915
2201,832.031,72.11269772
2202,839.193,71.49725987
2203,858.073,69.92412068
2204,861.979,69.60726421
2205,866.536,69.24120867
2206,866.536,69.24120867
2207,863.932,69.44991041
2208,836.589,71.71980507
2209,808.594,74.20287561
2210,796.875,75.29411765
2211,780.599,76.86404927
2212,755.208,79.44831093
2213,733.073,81.84723759
2214,723.958,82.877736
2215,719.401,83.40271976
2216,712.24,84.24126699
2217,718.75,83.47826087
2218,737.63,81.34159402
2219,758.464,79.10724833
2220,781.25,76.8
2221,807.292,74.32254996
2222,835.286,71.831684
2223,843.75,71.11111111
2224,852.214,70.40485136
2225,873.047,68.72482237
2226,891.927,67.27007928
2227,885.417,67.76468037
2228,883.464,67.91448208
2229,902.344,66.49348807
2230,913.411,65.68784479
2231,910.156,65.92276489
2232,898.437,66.78264586
2233,934.896,64.17826154
2234,908.854,66.01720408
2235,825.521,72.68137334
2236,787.109,76.22832416
2237,770.833,77.8378715
2238,798.177,75.17129659
2239,789.062,76.03965214
2240,820.312,73.14290173
2241,897.786,66.8310711
2242,930.339,64.49262043
2243,942.057,63.69041364
2244,910.807,65.87564654
2245,878.255,68.31728826
2246,865.885,69.29326643
2247,856.771,70.03038151
2248,853.516,70.29745195
2249,852.214,70.40485136
2250,867.187,69.18922908
2251,901.693,66.54149472
2252,909.505,65.96995069
2253,917.318,65.40807005
2254,922.526,65.03881733
2255,917.969,65.36168433
2256,906.25,66.20689655
2257,883.464,67.91448208
2258,869.141,69.03367808
2259,856.12,70.08363314
2260,852.865,70.35111067
2261,850.911,70.51266231
2262,857.422,69.97721076
2263,875,68.57142857
2264,886.719,67.66517916
2265,896.484,66.92813257
2266,895.833,66.97676911
2267,891.927,67.27007928
2268,880.208,68.16570629
2269,860.677,69.71256348
2270,849.609,70.62072083
2271,838.542,71.55276659
2272,830.729,72.22571982
2273,832.682,72.05631922
2274,838.542,71.55276659
2275,845.052,71.00154783
2276,853.516,70.29745195
2277,854.818,70.19037971
2278,858.073,69.92412068
2279,863.281,69.50228257
2280,855.469,70.1369658
2281,852.214,70.40485136
2282,850.26,70.5666502
2283,843.75,71.11111111
2284,833.333,72.0000288
2285,828.125,72.45283019
2286,818.359,73.31745603
2287,800.781,74.92685266
2288,799.479,75.04887558
2289,797.526,75.23265699
2290,797.526,75.23265699
2291,791.016,75.85181589
2292,790.365,75.91429276
2293,785.156,76.41793478
2294,763.672,78.56776208
2295,750,80
2296,743.49,80.70048017
2297,736.328,81.48542497
2298,745.443,80.48905148
2299,766.276,78.30076891
2300,787.109,76.22832416
2301,813.151,73.7870334
2302,829.427,72.33909675
2303,841.146,71.33125522
2304,845.052,71.00154783
2305,847.005,70.83783449
2306,843.099,71.16601965
2307,823.568,72.85372914
2308,808.594,74.20287561
2309,814.453,73.66907605
2310,820.312,73.14290173
2311,809.245,74.14318284
2312,807.292,74.32254996
2313,822.266,72.96908786
2314,836.589,71.71980507
2315,826.823,72.56692182
2316,815.104,73.61023869
2317,819.661,73.20099407
2318,820.964,73.08481249
2319,812.5,73.84615385
2320,809.245,74.14318284
2321,823.568,72.85372914
2322,833.984,71.94382626
2323,837.24,71.66403899
2324,851.562,70.45875697
2325,873.698,68.67361491
2326,878.255,68.31728826
2327,884.115,67.86447464
2328,886.719,67.66517916
2329,878.906,68.26668608
2330,868.49,69.08542413
2331,855.469,70.1369658
2332,848.958,70.67487438
2333,819.661,73.20099407
2334,790.365,75.91429276
2335,785.156,76.41793478
2336,789.714,75.97687264
2337,790.365,75.91429276
2338,787.109,76.22832416
2339,798.177,75.17129659
2340,813.151,73.7870334
2341,813.802,73.72800755
2342,803.385,74.68399335
2343,798.828,75.1100362
2344,801.432,74.86598988
2345,805.339,74.50278703
2346,803.385,74.68399335
2347,809.245,74.14318284
2348,818.359,73.31745603
2349,832.682,72.05631922
2350,835.937,71.77574387
2351,843.099,71.16601965
2352,856.771,70.03038151
2353,869.141,69.03367808
2354,875,68.57142857
2355,869.792,68.98200949
2356,871.094,68.878904
2357,858.073,69.92412068
2358,848.307,70.72911104
2359,845.703,70.9468927
2360,856.771,70.03038151
2361,856.12,70.08363314
2362,865.234,69.34540252
2363,889.323,67.46705078
2364,897.786,66.8310711
2365,890.625,67.36842105
2366,876.953,68.41871799
2367,878.906,68.26668608
2368,859.375,69.81818182
2369,841.146,71.33125522
2370,848.307,70.72911104
2371,843.75,71.11111111
2372,832.682,72.05631922
2373,826.172,72.62410249
2374,837.891,71.60835956
2375,835.286,71.831684
2376,813.151,73.7870334
2377,814.453,73.66907605
2378,828.125,72.45283019
2379,834.635,71.88771139
2380,821.615,73.02690433
2381,824.219,72.79618645
2382,837.891,71.60835956
2383,848.307,70.72911104
2384,835.937,71.77574387
2385,828.125,72.45283019
2386,840.495,71.38650438
2387,838.542,71.55276659
2388,828.125,72.45283019
2389,812.5,73.84615385
2390,809.245,74.14318284
2391,794.271,75.54096776
2392,773.437,77.57580773
2393,753.906,79.58551862
2394,735.026,81.62976548
2395,722.005,83.10191758
2396,725.911,82.65476071
2397,733.724,81.77461825
2398,750.651,79.93062022
2399,784.505,76.48134811
2400,819.01,73.25917876
2401,843.099,71.16601965
2402,854.818,70.19037971
2403,869.792,68.98200949
2404,861.979,69.60726421
2405,844.401,71.05628724
2406,830.078,72.28236383
2407,830.078,72.28236383
2408,815.755,73.55149524
2409,805.99,74.44261095
2410,813.802,73.72800755
2411,822.917,72.91136287
2412,819.661,73.20099407
2413,815.104,73.61023869
2414,834.635,71.88771139
2415,835.286,71.831684
2416,836.589,71.71980507
2417,839.844,71.4418392
2418,843.099,71.16601965
2419,833.984,71.94382626
2420,816.406,73.49284547
2421,813.802,73.72800755
2422,800.781,74.92685266
2423,791.016,75.85181589
2424,802.734,74.74456046
2425,820.312,73.14290173
2426,825.521,72.68137334
2427,839.193,71.49725987
2428,862.63,69.55473378
2429,867.187,69.18922908
2430,860.677,69.71256348
2431,854.818,70.19037971
2432,852.865,70.35111067
2433,838.542,71.55276659
2434,824.87,72.73873459
2435,822.917,72.91136287
2436,810.547,74.02408497
2437,797.526,75.23265699
2438,789.714,75.97687264
2439,789.714,75.97687264
2440,781.901,76.73605738
2441,779.948,76.92820547
2442,793.62,75.60293339
2443,793.62,75.60293339
2444,796.875,75.29411765
2445,796.224,75.3556788
2446,799.479,75.04887558
2447,783.854,76.54486677
2448,768.229,78.10171186
2449,756.51,79.31157552
2450,736.979,81.41344597
2451,717.448,83.62975435
2452,695.312,86.29219688
2453,682.292,87.93888834
2454,662.76,90.53050878
2455,651.693,92.06789086
2456,642.578,93.37387835
2457,632.161,94.91253019
2458,622.396,96.40164783
2459,612.63,97.93839675
2460,605.469,99.09673328
2461,600.911,99.84839685
2462,598.307,100.2829651
2463,600.26,99.95668544
2464,604.167,99.31029004
2465,615.234,97.52386897
2466,633.464,94.71730043
2467,659.505,90.9773239
2468,678.385,88.44535183
2469,697.266,86.05037389
2470,720.052,83.32731525
2471,742.839,80.77120345
2472,751.302,79.86136068
2473,759.766,78.97168339
2474,776.693,77.25059966
2475,777.344,77.18590482
2476,779.948,76.92820547
2477,787.109,76.22832416
2478,798.828,75.1100362
2479,792.318,75.72717015
2480,793.62,75.60293339
2481,813.802,73.72800755
2482,818.359,73.31745603
2483,820.964,73.08481249
2484,826.172,72.62410249
2485,855.469,70.1369658
2486,873.698,68.67361491
2487,863.281,69.50228257
2488,861.328,69.65987405
2489,856.12,70.08363314
2490,856.771,70.03038151
2491,841.146,71.33125522
2492,813.151,73.7870334
2493,812.5,73.84615385
2494,818.359,73.31745603
2495,816.406,73.49284547
2496,809.896,74.08358604
2497,802.734,74.74456046
2498,800.13,74.98781448
2499,788.411,76.10243896
2500,783.203,76.60849103
2501,772.135,77.70661866
2502,771.484,77.7721897
2503,794.922,75.47910361
2504,819.661,73.20099407
2505,834.635,71.88771139
2506,850.26,70.5666502
2507,879.557,68.21615882
2508,879.557,68.21615882
2509,863.932,69.44991041
2510,862.63,69.55473378
2511,857.422,69.97721076
2512,841.146,71.33125522
2513,826.823,72.56692182
2514,836.589,71.71980507
2515,825.521,72.68137334
2516,811.198,73.9646794
2517,819.661,73.20099407
2518,841.797,71.2760915
2519,839.193,71.49725987
2520,830.729,72.22571982
2521,840.495,71.38650438
2522,850.911,70.51266231
2523,846.354,70.89232165
2524,834.635,71.88771139
2525,842.448,71.22101305
2526,835.937,71.77574387
2527,830.078,72.28236383
2528,830.729,72.22571982
2529,846.354,70.89232165
2530,833.333,72.0000288
2531,825.521,72.68137334
2532,848.958,70.67487438
2533,871.094,68.878904
2534,866.536,69.24120867
2535,857.422,69.97721076
2536,873.047,68.72482237
2537,886.068,67.71489321
2538,872.396,68.77610626
2539,863.932,69.44991041
2540,883.464,67.91448208
2541,890.625,67.36842105
2542,884.115,67.86447464
2543,884.766,67.81454079
2544,904.297,66.34988284
2545,898.437,66.78264586
2546,886.719,67.66517916
2547,895.833,66.97676911
2548,907.552,66.11191425
2549,902.344,66.49348807
2550,899.089,66.73421652
2551,912.76,65.73469477
2552,900.391,66.63771628
2553,888.021,67.56596972
2554,896.484,66.92813257
2555,905.599,66.25449012
2556,896.484,66.92813257
2557,897.786,66.8310711
2558,916.016,65.50103928
2559,914.062,65.64106155
2560,906.901,66.15937131
2561,902.344,66.49348807
2562,893.88,67.12310377
2563,885.417,67.76468037
2564,878.255,68.31728826
2565,871.094,68.878904
2566,860.026,69.76533268
2567,856.771,70.03038151
2568,852.214,70.40485136
2569,843.099,71.16601965
2570,837.24,71.66403899
2571,831.38,72.16916452
2572,824.219,72.79618645
2573,823.568,72.85372914
2574,831.38,72.16916452
2575,830.729,72.22571982
2576,838.542,71.55276659
2577,854.167,70.24387503
2578,847.005,70.83783449
2579,832.682,72.05631922
2580,824.219,72.79618645
2581,816.406,73.49284547
2582,797.526,75.23265699
2583,794.922,75.47910361
2584,828.125,72.45283019
2585,837.891,71.60835956
2586,852.214,70.40485136
2587,873.698,68.67361491
2588,876.953,68.41871799
2589,872.396,68.77610626
2590,858.073,69.92412068
2591,854.167,70.24387503
2592,830.729,72.22571982
2593,802.734,74.74456046
2594,800.13,74.98781448
2595,798.177,75.17129659
2596,777.344,77.18590482
2597,761.719,78.76920492
2598,759.766,78.97168339
2599,759.115,79.03940773
2600,753.255,79.65430034
2601,734.375,81.70212766
2602,731.12,82.06587154
2603,743.49,80.70048017
2604,771.484,77.7721897
2605,790.365,75.91429276
2606,797.526,75.23265699
2607,815.104,73.61023869
2608,833.984,71.94382626
2609,838.542,71.55276659
2610,815.755,73.55149524
2611,815.755,73.55149524
2612,835.937,71.77574387
2613,833.333,72.0000288
2614,820.312,73.14290173
2615,811.849,73.9053691
2616,815.104,73.61023869
2617,800.13,74.98781448
2618,771.484,77.7721897
2619,763.672,78.56776208
2620,753.906,79.58551862
2621,738.281,81.26986879
2622,723.307,82.95232868
2623,724.609,82.80327735
2624,725.911,82.65476071
2625,725.911,82.65476071
2626,737.63,81.34159402
2627,766.276,78.30076891
2628,782.552,76.67222114
2629,789.062,76.03965214
2630,809.245,74.14318284
2631,838.542,71.55276659
2632,841.797,71.2760915
2633,843.099,71.16601965
2634,864.583,69.39761712
2635,875,68.57142857
2636,858.073,69.92412068
2637,838.542,71.55276659
2638,841.146,71.33125522
2639,830.729,72.22571982
2640,806.641,74.38253201
2641,795.573,75.41734071
2642,819.661,73.20099407
2643,822.917,72.91136287
2644,836.589,71.71980507
2645,858.724,69.87111109
2646,873.047,68.72482237
2647,875,68.57142857
2648,858.073,69.92412068
2649,858.073,69.92412068
2650,836.589,71.71980507
2651,802.083,74.80522589
2652,787.76,76.16532954
2653,786.458,76.29142306
2654,778.646,77.05683969
2655,768.88,78.03558423
2656,774.74,77.4453365
2657,787.76,76.16532954
2658,783.203,76.60849103
2659,776.693,77.25059966
2660,783.203,76.60849103
2661,792.969,75.66500078
2662,789.062,76.03965214
2663,788.411,76.10243896
2664,798.177,75.17129659
2665,793.62,75.60293339
2666,782.552,76.67222114
2667,772.135,77.70661866
2668,781.901,76.73605738
2669,792.969,75.66500078
2670,798.177,75.17129659
2671,799.479,75.04887558
2672,796.875,75.29411765
2673,792.969,75.66500078
2674,789.062,76.03965214
2675,785.156,76.41793478
2676,772.135,77.70661866
2677,774.74,77.4453365
2678,788.411,76.10243896
2679,794.271,75.54096776
2680,777.344,77.18590482
2681,755.208,79.44831093
2682,741.536,80.91313166
2683,725.26,82.72895238
2684,699.87,85.73020704
2685,681.641,88.02287421
2686,669.271,89.64978312
2687,657.552,91.24753632
2688,649.089,92.43724666
2689,639.323,93.84927494
2690,630.859,95.10841567
2691,620.443,96.7050962
2692,614.583,97.62717159
2693,607.422,98.77811472
2694,601.562,99.74034264
2695,597.005,100.5016708
2696,595.703,100.7213326
2697,594.401,100.9419567
2698,591.797,101.3861172
2699,591.146,101.4977687
2700,592.448,101.274711
2701,596.354,100.6113818
2702,596.354,100.6113818
2703,599.609,100.0652092
2704,610.026,98.35646349
2705,624.349,96.10009786
2706,634.115,94.62006103
2707,643.88,93.18506554
2708,657.552,91.24753632
2709,668.62,89.73707038
2710,671.224,89.38893723
2711,673.828,89.04349478
2712,679.687,88.27592701
2713,682.943,87.85506257
2714,682.292,87.93888834
2715,684.245,87.68788957
2716,693.359,86.53525807
2717,692.708,86.61658303
2718,694.01,86.45408568
2719,703.125,85.33333333
2720,709.635,84.55050836
2721,706.38,84.94011722
2722,701.172,85.57101539
2723,707.682,84.78384359
2724,711.589,84.31833544
2725,707.682,84.78384359
2726,711.589,84.31833544
2727,720.052,83.32731525
2728,723.307,82.95232868
2729,723.958,82.877736
2730,727.214,82.50666241
2731,722.656,83.02705575
2732,713.542,84.08755196
2733,708.333,84.70592221
2734,709.635,84.55050836
2735,701.823,85.49164105
2736,690.755,86.86147766
2737,690.755,86.86147766
2738,692.708,86.61658303
2739,688.802,87.10776101
2740,712.24,84.24126699
2741,664.714,90.26438438
2742,667.318,89.91215582
2743,673.177,89.12960484
2744,680.99,88.10702066
2745,692.057,86.698061
2746,667.318,89.91215582
2747,713.542,84.08755196
2748,705.078,85.096968
2749,691.406,86.77969239
2750,673.177,89.12960484
2751,656.901,91.33796417
2752,644.531,93.0909452
2753,747.396,80.27872774
2754,710.937,84.39566375
2755,638.672,93.94493574
2756,636.068,94.32953709
2757,633.464,94.71730043
2758,631.51,95.01037197
2759,518.229,115.7789317
2760,527.344,113.7777238
2761,551.432,108.8076136
2762,573.568,104.6083464
2763,512.37,117.1028749
2764,444.01,135.1320916
2765,354.167,169.4116053
2766,373.698,160.5574555
2767,368.49,162.826671
2768,445.312,134.7369934
2769,503.255,119.2238527
2770,570.312,105.2055717
2771,660.807,90.79806963
2772,662.109,90.61952035
2773,708.333,84.70592221
2774,608.073,98.67236335
2775,610.677,98.25161255
2776,608.724,98.56683817
2777,606.771,98.88409301
2778,608.724,98.56683817
2779,615.234,97.52386897
2780,623.047,96.30092112
2781,636.719,94.23309183
2782,649.74,92.34463016
2783,659.505,90.9773239
2784,662.76,90.53050878
2785,662.109,90.61952035
2786,662.76,90.53050878
2787,656.25,91.42857143
2788,652.995,91.88431764
2789,647.135,92.71635748
2790,645.182,92.9970148
2791,644.531,93.0909452
2792,643.229,93.2793764
2793,643.88,93.18506554
2794,643.229,93.2793764
2795,647.786,92.62318111
2796,656.901,91.33796417
2797,665.365,90.17606877
2798,669.271,89.64978312
2799,665.365,90.17606877
2800,657.552,91.24753632
2801,652.344,91.97601266
2802,644.531,93.0909452
2803,632.812,94.81488973
2804,621.094,96.6037347
2805,614.583,97.62717159
2806,617.187,97.21526863
2807,617.187,97.21526863
2808,611.979,98.04257989
2809,608.073,98.67236335
2810,607.422,98.77811472
2811,611.979,98.04257989
2812,623.698,96.20040468
2813,632.161,94.91253019
2814,640.625,93.65853659
2815,653.646,91.79280528
2816,660.807,90.79806963
2817,658.203,91.15728734
2818,647.786,92.62318111
2819,640.625,93.65853659
2820,641.276,93.56345786
2821,639.974,93.75380875
2822,639.323,93.84927494
2823,640.625,93.65853659
2824,637.37,94.13684359
2825,634.766,94.52302108
2826,632.812,94.81488973
2827,636.719,94.23309183
2828,649.74,92.34463016
2829,663.411,90.4416719
2830,682.943,87.85506257
2831,699.87,85.73020704
2832,707.031,84.86190846
2833,703.125,85.33333333
2834,690.104,86.94341722
2835,680.99,88.10702066
2836,643.229,93.2793764
2837,552.083,108.6793109
2838,552.083,108.6793109
2839,556.641,107.7894011
2840,565.755,106.0529735
2841,572.917,104.7272118
2842,609.375,98.46153846
2843,697.917,85.97010819
2844,695.312,86.29219688
2845,691.406,86.77969239
2846,687.5,87.27272727
2847,688.151,87.19016611
2848,682.292,87.93888834
2849,684.896,87.60454142
2850,700.521,85.65053724
2851,718.099,83.55393894
2852,729.167,82.28567667
2853,726.562,82.58070199
2854,725.911,82.65476071
2855,723.307,82.95232868
2856,716.146,83.78179868
2857,710.937,84.39566375
2858,710.286,84.4730151
2859,718.099,83.55393894
2860,720.703,83.25204696
2861,721.354,83.17691452
2862,723.307,82.95232868
