1472564971000878,pplt325,00:26:66:d0:c4:dc,-69,3,ET
1472564971000878,U+Net40B1,00:27:1c:ea:40:af,-77,3,ET
1472564971000878,myLGNet,00:01:36:2d:ea:4c,-86,3,ET
1472564971000878,kms,00:26:66:76:37:9c,-88,3,ET
1472564971000878,SK_WLAN,00:27:1c:08:41:16,-90,3,ET
1472564982920129,pplt325,00:26:66:d0:c4:dc,-70,3,ET
1472564982920129,U+Net40B1,00:27:1c:ea:40:af,-77,3,ET
1472564982920129,kms,00:26:66:76:37:9c,-85,3,ET
1472564982920129,myLGNet,00:01:36:2d:ea:4c,-87,3,ET
1472564982920129,SK_WLAN,00:27:1c:08:41:16,-88,3,ET
1472564990923458,pplt325,00:26:66:d0:c4:dc,-67,3,ET
1472564990923458,U+Net40B1,00:27:1c:ea:40:af,-77,3,ET
1472564990923458,myLGNet,00:01:36:2d:ea:4c,-84,3,ET
1472564990923458,kms,00:26:66:76:37:9c,-89,3,ET
1472564990923458,SK_WLAN,00:27:1c:08:41:16,-93,3,ET
1472565002910776,pplt325,00:26:66:d0:c4:dc,-67,3,ET
1472565002910776,myLGNet,00:01:36:2d:ea:4c,-86,3,ET
1472565002910776,U+Net40B1,00:27:1c:ea:40:af,-88,3,ET
1472565002910776,kms,00:26:66:76:37:9c,-89,3,ET
1472565002910776,SK_WLAN,00:27:1c:08:41:16,-94,3,ET
1472565010906022,pplt325,00:26:66:d0:c4:dc,-66,3,ET
1472565010906022,U+Net40B1,00:27:1c:ea:40:af,-78,3,ET
1472565010906022,myLGNet,00:01:36:2d:ea:4c,-86,3,ET
1472565010906022,kms,00:26:66:76:37:9c,-88,3,ET
1472565010906022,SK_WLAN,00:27:1c:08:41:16,-91,3,ET
1472565022939795,pplt325,00:26:66:d0:c4:dc,-67,3,ET
1472565022939795,myLGNet,00:01:36:2d:ea:4c,-82,3,ET
1472565022939795,U+Net40B1,00:27:1c:ea:40:af,-86,3,ET
1472565022939795,kms,00:26:66:76:37:9c,-89,3,ET
1472565022939795,SK_WLAN,00:27:1c:08:41:16,-92,3,ET
1472565030937851,pplt325,00:26:66:d0:c4:dc,-66,3,ET
1472565030937851,myLGNet,00:01:36:2d:ea:4c,-85,3,ET
1472565030937851,U+Net40B1,00:27:1c:ea:40:af,-86,3,ET
1472565030937851,kms,00:26:66:76:37:9c,-89,3,ET
1472565030937851,SK_WLAN,00:27:1c:08:41:16,-92,3,ET
1472565042889738,pplt325,00:26:66:d0:c4:dc,-67,3,ET
1472565042889738,myLGNet,00:01:36:2d:ea:4c,-85,3,ET
1472565042889738,kms,00:26:66:76:37:9c,-89,3,ET
1472565042889738,SK_WLAN,00:27:1c:08:41:16,-92,3,ET
1472565050915900,pplt325,00:26:66:d0:c4:dc,-67,3,ET
1472565050915900,myLGNet,00:01:36:2d:ea:4c,-87,3,ET
1472565050915900,kms,00:26:66:76:37:9c,-87,3,ET
1472565050915900,SK_WLAN,00:27:1c:08:41:16,-90,3,ET
1472565062933995,pplt325,00:26:66:d0:c4:dc,-68,3,ET
1472565062933995,U+Net40B1,00:27:1c:ea:40:af,-78,3,ET
1472565062933995,myLGNet,00:01:36:2d:ea:4c,-85,3,ET
1472565062933995,kms,00:26:66:76:37:9c,-90,3,ET
1472565062933995,SK_WLAN,00:27:1c:08:41:16,-91,3,ET
1472565070911138,pplt325,00:26:66:d0:c4:dc,-68,3,ET
1472565070911138,U+Net40B1,00:27:1c:ea:40:af,-77,3,ET
1472565070911138,myLGNet,00:01:36:2d:ea:4c,-84,3,ET
1472565070911138,kms,00:26:66:76:37:9c,-87,3,ET
1472565070911138,SK_WLAN,00:27:1c:08:41:16,-91,3,ET
1472565082920905,pplt325,00:26:66:d0:c4:dc,-68,3,ET
1472565082920905,U+Net40B1,00:27:1c:ea:40:af,-77,3,ET
1472565082920905,kms,00:26:66:76:37:9c,-85,3,ET
1472565082920905,myLGNet,00:01:36:2d:ea:4c,-86,3,ET
1472565082920905,SK_WLAN,00:27:1c:08:41:16,-91,3,ET
1472565090964498,pplt325,00:26:66:d0:c4:dc,-67,3,ET
1472565090964498,U+Net40B1,00:27:1c:ea:40:af,-77,3,ET
1472565090964498,myLGNet,00:01:36:2d:ea:4c,-86,3,ET
1472565090964498,kms,00:26:66:76:37:9c,-87,3,ET
1472565090964498,SK_WLAN,00:27:1c:08:41:16,-92,3,ET
1472565090964498,ichigo-2,90:9f:33:6d:8e:b6,-95,3,ET
1472565102964806,pplt325,00:26:66:d0:c4:dc,-67,3,ET
1472565102964806,U+Net40B1,00:27:1c:ea:40:af,-77,3,ET
1472565102964806,kms,00:26:66:76:37:9c,-85,3,ET
1472565102964806,myLGNet,00:01:36:2d:ea:4c,-86,3,ET
1472565102964806,SK_WLAN,00:27:1c:08:41:16,-92,3,ET
1472565102964806,ichigo-2,90:9f:33:6d:8e:b6,-93,3,ET
1472565110899725,pplt325,00:26:66:d0:c4:dc,-68,3,ET
1472565110899725,U+Net40B1,00:27:1c:ea:40:af,-77,3,ET
1472565110899725,kms,00:26:66:76:37:9c,-85,3,ET
1472565110899725,myLGNet,00:01:36:2d:ea:4c,-86,3,ET
1472565110899725,SK_WLAN,00:27:1c:08:41:16,-92,3,ET
1472565110899725,ichigo-2,90:9f:33:6d:8e:b6,-93,3,ET
1472565122918384,pplt325,00:26:66:d0:c4:dc,-67,3,ET
1472565122918384,myLGNet,00:01:36:2d:ea:4c,-84,3,ET
1472565122918384,U+Net40B1,00:27:1c:ea:40:af,-86,3,ET
1472565122918384,kms,00:26:66:76:37:9c,-88,3,ET
1472565122918384,SK_WLAN,00:27:1c:08:41:16,-90,3,ET
1472565130901168,pplt325,00:26:66:d0:c4:dc,-71,3,ET
1472565130901168,U+Net40B1,00:27:1c:ea:40:af,-80,3,ET
1472565130901168,myLGNet,00:01:36:2d:ea:4c,-85,3,ET
1472565130901168,kms,00:26:66:76:37:9c,-89,3,ET
1472565130901168,SK_WLAN,00:27:1c:08:41:16,-91,3,ET
1472565142919374,pplt325,00:26:66:d0:c4:dc,-70,3,ET
1472565142919374,myLGNet,00:01:36:2d:ea:4c,-85,3,ET
1472565142919374,U+Net40B1,00:27:1c:ea:40:af,-87,3,ET
1472565142919374,kms,00:26:66:76:37:9c,-89,3,ET
1472565142919374,SK_WLAN,00:27:1c:08:41:16,-94,3,ET
1472565150911964,pplt325,00:26:66:d0:c4:dc,-71,3,ET
1472565150911964,myLGNet,00:01:36:2d:ea:4c,-85,3,ET
1472565150911964,U+Net40B1,00:27:1c:ea:40:af,-87,3,ET
1472565150911964,kms,00:26:66:76:37:9c,-90,3,ET
1472565150911964,SK_WLAN,00:27:1c:08:41:16,-94,3,ET
1472565162863953,pplt325,00:26:66:d0:c4:dc,-71,3,ET
1472565162863953,U+Net40B1,00:27:1c:ea:40:af,-79,3,ET
1472565162863953,SK_WLAN,00:27:1c:08:41:16,-89,3,ET
1472565162863953,kms,00:26:66:76:37:9c,-90,3,ET
1472565162863953,myLGNet,00:01:36:2d:ea:4c,-91,3,ET
1472565170960797,pplt325,00:26:66:d0:c4:dc,-72,3,ET
1472565170960797,U+Net40B1,00:27:1c:ea:40:af,-77,3,ET
1472565170960797,myLGNet,00:01:36:2d:ea:4c,-88,3,ET
1472565170960797,kms,00:26:66:76:37:9c,-89,3,ET
1472565170960797,SK_WLAN,00:27:1c:08:41:16,-92,3,ET
1472565182938157,pplt325,00:26:66:d0:c4:dc,-71,3,ET
1472565182938157,kms,00:26:66:76:37:9c,-85,3,ET
1472565182938157,U+Net40B1,00:27:1c:ea:40:af,-87,3,ET
1472565182938157,myLGNet,00:01:36:2d:ea:4c,-87,3,ET
1472565182938157,SK_WLAN,00:27:1c:08:41:16,-96,3,ET
1472565190966787,pplt325,00:26:66:d0:c4:dc,-68,3,ET
1472565190966787,U+Net40B1,00:27:1c:ea:40:af,-86,3,ET
1472565190966787,myLGNet,00:01:36:2d:ea:4c,-88,3,ET
1472565190966787,kms,00:26:66:76:37:9c,-89,3,ET
1472565190966787,SK_WLAN,00:27:1c:08:41:16,-98,3,ET
1472565202892341,pplt325,00:26:66:d0:c4:dc,-70,3,ET
1472565202892341,U+Net40B1,00:27:1c:ea:40:af,-88,3,ET
1472565202892341,myLGNet,00:01:36:2d:ea:4c,-88,3,ET
1472565202892341,kms,00:26:66:76:37:9c,-90,3,ET
1472565202892341,SK_WLAN,00:27:1c:08:41:16,-98,3,ET
1472565210900983,pplt325,00:26:66:d0:c4:dc,-71,3,ET
1472565210900983,U+Net40B1,00:27:1c:ea:40:af,-77,3,ET
1472565210900983,myLGNet,00:01:36:2d:ea:4c,-85,3,ET
1472565210900983,kms,00:26:66:76:37:9c,-90,3,ET
1472565210900983,SK_WLAN,00:27:1c:08:41:16,-90,3,ET
1472565222980539,pplt325,00:26:66:d0:c4:dc,-67,3,ET
1472565222980539,U+Net40B1,00:27:1c:ea:40:af,-78,3,ET
1472565222980539,myLGNet,00:01:36:2d:ea:4c,-86,3,ET
1472565222980539,SK_WLAN,00:27:1c:08:41:16,-89,3,ET
1472565222980539,kms,00:26:66:76:37:9c,-92,3,ET
1472565230851114,pplt325,00:26:66:d0:c4:dc,-69,3,ET
1472565230851114,myLGNet,00:01:36:2d:ea:4c,-86,3,ET
1472565230851114,U+Net40B1,00:27:1c:ea:40:af,-87,3,ET
1472565230851114,SK_WLAN,00:27:1c:08:41:16,-89,3,ET
1472565230851114,kms,00:26:66:76:37:9c,-90,3,ET
1472565242871926,pplt325,00:26:66:d0:c4:dc,-69,3,ET
1472565242871926,U+Net40B1,00:27:1c:ea:40:af,-82,3,ET
1472565242871926,myLGNet,00:01:36:2d:ea:4c,-85,3,ET
1472565242871926,kms,00:26:66:76:37:9c,-89,3,ET
1472565242871926,SK_WLAN,00:27:1c:08:41:16,-93,3,ET
1472565250920610,pplt325,00:26:66:d0:c4:dc,-70,3,ET
1472565250920610,U+Net40B1,00:27:1c:ea:40:af,-78,3,ET
1472565250920610,myLGNet,00:01:36:2d:ea:4c,-85,3,ET
1472565250920610,kms,00:26:66:76:37:9c,-89,3,ET
1472565250920610,SK_WLAN,00:27:1c:08:41:16,-92,3,ET
1472565262900750,pplt325,00:26:66:d0:c4:dc,-69,3,ET
1472565262900750,U+Net40B1,00:27:1c:ea:40:af,-78,3,ET
1472565262900750,myLGNet,00:01:36:2d:ea:4c,-85,3,ET
1472565262900750,kms,00:26:66:76:37:9c,-89,3,ET
1472565262900750,SK_WLAN,00:27:1c:08:41:16,-92,3,ET
1472565270923239,pplt325,00:26:66:d0:c4:dc,-69,3,ET
1472565270923239,U+Net40B1,00:27:1c:ea:40:af,-77,3,ET
1472565270923239,myLGNet,00:01:36:2d:ea:4c,-86,3,ET
1472565270923239,kms,00:26:66:76:37:9c,-88,3,ET
1472565270923239,SK_WLAN,00:27:1c:08:41:16,-89,3,ET
1472565282861203,pplt325,00:26:66:d0:c4:dc,-70,3,ET
1472565282861203,U+Net40B1,00:27:1c:ea:40:af,-77,3,ET
1472565282861203,myLGNet,00:01:36:2d:ea:4c,-86,3,ET
1472565282861203,kms,00:26:66:76:37:9c,-88,3,ET
1472565282861203,SK_WLAN,00:27:1c:08:41:16,-89,3,ET
1472565290914788,pplt325,00:26:66:d0:c4:dc,-71,3,ET
1472565290914788,kms,00:26:66:76:37:9c,-87,3,ET
1472565290914788,U+Net40B1,00:27:1c:ea:40:af,-88,3,ET
1472565290914788,myLGNet,00:01:36:2d:ea:4c,-91,3,ET
1472565290914788,SK_WLAN,00:27:1c:08:41:16,-93,3,ET
1472565302924943,pplt325,00:26:66:d0:c4:dc,-70,3,ET
1472565302924943,U+Net40B1,00:27:1c:ea:40:af,-77,3,ET
1472565302924943,myLGNet,00:01:36:2d:ea:4c,-86,3,ET
1472565302924943,kms,00:26:66:76:37:9c,-89,3,ET
1472565302924943,SK_WLAN,00:27:1c:08:41:16,-90,3,ET
1472565310914243,pplt325,00:26:66:d0:c4:dc,-69,3,ET
1472565310914243,U+Net40B1,00:27:1c:ea:40:af,-77,3,ET
1472565310914243,myLGNet,00:01:36:2d:ea:4c,-85,3,ET
1472565310914243,kms,00:26:66:76:37:9c,-87,3,ET
1472565310914243,SK_WLAN,00:27:1c:08:41:16,-90,3,ET
1472565322910555,pplt325,00:26:66:d0:c4:dc,-69,3,ET
1472565322910555,U+Net40B1,00:27:1c:ea:40:af,-79,3,ET
1472565322910555,myLGNet,00:01:36:2d:ea:4c,-85,3,ET
1472565322910555,kms,00:26:66:76:37:9c,-88,3,ET
1472565322910555,SK_WLAN,00:27:1c:08:41:16,-90,3,ET
1472565330968017,pplt325,00:26:66:d0:c4:dc,-70,3,ET
1472565330968017,U+Net40B1,00:27:1c:ea:40:af,-79,3,ET
1472565330968017,kms,00:26:66:76:37:9c,-89,3,ET
1472565330968017,myLGNet,00:01:36:2d:ea:4c,-92,3,ET
1472565342966458,pplt325,00:26:66:d0:c4:dc,-70,3,ET
1472565342966458,U+Net40B1,00:27:1c:ea:40:af,-78,3,ET
1472565342966458,myLGNet,00:01:36:2d:ea:4c,-88,3,ET
1472565342966458,SK_WLAN,00:27:1c:08:41:16,-91,3,ET
1472565342966458,kms,00:26:66:76:37:9c,-94,3,ET
1472565350907121,pplt325,00:26:66:d0:c4:dc,-71,3,ET
1472565350907121,U+Net40B1,00:27:1c:ea:40:af,-79,3,ET
1472565350907121,myLGNet,00:01:36:2d:ea:4c,-88,3,ET
1472565350907121,SK_WLAN,00:27:1c:08:41:16,-90,3,ET
1472565350907121,kms,00:26:66:76:37:9c,-90,3,ET
1472565362916363,pplt325,00:26:66:d0:c4:dc,-73,3,ET
1472565362916363,U+Net40B1,00:27:1c:ea:40:af,-77,3,ET
1472565362916363,myLGNet,00:01:36:2d:ea:4c,-85,3,ET
1472565362916363,kms,00:26:66:76:37:9c,-87,3,ET
1472565362916363,SK_WLAN,00:27:1c:08:41:16,-88,3,ET
1472565370955273,pplt325,00:26:66:d0:c4:dc,-75,3,ET
1472565370955273,U+Net40B1,00:27:1c:ea:40:af,-83,3,ET
1472565370955273,myLGNet,00:01:36:2d:ea:4c,-89,3,ET
1472565370955273,SK_WLAN,00:27:1c:08:41:16,-89,3,ET
1472565370955273,kms,00:26:66:76:37:9c,-91,3,ET
1472565382959705,pplt325,00:26:66:d0:c4:dc,-68,3,ET
1472565382959705,kms,00:26:66:76:37:9c,-88,3,ET
1472565382959705,U+Net40B1,00:27:1c:ea:40:af,-89,3,ET
1472565382959705,myLGNet,00:01:36:2d:ea:4c,-89,3,ET
1472565382959705,SK_WLAN,00:27:1c:08:41:16,-89,3,ET
1472565390950301,pplt325,00:26:66:d0:c4:dc,-68,3,ET
1472565390950301,U+Net40B1,00:27:1c:ea:40:af,-83,3,ET
1472565390950301,kms,00:26:66:76:37:9c,-88,3,ET
1472565390950301,SK_WLAN,00:27:1c:08:41:16,-88,3,ET
1472565390950301,myLGNet,00:01:36:2d:ea:4c,-88,3,ET
1472565402942545,pplt325,00:26:66:d0:c4:dc,-69,3,ET
1472565402942545,U+Net40B1,00:27:1c:ea:40:af,-76,3,ET
1472565402942545,myLGNet,00:01:36:2d:ea:4c,-85,3,ET
1472565402942545,kms,00:26:66:76:37:9c,-86,3,ET
1472565402942545,SK_WLAN,00:27:1c:08:41:16,-92,3,ET
1472565410947367,pplt325,00:26:66:d0:c4:dc,-70,3,ET
1472565410947367,U+Net40B1,00:27:1c:ea:40:af,-78,3,ET
1472565410947367,myLGNet,00:01:36:2d:ea:4c,-85,3,ET
1472565410947367,SK_WLAN,00:27:1c:08:41:16,-88,3,ET
1472565410947367,kms,00:26:66:76:37:9c,-91,3,ET
1472565422856931,pplt325,00:26:66:d0:c4:dc,-69,3,ET
1472565422856931,U+Net40B1,00:27:1c:ea:40:af,-78,3,ET
1472565422856931,myLGNet,00:01:36:2d:ea:4c,-85,3,ET
1472565422856931,SK_WLAN,00:27:1c:08:41:16,-88,3,ET
1472565422856931,kms,00:26:66:76:37:9c,-91,3,ET
1472565430918894,pplt325,00:26:66:d0:c4:dc,-70,3,ET
1472565430918894,U+Net40B1,00:27:1c:ea:40:af,-81,3,ET
1472565430918894,myLGNet,00:01:36:2d:ea:4c,-87,3,ET
1472565430918894,SK_WLAN,00:27:1c:08:41:16,-87,3,ET
1472565430918894,kms,00:26:66:76:37:9c,-88,3,ET
1472565442933758,pplt325,00:26:66:d0:c4:dc,-71,3,ET
1472565442933758,U+Net40B1,00:27:1c:ea:40:af,-75,3,ET
1472565442933758,myLGNet,00:01:36:2d:ea:4c,-87,3,ET
1472565442933758,SK_WLAN,00:27:1c:08:41:16,-87,3,ET
1472565442933758,kms,00:26:66:76:37:9c,-88,3,ET
1472565450917075,pplt325,00:26:66:d0:c4:dc,-70,3,ET
1472565450917075,U+Net40B1,00:27:1c:ea:40:af,-85,3,ET
1472565450917075,myLGNet,00:01:36:2d:ea:4c,-86,3,ET
1472565450917075,SK_WLAN,00:27:1c:08:41:16,-88,3,ET
1472565450917075,kms,00:26:66:76:37:9c,-88,3,ET
1472565462905881,pplt325,00:26:66:d0:c4:dc,-72,3,ET
1472565462905881,U+Net40B1,00:27:1c:ea:40:af,-79,3,ET
1472565462905881,myLGNet,00:01:36:2d:ea:4c,-87,3,ET
1472565462905881,kms,00:26:66:76:37:9c,-89,3,ET
1472565462905881,SK_WLAN,00:27:1c:08:41:16,-91,3,ET
1472565470971689,pplt325,00:26:66:d0:c4:dc,-70,3,ET
1472565470971689,U+Net40B1,00:27:1c:ea:40:af,-75,3,ET
1472565470971689,myLGNet,00:01:36:2d:ea:4c,-86,3,ET
1472565470971689,kms,00:26:66:76:37:9c,-88,3,ET
1472565470971689,SK_WLAN,00:27:1c:08:41:16,-90,3,ET
1472565482941257,pplt325,00:26:66:d0:c4:dc,-71,3,ET
1472565482941257,U+Net40B1,00:27:1c:ea:40:af,-75,3,ET
1472565482941257,myLGNet,00:01:36:2d:ea:4c,-86,3,ET
1472565482941257,kms,00:26:66:76:37:9c,-88,3,ET
1472565482941257,SK_WLAN,00:27:1c:08:41:16,-91,3,ET
1472565490942339,pplt325,00:26:66:d0:c4:dc,-69,3,ET
1472565490942339,U+Net40B1,00:27:1c:ea:40:af,-82,3,ET
1472565490942339,kms,00:26:66:76:37:9c,-87,3,ET
1472565490942339,SK_WLAN,00:27:1c:08:41:16,-90,3,ET
1472565490942339,myLGNet,00:01:36:2d:ea:4c,-90,3,ET
1472565502918396,pplt325,00:26:66:d0:c4:dc,-71,3,ET
1472565502918396,U+Net40B1,00:27:1c:ea:40:af,-81,3,ET
1472565502918396,myLGNet,00:01:36:2d:ea:4c,-85,3,ET
1472565502918396,kms,00:26:66:76:37:9c,-88,3,ET
1472565502918396,SK_WLAN,00:27:1c:08:41:16,-90,3,ET
1472565510927425,pplt325,00:26:66:d0:c4:dc,-69,3,ET
1472565510927425,U+Net40B1,00:27:1c:ea:40:af,-82,3,ET
1472565510927425,kms,00:26:66:76:37:9c,-87,3,ET
1472565510927425,myLGNet,00:01:36:2d:ea:4c,-89,3,ET
1472565510927425,SK_WLAN,00:27:1c:08:41:16,-92,3,ET
1472565522916619,pplt325,00:26:66:d0:c4:dc,-69,3,ET
1472565522916619,U+Net40B1,00:27:1c:ea:40:af,-75,3,ET
1472565522916619,myLGNet,00:01:36:2d:ea:4c,-89,3,ET
1472565522916619,SK_WLAN,00:27:1c:08:41:16,-89,3,ET
1472565522916619,kms,00:26:66:76:37:9c,-90,3,ET
1472565530967588,pplt325,00:26:66:d0:c4:dc,-70,3,ET
1472565530967588,U+Net40B1,00:27:1c:ea:40:af,-75,3,ET
1472565530967588,kms,00:26:66:76:37:9c,-87,3,ET
1472565530967588,myLGNet,00:01:36:2d:ea:4c,-88,3,ET
1472565530967588,SK_WLAN,00:27:1c:08:41:16,-89,3,ET
1472565542958888,pplt325,00:26:66:d0:c4:dc,-70,3,ET
1472565542958888,U+Net40B1,00:27:1c:ea:40:af,-78,3,ET
1472565542958888,myLGNet,00:01:36:2d:ea:4c,-89,3,ET
1472565542958888,kms,00:26:66:76:37:9c,-89,3,ET
1472565542958888,SK_WLAN,00:27:1c:08:41:16,-93,3,ET
1472565550954086,pplt325,00:26:66:d0:c4:dc,-67,3,ET
1472565550954086,U+Net40B1,00:27:1c:ea:40:af,-78,3,ET
1472565550954086,kms,00:26:66:76:37:9c,-88,3,ET
1472565550954086,myLGNet,00:01:36:2d:ea:4c,-88,3,ET
1472565550954086,SK_WLAN,00:27:1c:08:41:16,-93,3,ET
1472565562979259,pplt325,00:26:66:d0:c4:dc,-70,3,ET
1472565562979259,U+Net40B1,00:27:1c:ea:40:af,-78,3,ET
1472565562979259,kms,00:26:66:76:37:9c,-88,3,ET
1472565562979259,myLGNet,00:01:36:2d:ea:4c,-89,3,ET
1472565562979259,SK_WLAN,00:27:1c:08:41:16,-93,3,ET
1472565570917413,pplt325,00:26:66:d0:c4:dc,-67,3,ET
1472565570917413,myLGNet,00:01:36:2d:ea:4c,-85,3,ET
1472565570917413,kms,00:26:66:76:37:9c,-87,3,ET
1472565570917413,U+Net40B1,00:27:1c:ea:40:af,-88,3,ET
1472565570917413,SK_WLAN,00:27:1c:08:41:16,-94,3,ET
1472565582924615,pplt325,00:26:66:d0:c4:dc,-68,3,ET
1472565582924615,U+Net40B1,00:27:1c:ea:40:af,-84,3,ET
1472565582924615,myLGNet,00:01:36:2d:ea:4c,-87,3,ET
1472565582924615,kms,00:26:66:76:37:9c,-88,3,ET
1472565582924615,SK_WLAN,00:27:1c:08:41:16,-89,3,ET
1472565590901551,pplt325,00:26:66:d0:c4:dc,-71,3,ET
1472565590901551,U+Net40B1,00:27:1c:ea:40:af,-84,3,ET
1472565590901551,myLGNet,00:01:36:2d:ea:4c,-87,3,ET
1472565590901551,kms,00:26:66:76:37:9c,-88,3,ET
1472565590901551,SK_WLAN,00:27:1c:08:41:16,-89,3,ET
1472565603008505,pplt325,00:26:66:d0:c4:dc,-70,3,ET
1472565603008505,myLGNet,00:01:36:2d:ea:4c,-88,3,ET
1472565603008505,kms,00:26:66:76:37:9c,-88,3,ET
1472565603008505,SK_WLAN,00:27:1c:08:41:16,-92,3,ET
1472565603008505,ichigo-2,90:9f:33:6d:8e:b6,-94,3,ET
1472565610922209,pplt325,00:26:66:d0:c4:dc,-69,3,ET
1472565610922209,kms,00:26:66:76:37:9c,-88,3,ET
1472565610922209,myLGNet,00:01:36:2d:ea:4c,-89,3,ET
1472565610922209,SK_WLAN,00:27:1c:08:41:16,-91,3,ET
1472565610922209,ichigo-2,90:9f:33:6d:8e:b6,-94,3,ET
1472565622937074,pplt325,00:26:66:d0:c4:dc,-70,3,ET
1472565622937074,U+Net40B1,00:27:1c:ea:40:af,-76,3,ET
1472565622937074,myLGNet,00:01:36:2d:ea:4c,-86,3,ET
1472565622937074,kms,00:26:66:76:37:9c,-88,3,ET
1472565622937074,SK_WLAN,00:27:1c:08:41:16,-90,3,ET
1472565630946753,pplt325,00:26:66:d0:c4:dc,-69,3,ET
1472565630946753,U+Net40B1,00:27:1c:ea:40:af,-77,3,ET
1472565630946753,myLGNet,00:01:36:2d:ea:4c,-86,3,ET
1472565630946753,SK_WLAN,00:27:1c:08:41:16,-88,3,ET
1472565630946753,kms,00:26:66:76:37:9c,-93,3,ET
1472565642969406,pplt325,00:26:66:d0:c4:dc,-68,3,ET
1472565642969406,U+Net40B1,00:27:1c:ea:40:af,-79,3,ET
1472565642969406,SK_WLAN,00:27:1c:08:41:16,-87,3,ET
1472565642969406,myLGNet,00:01:36:2d:ea:4c,-88,3,ET
1472565642969406,kms,00:26:66:76:37:9c,-89,3,ET
1472565650928179,pplt325,00:26:66:d0:c4:dc,-70,3,ET
1472565650928179,U+Net40B1,00:27:1c:ea:40:af,-79,3,ET
1472565650928179,kms,00:26:66:76:37:9c,-89,3,ET
1472565650928179,SK_WLAN,00:27:1c:08:41:16,-90,3,ET
1472565650928179,myLGNet,00:01:36:2d:ea:4c,-90,3,ET
1472565650928179,SK_WiFiD942,00:23:aa:3d:d9:41,-92,3,ET
1472565662876588,pplt325,00:26:66:d0:c4:dc,-69,3,ET
1472565662876588,U+Net40B1,00:27:1c:ea:40:af,-79,3,ET
1472565662876588,kms,00:26:66:76:37:9c,-89,3,ET
1472565662876588,SK_WLAN,00:27:1c:08:41:16,-90,3,ET
1472565662876588,myLGNet,00:01:36:2d:ea:4c,-90,3,ET
1472565662876588,SK_WiFiD942,00:23:aa:3d:d9:41,-92,3,ET
1472565670918106,pplt325,00:26:66:d0:c4:dc,-69,3,ET
1472565670918106,U+Net40B1,00:27:1c:ea:40:af,-78,3,ET
1472565670918106,kms,00:26:66:76:37:9c,-89,3,ET
1472565670918106,myLGNet,00:01:36:2d:ea:4c,-89,3,ET
1472565670918106,SK_WLAN,00:27:1c:08:41:16,-90,3,ET
1472565682927439,pplt325,00:26:66:d0:c4:dc,-68,3,ET
1472565682927439,U+Net40B1,00:27:1c:ea:40:af,-78,3,ET
1472565682927439,myLGNet,00:01:36:2d:ea:4c,-86,3,ET
1472565682927439,kms,00:26:66:76:37:9c,-89,3,ET
1472565682927439,SK_WLAN,00:27:1c:08:41:16,-89,3,ET
1472565690950499,pplt325,00:26:66:d0:c4:dc,-68,3,ET
1472565690950499,U+Net40B1,00:27:1c:ea:40:af,-79,3,ET
1472565690950499,myLGNet,00:01:36:2d:ea:4c,-86,3,ET
1472565690950499,kms,00:26:66:76:37:9c,-86,3,ET
1472565690950499,SK_WLAN,00:27:1c:08:41:16,-88,3,ET
1472565690950499,ichigo-2,90:9f:33:6d:8e:b6,-91,3,ET
1472565703021438,pplt325,00:26:66:d0:c4:dc,-70,3,ET
1472565703021438,U+Net40B1,00:27:1c:ea:40:af,-79,3,ET
1472565703021438,myLGNet,00:01:36:2d:ea:4c,-84,3,ET
1472565703021438,kms,00:26:66:76:37:9c,-86,3,ET
1472565703021438,SK_WLAN,00:27:1c:08:41:16,-90,3,ET
1472565703021438,ichigo-2,90:9f:33:6d:8e:b6,-91,3,ET
1472565710977834,pplt325,00:26:66:d0:c4:dc,-68,3,ET
1472565710977834,U+Net40B1,00:27:1c:ea:40:af,-78,3,ET
1472565710977834,myLGNet,00:01:36:2d:ea:4c,-87,3,ET
1472565710977834,kms,00:26:66:76:37:9c,-89,3,ET
1472565710977834,SK_WLAN,00:27:1c:08:41:16,-89,3,ET
1472565722924155,pplt325,00:26:66:d0:c4:dc,-68,3,ET
1472565722924155,U+Net40B1,00:27:1c:ea:40:af,-78,3,ET
1472565722924155,myLGNet,00:01:36:2d:ea:4c,-87,3,ET
1472565722924155,kms,00:26:66:76:37:9c,-87,3,ET
1472565722924155,SK_WLAN,00:27:1c:08:41:16,-89,3,ET
1472565722924155,SK_WiFiD942,00:23:aa:3d:d9:41,-94,3,ET
1472565730911089,pplt325,00:26:66:d0:c4:dc,-68,3,ET
1472565730911089,U+Net40B1,00:27:1c:ea:40:af,-84,3,ET
1472565730911089,kms,00:26:66:76:37:9c,-87,3,ET
1472565730911089,myLGNet,00:01:36:2d:ea:4c,-88,3,ET
1472565730911089,SK_WLAN,00:27:1c:08:41:16,-91,3,ET
1472565730911089,SK_WiFiD942,00:23:aa:3d:d9:41,-94,3,ET
1472565730911089,ichigo-2,90:9f:33:6d:8e:b6,-94,3,ET
1472565742941898,pplt325,00:26:66:d0:c4:dc,-70,3,ET
1472565742941898,U+Net40B1,00:27:1c:ea:40:af,-78,3,ET
1472565742941898,myLGNet,00:01:36:2d:ea:4c,-89,3,ET
1472565742941898,kms,00:26:66:76:37:9c,-89,3,ET
1472565742941898,SK_WLAN,00:27:1c:08:41:16,-90,3,ET
1472565742941898,ichigo-2,90:9f:33:6d:8e:b6,-94,3,ET
1472565750931938,pplt325,00:26:66:d0:c4:dc,-69,3,ET
1472565750931938,U+Net40B1,00:27:1c:ea:40:af,-75,3,ET
1472565750931938,myLGNet,00:01:36:2d:ea:4c,-86,3,ET
1472565750931938,SK_WLAN,00:27:1c:08:41:16,-88,3,ET
1472565750931938,kms,00:26:66:76:37:9c,-89,3,ET
1472565762953062,pplt325,00:26:66:d0:c4:dc,-70,3,ET
1472565762953062,U+Net40B1,00:27:1c:ea:40:af,-77,3,ET
1472565762953062,kms,00:26:66:76:37:9c,-88,3,ET
1472565762953062,myLGNet,00:01:36:2d:ea:4c,-88,3,ET
1472565762953062,SK_WLAN,00:27:1c:08:41:16,-91,3,ET
1472565770933251,pplt325,00:26:66:d0:c4:dc,-70,3,ET
1472565770933251,U+Net40B1,00:27:1c:ea:40:af,-77,3,ET
1472565770933251,myLGNet,00:01:36:2d:ea:4c,-87,3,ET
1472565770933251,kms,00:26:66:76:37:9c,-90,3,ET
1472565770933251,SK_WLAN,00:27:1c:08:41:16,-91,3,ET
1472565782951634,pplt325,00:26:66:d0:c4:dc,-68,3,ET
1472565782951634,U+Net40B1,00:27:1c:ea:40:af,-77,3,ET
1472565782951634,myLGNet,00:01:36:2d:ea:4c,-88,3,ET
1472565782951634,kms,00:26:66:76:37:9c,-88,3,ET
1472565782951634,SK_WLAN,00:27:1c:08:41:16,-89,3,ET
1472565790927367,pplt325,00:26:66:d0:c4:dc,-69,3,ET
1472565790927367,U+Net40B1,00:27:1c:ea:40:af,-76,3,ET
1472565790927367,kms,00:26:66:76:37:9c,-88,3,ET
1472565790927367,SK_WLAN,00:27:1c:08:41:16,-88,3,ET
1472565790927367,myLGNet,00:01:36:2d:ea:4c,-90,3,ET
1472565802924868,pplt325,00:26:66:d0:c4:dc,-68,3,ET
1472565802924868,U+Net40B1,00:27:1c:ea:40:af,-86,3,ET
1472565802924868,kms,00:26:66:76:37:9c,-86,3,ET
1472565802924868,myLGNet,00:01:36:2d:ea:4c,-89,3,ET
1472565802924868,SK_WLAN,00:27:1c:08:41:16,-91,3,ET
1472565810910881,pplt325,00:26:66:d0:c4:dc,-70,3,ET
1472565810910881,U+Net40B1,00:27:1c:ea:40:af,-86,3,ET
1472565810910881,kms,00:26:66:76:37:9c,-87,3,ET
1472565810910881,myLGNet,00:01:36:2d:ea:4c,-89,3,ET
1472565810910881,SK_WLAN,00:27:1c:08:41:16,-90,3,ET
1472565822936310,pplt325,00:26:66:d0:c4:dc,-69,3,ET
1472565822936310,U+Net40B1,00:27:1c:ea:40:af,-78,3,ET
1472565822936310,kms,00:26:66:76:37:9c,-85,3,ET
1472565822936310,SK_WLAN,00:27:1c:08:41:16,-88,3,ET
1472565830918213,pplt325,00:26:66:d0:c4:dc,-70,3,ET
1472565830918213,U+Net40B1,00:27:1c:ea:40:af,-76,3,ET
1472565830918213,kms,00:26:66:76:37:9c,-89,3,ET
1472565830918213,myLGNet,00:01:36:2d:ea:4c,-89,3,ET
1472565830918213,SK_WLAN,00:27:1c:08:41:16,-90,3,ET
1472565842931446,pplt325,00:26:66:d0:c4:dc,-69,3,ET
1472565842931446,U+Net40B1,00:27:1c:ea:40:af,-76,3,ET
1472565842931446,myLGNet,00:01:36:2d:ea:4c,-87,3,ET
1472565842931446,kms,00:26:66:76:37:9c,-87,3,ET
1472565842931446,SK_WLAN,00:27:1c:08:41:16,-89,3,ET
1472565850937134,pplt325,00:26:66:d0:c4:dc,-67,3,ET
1472565850937134,U+Net40B1,00:27:1c:ea:40:af,-76,3,ET
1472565850937134,kms,00:26:66:76:37:9c,-86,3,ET
1472565850937134,myLGNet,00:01:36:2d:ea:4c,-88,3,ET
1472565850937134,SK_WLAN,00:27:1c:08:41:16,-89,3,ET
1472565862993280,pplt325,00:26:66:d0:c4:dc,-78,3,ET
1472565862993280,U+Net40B1,00:27:1c:ea:40:af,-77,3,ET
1472565862993280,kms,00:26:66:76:37:9c,-86,3,ET
1472565862993280,myLGNet,00:01:36:2d:ea:4c,-88,3,ET
1472565862993280,SK_WLAN,00:27:1c:08:41:16,-89,3,ET
1472565870925963,pplt325,00:26:66:d0:c4:dc,-69,3,ET
1472565870925963,U+Net40B1,00:27:1c:ea:40:af,-76,3,ET
1472565870925963,myLGNet,00:01:36:2d:ea:4c,-85,3,ET
1472565870925963,kms,00:26:66:76:37:9c,-89,3,ET
1472565870925963,SK_WLAN,00:27:1c:08:41:16,-89,3,ET
1472565882935337,pplt325,00:26:66:d0:c4:dc,-71,3,ET
1472565882935337,U+Net40B1,00:27:1c:ea:40:af,-76,3,ET
1472565882935337,myLGNet,00:01:36:2d:ea:4c,-85,3,ET
1472565882935337,kms,00:26:66:76:37:9c,-85,3,ET
1472565882935337,SK_WLAN,00:27:1c:08:41:16,-90,3,ET
1472565882935337,DR500GW-E01558,00:25:42:e0:15:58,-91,3,ET
1472565890850186,pplt325,00:26:66:d0:c4:dc,-69,3,ET
1472565890850186,U+Net40B1,00:27:1c:ea:40:af,-76,3,ET
1472565890850186,kms,00:26:66:76:37:9c,-86,3,ET
1472565890850186,myLGNet,00:01:36:2d:ea:4c,-86,3,ET
1472565890850186,SK_WLAN,00:27:1c:08:41:16,-89,3,ET
1472565890850186,DR500GW-E01558,00:25:42:e0:15:58,-94,3,ET
1472565903006306,pplt325,00:26:66:d0:c4:dc,-70,3,ET
1472565903006306,U+Net40B1,00:27:1c:ea:40:af,-76,3,ET
1472565903006306,kms,00:26:66:76:37:9c,-86,3,ET
1472565903006306,SK_WLAN,00:27:1c:08:41:16,-88,3,ET
1472565903006306,myLGNet,00:01:36:2d:ea:4c,-90,3,ET
1472565903006306,DR500GW-E01558,00:25:42:e0:15:58,-94,3,ET
1472565910934295,pplt325,00:26:66:d0:c4:dc,-71,3,ET
1472565910934295,U+Net40B1,00:27:1c:ea:40:af,-76,3,ET
1472565910934295,kms,00:26:66:76:37:9c,-84,3,ET
1472565910934295,myLGNet,00:01:36:2d:ea:4c,-85,3,ET
1472565910934295,SK_WLAN,00:27:1c:08:41:16,-88,3,ET
1472565922978136,pplt325,00:26:66:d0:c4:dc,-70,3,ET
1472565922978136,U+Net40B1,00:27:1c:ea:40:af,-83,3,ET
1472565922978136,kms,00:26:66:76:37:9c,-85,3,ET
1472565922978136,myLGNet,00:01:36:2d:ea:4c,-85,3,ET
1472565922978136,SK_WLAN,00:27:1c:08:41:16,-90,3,ET
1472565922978136,ichigo-2,90:9f:33:6d:8e:b6,-95,3,ET
1472565930963951,pplt325,00:26:66:d0:c4:dc,-70,3,ET
1472565930963951,U+Net40B1,00:27:1c:ea:40:af,-83,3,ET
1472565930963951,myLGNet,00:01:36:2d:ea:4c,-85,3,ET
1472565930963951,kms,00:26:66:76:37:9c,-86,3,ET
1472565930963951,SK_WLAN,00:27:1c:08:41:16,-89,3,ET
1472565930963951,ichigo-2,90:9f:33:6d:8e:b6,-95,3,ET
1472565942882803,pplt325,00:26:66:d0:c4:dc,-69,3,ET
1472565942882803,U+Net40B1,00:27:1c:ea:40:af,-77,3,ET
1472565942882803,myLGNet,00:01:36:2d:ea:4c,-85,3,ET
1472565942882803,kms,00:26:66:76:37:9c,-87,3,ET
1472565942882803,SK_WLAN,00:27:1c:08:41:16,-90,3,ET
1472565950926391,pplt325,00:26:66:d0:c4:dc,-69,3,ET
1472565950926391,U+Net40B1,00:27:1c:ea:40:af,-85,3,ET
1472565950926391,myLGNet,00:01:36:2d:ea:4c,-86,3,ET
1472565950926391,kms,00:26:66:76:37:9c,-87,3,ET
1472565950926391,SK_WLAN,00:27:1c:08:41:16,-88,3,ET
1472565962958935,pplt325,00:26:66:d0:c4:dc,-69,3,ET
1472565962958935,kms,00:26:66:76:37:9c,-84,3,ET
1472565962958935,U+Net40B1,00:27:1c:ea:40:af,-85,3,ET
1472565962958935,myLGNet,00:01:36:2d:ea:4c,-85,3,ET
1472565962958935,SK_WLAN,00:27:1c:08:41:16,-93,3,ET
1472565970927770,pplt325,00:26:66:d0:c4:dc,-69,3,ET
1472565970927770,U+Net40B1,00:27:1c:ea:40:af,-84,3,ET
1472565970927770,kms,00:26:66:76:37:9c,-86,3,ET
1472565970927770,myLGNet,00:01:36:2d:ea:4c,-89,3,ET
1472565970927770,SK_WLAN,00:27:1c:08:41:16,-90,3,ET
1472565982903622,pplt325,00:26:66:d0:c4:dc,-70,3,ET
1472565982903622,U+Net40B1,00:27:1c:ea:40:af,-75,3,ET
1472565982903622,kms,00:26:66:76:37:9c,-85,3,ET
1472565982903622,myLGNet,00:01:36:2d:ea:4c,-88,3,ET
1472565982903622,SK_WLAN,00:27:1c:08:41:16,-89,3,ET
1472565990943646,pplt325,00:26:66:d0:c4:dc,-70,3,ET
1472565990943646,U+Net40B1,00:27:1c:ea:40:af,-83,3,ET
1472565990943646,myLGNet,00:01:36:2d:ea:4c,-87,3,ET
1472565990943646,kms,00:26:66:76:37:9c,-88,3,ET
1472565990943646,SK_WLAN,00:27:1c:08:41:16,-91,3,ET
1472566002927095,pplt325,00:26:66:d0:c4:dc,-70,3,ET
1472566002927095,U+Net40B1,00:27:1c:ea:40:af,-83,3,ET
1472566002927095,myLGNet,00:01:36:2d:ea:4c,-85,3,ET
1472566002927095,kms,00:26:66:76:37:9c,-85,3,ET
1472566002927095,SK_WLAN,00:27:1c:08:41:16,-93,3,ET
1472566010932555,pplt325,00:26:66:d0:c4:dc,-70,3,ET
1472566010932555,U+Net40B1,00:27:1c:ea:40:af,-78,3,ET
1472566010932555,kms,00:26:66:76:37:9c,-85,3,ET
1472566010932555,myLGNet,00:01:36:2d:ea:4c,-86,3,ET
1472566010932555,SK_WLAN,00:27:1c:08:41:16,-91,3,ET
1472566022928420,pplt325,00:26:66:d0:c4:dc,-71,3,ET
1472566022928420,U+Net40B1,00:27:1c:ea:40:af,-76,3,ET
1472566022928420,kms,00:26:66:76:37:9c,-85,3,ET
1472566022928420,myLGNet,00:01:36:2d:ea:4c,-87,3,ET
1472566022928420,SK_WLAN,00:27:1c:08:41:16,-89,3,ET
1472566022928420,ichigo-2,90:9f:33:6d:8e:b6,-93,3,ET
1472566030941675,pplt325,00:26:66:d0:c4:dc,-68,3,ET
1472566030941675,U+Net40B1,00:27:1c:ea:40:af,-83,3,ET
1472566030941675,myLGNet,00:01:36:2d:ea:4c,-85,3,ET
1472566030941675,kms,00:26:66:76:37:9c,-86,3,ET
1472566030941675,SK_WLAN,00:27:1c:08:41:16,-91,3,ET
1472566030941675,ichigo-2,90:9f:33:6d:8e:b6,-93,3,ET
1472566030941675,SK_WiFiD942,00:23:aa:3d:d9:41,-93,3,ET
1472566042917926,pplt325,00:26:66:d0:c4:dc,-73,3,ET
1472566042917926,myLGNet,00:01:36:2d:ea:4c,-85,3,ET
1472566042917926,U+Net40B1,00:27:1c:ea:40:af,-85,3,ET
1472566042917926,kms,00:26:66:76:37:9c,-86,3,ET
1472566042917926,SK_WLAN,00:27:1c:08:41:16,-91,3,ET
1472566042917926,SK_WiFiD942,00:23:aa:3d:d9:41,-93,3,ET
1472566050968141,pplt325,00:26:66:d0:c4:dc,-69,3,ET
1472566050968141,U+Net40B1,00:27:1c:ea:40:af,-77,3,ET
1472566050968141,myLGNet,00:01:36:2d:ea:4c,-88,3,ET
1472566050968141,SK_WLAN,00:27:1c:08:41:16,-91,3,ET
1472566050968141,kms,00:26:66:76:37:9c,-92,3,ET
1472566050968141,SK_WiFiD942,00:23:aa:3d:d9:41,-93,3,ET
1472566062955141,pplt325,00:26:66:d0:c4:dc,-70,3,ET
1472566062955141,myLGNet,00:01:36:2d:ea:4c,-87,3,ET
1472566062955141,SK_WLAN,00:27:1c:08:41:16,-88,3,ET
1472566062955141,kms,00:26:66:76:37:9c,-89,3,ET
1472566062955141,U+Net40B1,00:27:1c:ea:40:af,-91,3,ET
1472566070970417,pplt325,00:26:66:d0:c4:dc,-67,3,ET
1472566070970417,U+Net40B1,00:27:1c:ea:40:af,-79,3,ET
1472566070970417,myLGNet,00:01:36:2d:ea:4c,-88,3,ET
1472566070970417,SK_WLAN,00:27:1c:08:41:16,-88,3,ET
1472566070970417,kms,00:26:66:76:37:9c,-90,3,ET
1472566082920206,pplt325,00:26:66:d0:c4:dc,-65,3,ET
1472566082920206,U+Net40B1,00:27:1c:ea:40:af,-79,3,ET
1472566082920206,myLGNet,00:01:36:2d:ea:4c,-85,3,ET
1472566082920206,SK_WLAN,00:27:1c:08:41:16,-88,3,ET
1472566082920206,kms,00:26:66:76:37:9c,-92,3,ET
1472566090885095,pplt325,00:26:66:d0:c4:dc,-67,3,ET
1472566090885095,U+Net40B1,00:27:1c:ea:40:af,-80,3,ET
1472566090885095,myLGNet,00:01:36:2d:ea:4c,-85,3,ET
1472566090885095,SK_WLAN,00:27:1c:08:41:16,-88,3,ET
1472566090885095,kms,00:26:66:76:37:9c,-89,3,ET
1472566102917255,pplt325,00:26:66:d0:c4:dc,-68,3,ET
1472566102917255,U+Net40B1,00:27:1c:ea:40:af,-80,3,ET
1472566102917255,kms,00:26:66:76:37:9c,-89,3,ET
1472566102917255,myLGNet,00:01:36:2d:ea:4c,-89,3,ET
1472566102917255,SK_WLAN,00:27:1c:08:41:16,-91,3,ET
1472566102917255,ichigo-2,90:9f:33:6d:8e:b6,-94,3,ET
1472566110914483,pplt325,00:26:66:d0:c4:dc,-67,3,ET
1472566110914483,myLGNet,00:01:36:2d:ea:4c,-85,3,ET
1472566110914483,kms,00:26:66:76:37:9c,-87,3,ET
1472566110914483,SK_WLAN,00:27:1c:08:41:16,-90,3,ET
1472566110914483,ichigo-2,90:9f:33:6d:8e:b6,-94,3,ET
1472566122971528,pplt325,00:26:66:d0:c4:dc,-67,3,ET
1472566122971528,U+Net40B1,00:27:1c:ea:40:af,-77,3,ET
1472566122971528,myLGNet,00:01:36:2d:ea:4c,-87,3,ET
1472566122971528,kms,00:26:66:76:37:9c,-87,3,ET
1472566122971528,SK_WLAN,00:27:1c:08:41:16,-89,3,ET
1472566130981411,pplt325,00:26:66:d0:c4:dc,-67,3,ET
1472566130981411,U+Net40B1,00:27:1c:ea:40:af,-78,3,ET
1472566130981411,myLGNet,00:01:36:2d:ea:4c,-86,3,ET
1472566130981411,kms,00:26:66:76:37:9c,-88,3,ET
1472566130981411,SK_WLAN,00:27:1c:08:41:16,-92,3,ET
1472566142945127,pplt325,00:26:66:d0:c4:dc,-66,3,ET
1472566142945127,myLGNet,00:01:36:2d:ea:4c,-87,3,ET
1472566142945127,SK_WLAN,00:27:1c:08:41:16,-88,3,ET
1472566142945127,kms,00:26:66:76:37:9c,-89,3,ET
1472566142945127,U+Net40B1,00:27:1c:ea:40:af,-90,3,ET
1472566150958999,pplt325,00:26:66:d0:c4:dc,-67,3,ET
1472566150958999,myLGNet,00:01:36:2d:ea:4c,-87,3,ET
1472566150958999,U+Net40B1,00:27:1c:ea:40:af,-88,3,ET
1472566150958999,kms,00:26:66:76:37:9c,-89,3,ET
1472566150958999,SK_WLAN,00:27:1c:08:41:16,-90,3,ET
1472566162983678,pplt325,00:26:66:d0:c4:dc,-66,3,ET
1472566162983678,myLGNet,00:01:36:2d:ea:4c,-85,3,ET
1472566162983678,kms,00:26:66:76:37:9c,-89,3,ET
1472566162983678,SK_WLAN,00:27:1c:08:41:16,-89,3,ET
1472566162983678,U+Net40B1,00:27:1c:ea:40:af,-93,3,ET
1472566170912942,pplt325,00:26:66:d0:c4:dc,-67,3,ET
1472566170912942,myLGNet,00:01:36:2d:ea:4c,-84,3,ET
1472566170912942,kms,00:26:66:76:37:9c,-87,3,ET
1472566170912942,SK_WLAN,00:27:1c:08:41:16,-90,3,ET
1472566170912942,U+Net40B1,00:27:1c:ea:40:af,-90,3,ET
1472566182920732,pplt325,00:26:66:d0:c4:dc,-66,3,ET
1472566182920732,U+Net40B1,00:27:1c:ea:40:af,-78,3,ET
1472566182920732,myLGNet,00:01:36:2d:ea:4c,-84,3,ET
1472566182920732,kms,00:26:66:76:37:9c,-90,3,ET
1472566182920732,SK_WLAN,00:27:1c:08:41:16,-90,3,ET
1472566190881397,pplt325,00:26:66:d0:c4:dc,-66,3,ET
1472566190881397,U+Net40B1,00:27:1c:ea:40:af,-78,3,ET
1472566190881397,myLGNet,00:01:36:2d:ea:4c,-86,3,ET
1472566190881397,kms,00:26:66:76:37:9c,-90,3,ET
1472566190881397,SK_WLAN,00:27:1c:08:41:16,-93,3,ET
1472566202939956,pplt325,00:26:66:d0:c4:dc,-68,3,ET
1472566202939956,myLGNet,00:01:36:2d:ea:4c,-86,3,ET
1472566202939956,SK_WLAN,00:27:1c:08:41:16,-88,3,ET
1472566202939956,kms,00:26:66:76:37:9c,-89,3,ET
1472566202939956,U+Net40B1,00:27:1c:ea:40:af,-90,3,ET
1472566210916300,pplt325,00:26:66:d0:c4:dc,-67,3,ET
1472566210916300,myLGNet,00:01:36:2d:ea:4c,-84,3,ET
1472566210916300,U+Net40B1,00:27:1c:ea:40:af,-87,3,ET
1472566210916300,kms,00:26:66:76:37:9c,-88,3,ET
1472566210916300,SK_WLAN,00:27:1c:08:41:16,-90,3,ET
1472566222937206,pplt325,00:26:66:d0:c4:dc,-67,3,ET
1472566222937206,U+Net40B1,00:27:1c:ea:40:af,-80,3,ET
1472566222937206,myLGNet,00:01:36:2d:ea:4c,-85,3,ET
1472566222937206,SK_WLAN,00:27:1c:08:41:16,-88,3,ET
1472566222937206,kms,00:26:66:76:37:9c,-89,3,ET
1472566230912019,pplt325,00:26:66:d0:c4:dc,-68,3,ET
1472566230912019,U+Net40B1,00:27:1c:ea:40:af,-77,3,ET
1472566230912019,myLGNet,00:01:36:2d:ea:4c,-88,3,ET
1472566230912019,SK_WLAN,00:27:1c:08:41:16,-88,3,ET
1472566230912019,kms,00:26:66:76:37:9c,-91,3,ET
1472566242911606,pplt325,00:26:66:d0:c4:dc,-69,3,ET
1472566242911606,U+Net40B1,00:27:1c:ea:40:af,-80,3,ET
1472566242911606,myLGNet,00:01:36:2d:ea:4c,-88,3,ET
1472566242911606,kms,00:26:66:76:37:9c,-91,3,ET
1472566242911606,SK_WLAN,00:27:1c:08:41:16,-91,3,ET
1472566250938929,pplt325,00:26:66:d0:c4:dc,-67,3,ET
1472566250938929,myLGNet,00:01:36:2d:ea:4c,-85,3,ET
1472566250938929,U+Net40B1,00:27:1c:ea:40:af,-88,3,ET
1472566250938929,kms,00:26:66:76:37:9c,-91,3,ET
1472566250938929,SK_WLAN,00:27:1c:08:41:16,-91,3,ET
1472566262918921,pplt325,00:26:66:d0:c4:dc,-66,3,ET
1472566262918921,myLGNet,00:01:36:2d:ea:4c,-86,3,ET
1472566262918921,U+Net40B1,00:27:1c:ea:40:af,-86,3,ET
1472566262918921,SK_WLAN,00:27:1c:08:41:16,-88,3,ET
1472566270870198,pplt325,00:26:66:d0:c4:dc,-67,3,ET
1472566270870198,myLGNet,00:01:36:2d:ea:4c,-85,3,ET
1472566270870198,U+Net40B1,00:27:1c:ea:40:af,-88,3,ET
1472566270870198,SK_WLAN,00:27:1c:08:41:16,-89,3,ET
1472566270870198,kms,00:26:66:76:37:9c,-90,3,ET
1472566283019294,pplt325,00:26:66:d0:c4:dc,-67,3,ET
1472566283019294,U+Net40B1,00:27:1c:ea:40:af,-79,3,ET
1472566283019294,myLGNet,00:01:36:2d:ea:4c,-87,3,ET
1472566283019294,kms,00:26:66:76:37:9c,-90,3,ET
1472566283019294,SK_WLAN,00:27:1c:08:41:16,-91,3,ET
1472566290959379,pplt325,00:26:66:d0:c4:dc,-67,3,ET
1472566290959379,myLGNet,00:01:36:2d:ea:4c,-88,3,ET
1472566290959379,SK_WLAN,00:27:1c:08:41:16,-89,3,ET
1472566290959379,kms,00:26:66:76:37:9c,-89,3,ET
1472566290959379,U+Net40B1,00:27:1c:ea:40:af,-90,3,ET
1472566302944910,pplt325,00:26:66:d0:c4:dc,-66,3,ET
1472566302944910,myLGNet,00:01:36:2d:ea:4c,-86,3,ET
1472566302944910,U+Net40B1,00:27:1c:ea:40:af,-87,3,ET
1472566302944910,SK_WLAN,00:27:1c:08:41:16,-88,3,ET
1472566302944910,kms,00:26:66:76:37:9c,-89,3,ET
1472566310883341,pplt325,00:26:66:d0:c4:dc,-69,3,ET
1472566310883341,U+Net40B1,00:27:1c:ea:40:af,-76,3,ET
1472566310883341,myLGNet,00:01:36:2d:ea:4c,-85,3,ET
1472566310883341,SK_WLAN,00:27:1c:08:41:16,-86,3,ET
1472566310883341,kms,00:26:66:76:37:9c,-89,3,ET
1472566322916885,pplt325,00:26:66:d0:c4:dc,-65,3,ET
1472566322916885,U+Net40B1,00:27:1c:ea:40:af,-78,3,ET
1472566322916885,myLGNet,00:01:36:2d:ea:4c,-87,3,ET
1472566322916885,SK_WLAN,00:27:1c:08:41:16,-87,3,ET
1472566322916885,kms,00:26:66:76:37:9c,-90,3,ET
1472566330901284,pplt325,00:26:66:d0:c4:dc,-72,3,ET
1472566330901284,U+Net40B1,00:27:1c:ea:40:af,-79,3,ET
1472566330901284,myLGNet,00:01:36:2d:ea:4c,-87,3,ET
1472566330901284,SK_WLAN,00:27:1c:08:41:16,-88,3,ET
1472566330901284,kms,00:26:66:76:37:9c,-89,3,ET
1472566342936631,pplt325,00:26:66:d0:c4:dc,-65,3,ET
1472566342936631,U+Net40B1,00:27:1c:ea:40:af,-78,3,ET
1472566342936631,myLGNet,00:01:36:2d:ea:4c,-87,3,ET
1472566342936631,kms,00:26:66:76:37:9c,-88,3,ET
1472566342936631,SK_WLAN,00:27:1c:08:41:16,-89,3,ET
1472566350945733,pplt325,00:26:66:d0:c4:dc,-68,3,ET
1472566350945733,myLGNet,00:01:36:2d:ea:4c,-87,3,ET
1472566350945733,SK_WLAN,00:27:1c:08:41:16,-87,3,ET
1472566350945733,kms,00:26:66:76:37:9c,-88,3,ET
1472566350945733,U+Net40B1,00:27:1c:ea:40:af,-90,3,ET
1472566362938865,pplt325,00:26:66:d0:c4:dc,-66,3,ET
1472566362938865,U+Net40B1,00:27:1c:ea:40:af,-78,3,ET
1472566362938865,myLGNet,00:01:36:2d:ea:4c,-85,3,ET
1472566362938865,kms,00:26:66:76:37:9c,-87,3,ET
1472566362938865,SK_WLAN,00:27:1c:08:41:16,-88,3,ET
1472566370969364,pplt325,00:26:66:d0:c4:dc,-66,3,ET
1472566370969364,U+Net40B1,00:27:1c:ea:40:af,-77,3,ET
1472566370969364,myLGNet,00:01:36:2d:ea:4c,-85,3,ET
1472566370969364,kms,00:26:66:76:37:9c,-87,3,ET
1472566370969364,SK_WLAN,00:27:1c:08:41:16,-87,3,ET
1472566382888402,pplt325,00:26:66:d0:c4:dc,-67,3,ET
1472566382888402,U+Net40B1,00:27:1c:ea:40:af,-85,3,ET
1472566382888402,myLGNet,00:01:36:2d:ea:4c,-85,3,ET
1472566382888402,SK_WLAN,00:27:1c:08:41:16,-87,3,ET
1472566390905222,pplt325,00:26:66:d0:c4:dc,-66,3,ET
1472566390905222,U+Net40B1,00:27:1c:ea:40:af,-74,3,ET
1472566390905222,myLGNet,00:01:36:2d:ea:4c,-82,3,ET
1472566390905222,kms,00:26:66:76:37:9c,-86,3,ET
1472566390905222,SK_WLAN,00:27:1c:08:41:16,-86,3,ET
1472566402897123,pplt325,00:26:66:d0:c4:dc,-67,3,ET
1472566402897123,U+Net40B1,00:27:1c:ea:40:af,-76,3,ET
1472566402897123,myLGNet,00:01:36:2d:ea:4c,-85,3,ET
1472566402897123,kms,00:26:66:76:37:9c,-86,3,ET
1472566402897123,SK_WLAN,00:27:1c:08:41:16,-90,3,ET
1472566410916334,pplt325,00:26:66:d0:c4:dc,-66,3,ET
1472566410916334,U+Net40B1,00:27:1c:ea:40:af,-74,3,ET
1472566410916334,myLGNet,00:01:36:2d:ea:4c,-84,3,ET
1472566410916334,kms,00:26:66:76:37:9c,-88,3,ET
1472566410916334,SK_WLAN,00:27:1c:08:41:16,-89,3,ET
1472566423003222,pplt325,00:26:66:d0:c4:dc,-67,3,ET
1472566423003222,U+Net40B1,00:27:1c:ea:40:af,-75,3,ET
1472566423003222,myLGNet,00:01:36:2d:ea:4c,-85,3,ET
1472566423003222,kms,00:26:66:76:37:9c,-85,3,ET
1472566423003222,SK_WLAN,00:27:1c:08:41:16,-89,3,ET
1472566430934802,pplt325,00:26:66:d0:c4:dc,-68,3,ET
1472566430934802,kms,00:26:66:76:37:9c,-86,3,ET
1472566430934802,myLGNet,00:01:36:2d:ea:4c,-87,3,ET
1472566430934802,U+Net40B1,00:27:1c:ea:40:af,-87,3,ET
1472566430934802,SK_WLAN,00:27:1c:08:41:16,-88,3,ET
1472566442958891,pplt325,00:26:66:d0:c4:dc,-66,3,ET
1472566442958891,myLGNet,00:01:36:2d:ea:4c,-82,3,ET
1472566442958891,U+Net40B1,00:27:1c:ea:40:af,-84,3,ET
1472566442958891,kms,00:26:66:76:37:9c,-87,3,ET
1472566442958891,SK_WLAN,00:27:1c:08:41:16,-88,3,ET
1472566450928594,pplt325,00:26:66:d0:c4:dc,-68,3,ET
1472566450928594,U+Net40B1,00:27:1c:ea:40:af,-85,3,ET
1472566450928594,SK_WLAN,00:27:1c:08:41:16,-86,3,ET
1472566450928594,myLGNet,00:01:36:2d:ea:4c,-86,3,ET
1472566450928594,kms,00:26:66:76:37:9c,-88,3,ET
1472566462917934,pplt325,00:26:66:d0:c4:dc,-66,3,ET
1472566462917934,U+Net40B1,00:27:1c:ea:40:af,-76,3,ET
1472566462917934,myLGNet,00:01:36:2d:ea:4c,-86,3,ET
1472566462917934,kms,00:26:66:76:37:9c,-87,3,ET
1472566462917934,SK_WLAN,00:27:1c:08:41:16,-90,3,ET
1472566470925342,pplt325,00:26:66:d0:c4:dc,-67,3,ET
1472566470925342,myLGNet,00:01:36:2d:ea:4c,-85,3,ET
1472566470925342,U+Net40B1,00:27:1c:ea:40:af,-86,3,ET
1472566470925342,kms,00:26:66:76:37:9c,-87,3,ET
1472566470925342,SK_WLAN,00:27:1c:08:41:16,-87,3,ET
1472566482906613,pplt325,00:26:66:d0:c4:dc,-67,3,ET
1472566482906613,U+Net40B1,00:27:1c:ea:40:af,-77,3,ET
1472566482906613,myLGNet,00:01:36:2d:ea:4c,-86,3,ET
1472566482906613,kms,00:26:66:76:37:9c,-87,3,ET
1472566482906613,SK_WLAN,00:27:1c:08:41:16,-88,3,ET
1472566490914890,pplt325,00:26:66:d0:c4:dc,-66,3,ET
1472566490914890,myLGNet,00:01:36:2d:ea:4c,-86,3,ET
1472566490914890,kms,00:26:66:76:37:9c,-87,3,ET
1472566490914890,SK_WLAN,00:27:1c:08:41:16,-87,3,ET
1472566490914890,U+Net40B1,00:27:1c:ea:40:af,-87,3,ET
1472566503002652,pplt325,00:26:66:d0:c4:dc,-67,3,ET
1472566503002652,myLGNet,00:01:36:2d:ea:4c,-86,3,ET
1472566503002652,U+Net40B1,00:27:1c:ea:40:af,-86,3,ET
1472566503002652,kms,00:26:66:76:37:9c,-87,3,ET
1472566503002652,SK_WLAN,00:27:1c:08:41:16,-89,3,ET
1472566510934752,pplt325,00:26:66:d0:c4:dc,-67,3,ET
1472566510934752,myLGNet,00:01:36:2d:ea:4c,-80,3,ET
1472566510934752,U+Net40B1,00:27:1c:ea:40:af,-86,3,ET
1472566510934752,kms,00:26:66:76:37:9c,-87,3,ET
1472566510934752,SK_WLAN,00:27:1c:08:41:16,-90,3,ET
1472566522929085,pplt325,00:26:66:d0:c4:dc,-67,3,ET
1472566522929085,U+Net40B1,00:27:1c:ea:40:af,-76,3,ET
1472566522929085,myLGNet,00:01:36:2d:ea:4c,-86,3,ET
1472566522929085,kms,00:26:66:76:37:9c,-86,3,ET
1472566522929085,SK_WLAN,00:27:1c:08:41:16,-87,3,ET
1472566530894586,pplt325,00:26:66:d0:c4:dc,-66,3,ET
1472566530894586,myLGNet,00:01:36:2d:ea:4c,-84,3,ET
1472566530894586,U+Net40B1,00:27:1c:ea:40:af,-87,3,ET
1472566530894586,kms,00:26:66:76:37:9c,-88,3,ET
1472566530894586,SK_WLAN,00:27:1c:08:41:16,-92,3,ET
1472566542902255,pplt325,00:26:66:d0:c4:dc,-67,3,ET
1472566542902255,myLGNet,00:01:36:2d:ea:4c,-84,3,ET
1472566542902255,U+Net40B1,00:27:1c:ea:40:af,-86,3,ET
1472566542902255,SK_WLAN,00:27:1c:08:41:16,-88,3,ET
1472566542902255,kms,00:26:66:76:37:9c,-89,3,ET
1472566550900744,pplt325,00:26:66:d0:c4:dc,-66,3,ET
1472566550900744,U+Net40B1,00:27:1c:ea:40:af,-75,3,ET
1472566550900744,myLGNet,00:01:36:2d:ea:4c,-87,3,ET
1472566550900744,kms,00:26:66:76:37:9c,-87,3,ET
1472566550900744,SK_WLAN,00:27:1c:08:41:16,-89,3,ET
1472566562918094,pplt325,00:26:66:d0:c4:dc,-67,3,ET
1472566562918094,U+Net40B1,00:27:1c:ea:40:af,-85,3,ET
1472566562918094,myLGNet,00:01:36:2d:ea:4c,-85,3,ET
1472566562918094,SK_WLAN,00:27:1c:08:41:16,-86,3,ET
1472566562918094,kms,00:26:66:76:37:9c,-90,3,ET
1472566570923966,pplt325,00:26:66:d0:c4:dc,-67,3,ET
1472566570923966,U+Net40B1,00:27:1c:ea:40:af,-75,3,ET
1472566570923966,myLGNet,00:01:36:2d:ea:4c,-85,3,ET
1472566570923966,SK_WLAN,00:27:1c:08:41:16,-87,3,ET
1472566570923966,kms,00:26:66:76:37:9c,-89,3,ET
1472566582921880,pplt325,00:26:66:d0:c4:dc,-67,3,ET
1472566582921880,myLGNet,00:01:36:2d:ea:4c,-85,3,ET
1472566582921880,SK_WLAN,00:27:1c:08:41:16,-88,3,ET
1472566582921880,U+Net40B1,00:27:1c:ea:40:af,-88,3,ET
1472566582921880,kms,00:26:66:76:37:9c,-88,3,ET
1472566590931454,pplt325,00:26:66:d0:c4:dc,-68,3,ET
1472566590931454,myLGNet,00:01:36:2d:ea:4c,-85,3,ET
1472566590931454,U+Net40B1,00:27:1c:ea:40:af,-87,3,ET
1472566590931454,SK_WLAN,00:27:1c:08:41:16,-88,3,ET
1472566590931454,kms,00:26:66:76:37:9c,-91,3,ET
1472566602939101,pplt325,00:26:66:d0:c4:dc,-66,3,ET
1472566602939101,myLGNet,00:01:36:2d:ea:4c,-85,3,ET
1472566602939101,U+Net40B1,00:27:1c:ea:40:af,-88,3,ET
1472566602939101,kms,00:26:66:76:37:9c,-88,3,ET
1472566610916685,pplt325,00:26:66:d0:c4:dc,-67,3,ET
1472566610916685,U+Net40B1,00:27:1c:ea:40:af,-76,3,ET
1472566610916685,SK_WLAN,00:27:1c:08:41:16,-86,3,ET
1472566610916685,kms,00:26:66:76:37:9c,-89,3,ET
1472566622909103,pplt325,00:26:66:d0:c4:dc,-66,3,ET
1472566622909103,U+Net40B1,00:27:1c:ea:40:af,-81,3,ET
1472566622909103,SK_WLAN,00:27:1c:08:41:16,-87,3,ET
1472566622909103,myLGNet,00:01:36:2d:ea:4c,-87,3,ET
1472566622909103,kms,00:26:66:76:37:9c,-89,3,ET
1472566630916250,pplt325,00:26:66:d0:c4:dc,-66,3,ET
1472566630916250,U+Net40B1,00:27:1c:ea:40:af,-77,3,ET
1472566630916250,myLGNet,00:01:36:2d:ea:4c,-85,3,ET
1472566630916250,SK_WLAN,00:27:1c:08:41:16,-86,3,ET
1472566642958115,pplt325,00:26:66:d0:c4:dc,-66,3,ET
1472566642958115,U+Net40B1,00:27:1c:ea:40:af,-85,3,ET
1472566642958115,myLGNet,00:01:36:2d:ea:4c,-88,3,ET
1472566642958115,SK_WLAN,00:27:1c:08:41:16,-91,3,ET
1472566651005405,pplt325,00:26:66:d0:c4:dc,-67,3,ET
1472566651005405,U+Net40B1,00:27:1c:ea:40:af,-76,3,ET
1472566651005405,myLGNet,00:01:36:2d:ea:4c,-86,3,ET
1472566651005405,kms,00:26:66:76:37:9c,-88,3,ET
1472566651005405,SK_WLAN,00:27:1c:08:41:16,-89,3,ET
1472566663000642,pplt325,00:26:66:d0:c4:dc,-65,3,ET
1472566663000642,U+Net40B1,00:27:1c:ea:40:af,-86,3,ET
1472566663000642,myLGNet,00:01:36:2d:ea:4c,-86,3,ET
1472566663000642,kms,00:26:66:76:37:9c,-86,3,ET
1472566663000642,SK_WLAN,00:27:1c:08:41:16,-91,3,ET
1472566670954578,pplt325,00:26:66:d0:c4:dc,-66,3,ET
1472566670954578,U+Net40B1,00:27:1c:ea:40:af,-79,3,ET
1472566670954578,myLGNet,00:01:36:2d:ea:4c,-86,3,ET
1472566670954578,kms,00:26:66:76:37:9c,-88,3,ET
1472566670954578,SK_WLAN,00:27:1c:08:41:16,-91,3,ET
1472566682942194,pplt325,00:26:66:d0:c4:dc,-66,3,ET
1472566682942194,U+Net40B1,00:27:1c:ea:40:af,-79,3,ET
1472566682942194,myLGNet,00:01:36:2d:ea:4c,-83,3,ET
1472566682942194,kms,00:26:66:76:37:9c,-88,3,ET
1472566682942194,SK_WLAN,00:27:1c:08:41:16,-90,3,ET
1472566690927637,pplt325,00:26:66:d0:c4:dc,-69,3,ET
1472566690927637,U+Net40B1,00:27:1c:ea:40:af,-76,3,ET
1472566690927637,myLGNet,00:01:36:2d:ea:4c,-84,3,ET
1472566690927637,kms,00:26:66:76:37:9c,-86,3,ET
1472566690927637,SK_WLAN,00:27:1c:08:41:16,-87,3,ET
1472566702922245,pplt325,00:26:66:d0:c4:dc,-67,3,ET
1472566702922245,U+Net40B1,00:27:1c:ea:40:af,-76,3,ET
1472566702922245,myLGNet,00:01:36:2d:ea:4c,-83,3,ET
1472566702922245,kms,00:26:66:76:37:9c,-88,3,ET
1472566702922245,SK_WLAN,00:27:1c:08:41:16,-89,3,ET
1472566710919390,pplt325,00:26:66:d0:c4:dc,-66,3,ET
1472566710919390,myLGNet,00:01:36:2d:ea:4c,-83,3,ET
1472566710919390,kms,00:26:66:76:37:9c,-86,3,ET
1472566710919390,U+Net40B1,00:27:1c:ea:40:af,-87,3,ET
1472566710919390,SK_WLAN,00:27:1c:08:41:16,-88,3,ET
1472566722926574,pplt325,00:26:66:d0:c4:dc,-66,3,ET
1472566722926574,U+Net40B1,00:27:1c:ea:40:af,-78,3,ET
1472566722926574,myLGNet,00:01:36:2d:ea:4c,-84,3,ET
1472566722926574,SK_WLAN,00:27:1c:08:41:16,-91,3,ET
1472566722926574,kms,00:26:66:76:37:9c,-91,3,ET
1472566730909174,pplt325,00:26:66:d0:c4:dc,-67,3,ET
1472566730909174,U+Net40B1,00:27:1c:ea:40:af,-78,3,ET
1472566730909174,myLGNet,00:01:36:2d:ea:4c,-84,3,ET
1472566730909174,SK_WLAN,00:27:1c:08:41:16,-85,3,ET
1472566730909174,kms,00:26:66:76:37:9c,-87,3,ET
1472566742951786,pplt325,00:26:66:d0:c4:dc,-68,3,ET
1472566742951786,myLGNet,00:01:36:2d:ea:4c,-83,3,ET
1472566742951786,U+Net40B1,00:27:1c:ea:40:af,-85,3,ET
1472566742951786,kms,00:26:66:76:37:9c,-87,3,ET
1472566742951786,SK_WLAN,00:27:1c:08:41:16,-88,3,ET
1472566750938549,pplt325,00:26:66:d0:c4:dc,-67,3,ET
1472566750938549,myLGNet,00:01:36:2d:ea:4c,-83,3,ET
1472566750938549,U+Net40B1,00:27:1c:ea:40:af,-85,3,ET
1472566750938549,kms,00:26:66:76:37:9c,-91,3,ET
1472566750938549,SK_WLAN,00:27:1c:08:41:16,-94,3,ET
1472566762910491,pplt325,00:26:66:d0:c4:dc,-68,3,ET
1472566762910491,U+Net40B1,00:27:1c:ea:40:af,-79,3,ET
1472566762910491,myLGNet,00:01:36:2d:ea:4c,-85,3,ET
1472566762910491,SK_WLAN,00:27:1c:08:41:16,-87,3,ET
1472566762910491,kms,00:26:66:76:37:9c,-88,3,ET
1472566770956214,pplt325,00:26:66:d0:c4:dc,-68,3,ET
1472566770956214,U+Net40B1,00:27:1c:ea:40:af,-75,3,ET
1472566770956214,myLGNet,00:01:36:2d:ea:4c,-85,3,ET
1472566770956214,SK_WLAN,00:27:1c:08:41:16,-89,3,ET
1472566770956214,kms,00:26:66:76:37:9c,-92,3,ET
1472566782916972,pplt325,00:26:66:d0:c4:dc,-71,3,ET
1472566782916972,myLGNet,00:01:36:2d:ea:4c,-85,3,ET
1472566782916972,SK_WLAN,00:27:1c:08:41:16,-86,3,ET
1472566782916972,U+Net40B1,00:27:1c:ea:40:af,-87,3,ET
1472566782916972,kms,00:26:66:76:37:9c,-92,3,ET
1472566790914527,pplt325,00:26:66:d0:c4:dc,-71,3,ET
1472566790914527,myLGNet,00:01:36:2d:ea:4c,-85,3,ET
1472566790914527,U+Net40B1,00:27:1c:ea:40:af,-87,3,ET
1472566790914527,kms,00:26:66:76:37:9c,-88,3,ET
1472566790914527,SK_WLAN,00:27:1c:08:41:16,-89,3,ET
1472566802962279,pplt325,00:26:66:d0:c4:dc,-73,3,ET
1472566802962279,SK_WLAN,00:27:1c:08:41:16,-86,3,ET
1472566802962279,U+Net40B1,00:27:1c:ea:40:af,-88,3,ET
1472566802962279,kms,00:26:66:76:37:9c,-89,3,ET
1472566811012586,pplt325,00:26:66:d0:c4:dc,-72,3,ET
1472566811012586,myLGNet,00:01:36:2d:ea:4c,-86,3,ET
1472566811012586,kms,00:26:66:76:37:9c,-86,3,ET
1472566811012586,U+Net40B1,00:27:1c:ea:40:af,-88,3,ET
1472566811012586,SK_WLAN,00:27:1c:08:41:16,-89,3,ET
1472566822986708,pplt325,00:26:66:d0:c4:dc,-70,3,ET
1472566822986708,U+Net40B1,00:27:1c:ea:40:af,-79,3,ET
1472566822986708,myLGNet,00:01:36:2d:ea:4c,-84,3,ET
1472566822986708,SK_WLAN,00:27:1c:08:41:16,-86,3,ET
1472566822986708,kms,00:26:66:76:37:9c,-89,3,ET
1472566830894936,pplt325,00:26:66:d0:c4:dc,-69,3,ET
1472566830894936,myLGNet,00:01:36:2d:ea:4c,-84,3,ET
1472566830894936,U+Net40B1,00:27:1c:ea:40:af,-86,3,ET
1472566830894936,kms,00:26:66:76:37:9c,-89,3,ET
1472566830894936,SK_WLAN,00:27:1c:08:41:16,-89,3,ET
1472566842893693,pplt325,00:26:66:d0:c4:dc,-69,3,ET
1472566842893693,SK_WLAN,00:27:1c:08:41:16,-88,3,ET
1472566842893693,kms,00:26:66:76:37:9c,-89,3,ET
1472566842893693,U+Net40B1,00:27:1c:ea:40:af,-91,3,ET
1472566850934929,pplt325,00:26:66:d0:c4:dc,-70,3,ET
1472566850934929,myLGNet,00:01:36:2d:ea:4c,-85,3,ET
1472566850934929,SK_WLAN,00:27:1c:08:41:16,-86,3,ET
1472566850934929,U+Net40B1,00:27:1c:ea:40:af,-88,3,ET
1472566850934929,kms,00:26:66:76:37:9c,-90,3,ET
1472566862963056,pplt325,00:26:66:d0:c4:dc,-69,3,ET
1472566862963056,U+Net40B1,00:27:1c:ea:40:af,-78,3,ET
1472566862963056,myLGNet,00:01:36:2d:ea:4c,-87,3,ET
1472566862963056,SK_WLAN,00:27:1c:08:41:16,-88,3,ET
1472566862963056,kms,00:26:66:76:37:9c,-91,3,ET
1472566870927475,pplt325,00:26:66:d0:c4:dc,-67,3,ET
1472566870927475,U+Net40B1,00:27:1c:ea:40:af,-78,3,ET
1472566870927475,myLGNet,00:01:36:2d:ea:4c,-87,3,ET
1472566870927475,kms,00:26:66:76:37:9c,-88,3,ET
1472566870927475,SK_WLAN,00:27:1c:08:41:16,-90,3,ET
1472566882934882,pplt325,00:26:66:d0:c4:dc,-67,3,ET
1472566882934882,U+Net40B1,00:27:1c:ea:40:af,-78,3,ET
1472566882934882,myLGNet,00:01:36:2d:ea:4c,-87,3,ET
1472566882934882,SK_WLAN,00:27:1c:08:41:16,-88,3,ET
1472566882934882,kms,00:26:66:76:37:9c,-91,3,ET
1472566890945002,pplt325,00:26:66:d0:c4:dc,-70,3,ET
1472566890945002,U+Net40B1,00:27:1c:ea:40:af,-84,3,ET
1472566890945002,myLGNet,00:01:36:2d:ea:4c,-87,3,ET
1472566890945002,SK_WLAN,00:27:1c:08:41:16,-89,3,ET
1472566890945002,kms,00:26:66:76:37:9c,-91,3,ET
1472566902896839,pplt325,00:26:66:d0:c4:dc,-71,3,ET
1472566902896839,U+Net40B1,00:27:1c:ea:40:af,-82,3,ET
1472566902896839,myLGNet,00:01:36:2d:ea:4c,-87,3,ET
1472566902896839,kms,00:26:66:76:37:9c,-89,3,ET
1472566902896839,SK_WLAN,00:27:1c:08:41:16,-91,3,ET
1472566910922903,pplt325,00:26:66:d0:c4:dc,-69,3,ET
1472566910922903,U+Net40B1,00:27:1c:ea:40:af,-78,3,ET
1472566910922903,myLGNet,00:01:36:2d:ea:4c,-86,3,ET
1472566910922903,kms,00:26:66:76:37:9c,-89,3,ET
1472566910922903,SK_WLAN,00:27:1c:08:41:16,-90,3,ET
1472566922940277,pplt325,00:26:66:d0:c4:dc,-70,3,ET
1472566922940277,U+Net40B1,00:27:1c:ea:40:af,-79,3,ET
1472566922940277,myLGNet,00:01:36:2d:ea:4c,-84,3,ET
1472566922940277,kms,00:26:66:76:37:9c,-89,3,ET
1472566922940277,SK_WLAN,00:27:1c:08:41:16,-89,3,ET
1472566930915047,pplt325,00:26:66:d0:c4:dc,-68,3,ET
1472566930915047,U+Net40B1,00:27:1c:ea:40:af,-79,3,ET
1472566930915047,myLGNet,00:01:36:2d:ea:4c,-88,3,ET
1472566930915047,SK_WLAN,00:27:1c:08:41:16,-90,3,ET
1472566942913770,pplt325,00:26:66:d0:c4:dc,-72,3,ET
1472566942913770,U+Net40B1,00:27:1c:ea:40:af,-80,3,ET
1472566942913770,myLGNet,00:01:36:2d:ea:4c,-85,3,ET
1472566942913770,kms,00:26:66:76:37:9c,-88,3,ET
1472566942913770,SK_WLAN,00:27:1c:08:41:16,-92,3,ET
1472566950950231,pplt325,00:26:66:d0:c4:dc,-69,3,ET
1472566950950231,U+Net40B1,00:27:1c:ea:40:af,-76,3,ET
1472566950950231,myLGNet,00:01:36:2d:ea:4c,-86,3,ET
1472566950950231,kms,00:26:66:76:37:9c,-88,3,ET
1472566950950231,SK_WLAN,00:27:1c:08:41:16,-92,3,ET
1472566962985574,pplt325,00:26:66:d0:c4:dc,-70,3,ET
1472566962985574,U+Net40B1,00:27:1c:ea:40:af,-77,3,ET
1472566962985574,myLGNet,00:01:36:2d:ea:4c,-88,3,ET
1472566962985574,SK_WLAN,00:27:1c:08:41:16,-89,3,ET
1472566962985574,kms,00:26:66:76:37:9c,-90,3,ET
1472566962985574,ichigo-2,90:9f:33:6d:8e:b6,-94,3,ET
1472566970988907,pplt325,00:26:66:d0:c4:dc,-71,3,ET
1472566970988907,U+Net40B1,00:27:1c:ea:40:af,-81,3,ET
1472566970988907,kms,00:26:66:76:37:9c,-87,3,ET
1472566970988907,myLGNet,00:01:36:2d:ea:4c,-88,3,ET
1472566970988907,SK_WLAN,00:27:1c:08:41:16,-91,3,ET
1472566970988907,ichigo-2,90:9f:33:6d:8e:b6,-94,3,ET
1472566982901352,pplt325,00:26:66:d0:c4:dc,-74,3,ET
1472566982901352,U+Net40B1,00:27:1c:ea:40:af,-75,3,ET
1472566982901352,myLGNet,00:01:36:2d:ea:4c,-86,3,ET
1472566982901352,kms,00:26:66:76:37:9c,-88,3,ET
1472566982901352,SK_WLAN,00:27:1c:08:41:16,-91,3,ET
1472566990920735,pplt325,00:26:66:d0:c4:dc,-69,3,ET
1472566990920735,U+Net40B1,00:27:1c:ea:40:af,-84,3,ET
1472566990920735,myLGNet,00:01:36:2d:ea:4c,-85,3,ET
1472566990920735,kms,00:26:66:76:37:9c,-88,3,ET
1472566990920735,SK_WLAN,00:27:1c:08:41:16,-91,3,ET
1472566990920735,ichigo-2,90:9f:33:6d:8e:b6,-94,3,ET
1472567002919507,pplt325,00:26:66:d0:c4:dc,-70,3,ET
1472567002919507,myLGNet,00:01:36:2d:ea:4c,-85,3,ET
1472567002919507,U+Net40B1,00:27:1c:ea:40:af,-87,3,ET
1472567002919507,kms,00:26:66:76:37:9c,-90,3,ET
1472567002919507,SK_WLAN,00:27:1c:08:41:16,-91,3,ET
1472567002919507,ichigo-2,90:9f:33:6d:8e:b6,-94,3,ET
1472567010915800,pplt325,00:26:66:d0:c4:dc,-69,3,ET
1472567010915800,U+Net40B1,00:27:1c:ea:40:af,-85,3,ET
1472567010915800,myLGNet,00:01:36:2d:ea:4c,-88,3,ET
1472567010915800,SK_WLAN,00:27:1c:08:41:16,-89,3,ET
1472567010915800,kms,00:26:66:76:37:9c,-90,3,ET
1472567022938471,pplt325,00:26:66:d0:c4:dc,-67,3,ET
1472567022938471,U+Net40B1,00:27:1c:ea:40:af,-80,3,ET
1472567022938471,myLGNet,00:01:36:2d:ea:4c,-89,3,ET
1472567022938471,SK_WLAN,00:27:1c:08:41:16,-91,3,ET
1472567022938471,kms,00:26:66:76:37:9c,-92,3,ET
1472567030969231,pplt325,00:26:66:d0:c4:dc,-66,3,ET
1472567030969231,U+Net40B1,00:27:1c:ea:40:af,-84,3,ET
1472567030969231,myLGNet,00:01:36:2d:ea:4c,-89,3,ET
1472567030969231,SK_WLAN,00:27:1c:08:41:16,-89,3,ET
1472567030969231,ichigo-2,90:9f:33:6d:8e:b6,-91,3,ET
1472567030969231,kms,00:26:66:76:37:9c,-92,3,ET
1472567042931498,pplt325,00:26:66:d0:c4:dc,-70,3,ET
1472567042931498,U+Net40B1,00:27:1c:ea:40:af,-80,3,ET
1472567042931498,myLGNet,00:01:36:2d:ea:4c,-87,3,ET
1472567042931498,kms,00:26:66:76:37:9c,-87,3,ET
1472567042931498,SK_WLAN,00:27:1c:08:41:16,-89,3,ET
1472567042931498,ichigo-2,90:9f:33:6d:8e:b6,-91,3,ET
1472567050884625,pplt325,00:26:66:d0:c4:dc,-67,3,ET
1472567050884625,U+Net40B1,00:27:1c:ea:40:af,-78,3,ET
1472567050884625,myLGNet,00:01:36:2d:ea:4c,-87,3,ET
1472567050884625,kms,00:26:66:76:37:9c,-87,3,ET
1472567050884625,SK_WLAN,00:27:1c:08:41:16,-90,3,ET
1472567062910077,pplt325,00:26:66:d0:c4:dc,-70,3,ET
1472567062910077,U+Net40B1,00:27:1c:ea:40:af,-78,3,ET
1472567062910077,kms,00:26:66:76:37:9c,-88,3,ET
1472567062910077,myLGNet,00:01:36:2d:ea:4c,-88,3,ET
1472567062910077,SK_WLAN,00:27:1c:08:41:16,-91,3,ET
1472567070931760,pplt325,00:26:66:d0:c4:dc,-67,3,ET
1472567070931760,U+Net40B1,00:27:1c:ea:40:af,-76,3,ET
1472567070931760,myLGNet,00:01:36:2d:ea:4c,-88,3,ET
1472567070931760,SK_WLAN,00:27:1c:08:41:16,-88,3,ET
1472567070931760,kms,00:26:66:76:37:9c,-89,3,ET
1472567070931760,ichigo-2,90:9f:33:6d:8e:b6,-93,3,ET
1472567082928361,pplt325,00:26:66:d0:c4:dc,-69,3,ET
1472567082928361,U+Net40B1,00:27:1c:ea:40:af,-76,3,ET
1472567082928361,myLGNet,00:01:36:2d:ea:4c,-88,3,ET
1472567082928361,kms,00:26:66:76:37:9c,-89,3,ET
1472567082928361,SK_WLAN,00:27:1c:08:41:16,-90,3,ET
1472567082928361,ichigo-2,90:9f:33:6d:8e:b6,-93,3,ET
1472567090931785,pplt325,00:26:66:d0:c4:dc,-69,3,ET
1472567090931785,myLGNet,00:01:36:2d:ea:4c,-84,3,ET
1472567090931785,U+Net40B1,00:27:1c:ea:40:af,-88,3,ET
1472567090931785,SK_WLAN,00:27:1c:08:41:16,-88,3,ET
1472567090931785,kms,00:26:66:76:37:9c,-93,3,ET
1472567103003918,pplt325,00:26:66:d0:c4:dc,-65,3,ET
1472567103003918,U+Net40B1,00:27:1c:ea:40:af,-77,3,ET
1472567103003918,myLGNet,00:01:36:2d:ea:4c,-86,3,ET
1472567103003918,SK_WLAN,00:27:1c:08:41:16,-88,3,ET
1472567103003918,kms,00:26:66:76:37:9c,-93,3,ET
1472567110936362,pplt325,00:26:66:d0:c4:dc,-67,3,ET
1472567110936362,U+Net40B1,00:27:1c:ea:40:af,-78,3,ET
1472567110936362,myLGNet,00:01:36:2d:ea:4c,-84,3,ET
1472567110936362,SK_WLAN,00:27:1c:08:41:16,-89,3,ET
1472567122893212,pplt325,00:26:66:d0:c4:dc,-67,3,ET
1472567122893212,U+Net40B1,00:27:1c:ea:40:af,-76,3,ET
1472567122893212,myLGNet,00:01:36:2d:ea:4c,-85,3,ET
1472567122893212,SK_WLAN,00:27:1c:08:41:16,-88,3,ET
1472567130907343,pplt325,00:26:66:d0:c4:dc,-69,3,ET
1472567130907343,U+Net40B1,00:27:1c:ea:40:af,-76,3,ET
1472567130907343,myLGNet,00:01:36:2d:ea:4c,-88,3,ET
1472567130907343,SK_WLAN,00:27:1c:08:41:16,-90,3,ET
1472567142890095,pplt325,00:26:66:d0:c4:dc,-66,3,ET
1472567142890095,myLGNet,00:01:36:2d:ea:4c,-83,3,ET
1472567142890095,U+Net40B1,00:27:1c:ea:40:af,-84,3,ET
1472567142890095,SK_WLAN,00:27:1c:08:41:16,-88,3,ET
1472567142890095,kms,00:26:66:76:37:9c,-93,3,ET
1472567150911963,pplt325,00:26:66:d0:c4:dc,-66,3,ET
1472567150911963,U+Net40B1,00:27:1c:ea:40:af,-84,3,ET
1472567150911963,myLGNet,00:01:36:2d:ea:4c,-85,3,ET
1472567150911963,SK_WLAN,00:27:1c:08:41:16,-89,3,ET
1472567150911963,kms,00:26:66:76:37:9c,-92,3,ET
1472567162939292,pplt325,00:26:66:d0:c4:dc,-67,3,ET
1472567162939292,U+Net40B1,00:27:1c:ea:40:af,-77,3,ET
1472567162939292,myLGNet,00:01:36:2d:ea:4c,-85,3,ET
1472567162939292,SK_WLAN,00:27:1c:08:41:16,-89,3,ET
1472567162939292,kms,00:26:66:76:37:9c,-92,3,ET
1472567170934218,pplt325,00:26:66:d0:c4:dc,-67,3,ET
1472567170934218,U+Net40B1,00:27:1c:ea:40:af,-75,3,ET
1472567170934218,myLGNet,00:01:36:2d:ea:4c,-87,3,ET
1472567170934218,SK_WLAN,00:27:1c:08:41:16,-88,3,ET
1472567182940093,pplt325,00:26:66:d0:c4:dc,-70,3,ET
1472567182940093,U+Net40B1,00:27:1c:ea:40:af,-79,3,ET
1472567182940093,myLGNet,00:01:36:2d:ea:4c,-85,3,ET
1472567182940093,SK_WLAN,00:27:1c:08:41:16,-90,3,ET
1472567182940093,kms,00:26:66:76:37:9c,-91,3,ET
1472567190942890,pplt325,00:26:66:d0:c4:dc,-67,3,ET
1472567190942890,U+Net40B1,00:27:1c:ea:40:af,-78,3,ET
1472567190942890,myLGNet,00:01:36:2d:ea:4c,-84,3,ET
1472567190942890,SK_WLAN,00:27:1c:08:41:16,-89,3,ET
1472567190942890,kms,00:26:66:76:37:9c,-91,3,ET
1472567202990323,pplt325,00:26:66:d0:c4:dc,-65,3,ET
1472567202990323,U+Net40B1,00:27:1c:ea:40:af,-82,3,ET
1472567202990323,myLGNet,00:01:36:2d:ea:4c,-84,3,ET
1472567202990323,SK_WLAN,00:27:1c:08:41:16,-90,3,ET
1472567202990323,kms,00:26:66:76:37:9c,-91,3,ET
1472567210941361,pplt325,00:26:66:d0:c4:dc,-69,3,ET
1472567210941361,U+Net40B1,00:27:1c:ea:40:af,-82,3,ET
1472567210941361,myLGNet,00:01:36:2d:ea:4c,-86,3,ET
1472567210941361,SK_WLAN,00:27:1c:08:41:16,-89,3,ET
1472567210941361,SK_WiFiD942,00:23:aa:3d:d9:41,-95,3,ET
1472567222916876,pplt325,00:26:66:d0:c4:dc,-68,3,ET
1472567222916876,U+Net40B1,00:27:1c:ea:40:af,-77,3,ET
1472567222916876,myLGNet,00:01:36:2d:ea:4c,-84,3,ET
1472567222916876,SK_WLAN,00:27:1c:08:41:16,-89,3,ET
1472567222916876,kms,00:26:66:76:37:9c,-94,3,ET
1472567222916876,SK_WiFiD942,00:23:aa:3d:d9:41,-94,3,ET
1472567230925933,pplt325,00:26:66:d0:c4:dc,-70,3,ET
1472567230925933,U+Net40B1,00:27:1c:ea:40:af,-85,3,ET
1472567230925933,myLGNet,00:01:36:2d:ea:4c,-85,3,ET
1472567230925933,SK_WLAN,00:27:1c:08:41:16,-89,3,ET
1472567230925933,kms,00:26:66:76:37:9c,-90,3,ET
1472567230925933,SK_WiFiD942,00:23:aa:3d:d9:41,-94,3,ET
1472567242946435,pplt325,00:26:66:d0:c4:dc,-69,3,ET
1472567242946435,U+Net40B1,00:27:1c:ea:40:af,-76,3,ET
1472567242946435,myLGNet,00:01:36:2d:ea:4c,-84,3,ET
1472567242946435,SK_WLAN,00:27:1c:08:41:16,-90,3,ET
1472567242946435,kms,00:26:66:76:37:9c,-94,3,ET
1472567250959604,pplt325,00:26:66:d0:c4:dc,-69,3,ET
1472567250959604,U+Net40B1,00:27:1c:ea:40:af,-76,3,ET
1472567250959604,myLGNet,00:01:36:2d:ea:4c,-86,3,ET
1472567250959604,SK_WLAN,00:27:1c:08:41:16,-90,3,ET
1472567250959604,kms,00:26:66:76:37:9c,-93,3,ET
1472567262934971,pplt325,00:26:66:d0:c4:dc,-71,3,ET
1472567262934971,U+Net40B1,00:27:1c:ea:40:af,-76,3,ET
1472567262934971,myLGNet,00:01:36:2d:ea:4c,-86,3,ET
1472567262934971,SK_WLAN,00:27:1c:08:41:16,-89,3,ET
1472567262934971,kms,00:26:66:76:37:9c,-94,3,ET
1472567270881123,pplt325,00:26:66:d0:c4:dc,-69,3,ET
1472567270881123,myLGNet,00:01:36:2d:ea:4c,-83,3,ET
1472567270881123,U+Net40B1,00:27:1c:ea:40:af,-85,3,ET
1472567270881123,SK_WLAN,00:27:1c:08:41:16,-88,3,ET
1472567270881123,kms,00:26:66:76:37:9c,-94,3,ET
1472567282930892,pplt325,00:26:66:d0:c4:dc,-68,3,ET
1472567282930892,U+Net40B1,00:27:1c:ea:40:af,-83,3,ET
1472567282930892,myLGNet,00:01:36:2d:ea:4c,-86,3,ET
1472567282930892,SK_WLAN,00:27:1c:08:41:16,-89,3,ET
1472567282930892,kms,00:26:66:76:37:9c,-92,3,ET
1472567290931253,pplt325,00:26:66:d0:c4:dc,-69,3,ET
1472567290931253,U+Net40B1,00:27:1c:ea:40:af,-82,3,ET
1472567290931253,myLGNet,00:01:36:2d:ea:4c,-86,3,ET
1472567290931253,SK_WLAN,00:27:1c:08:41:16,-90,3,ET
1472567290931253,kms,00:26:66:76:37:9c,-92,3,ET
1472567302911098,pplt325,00:26:66:d0:c4:dc,-68,3,ET
1472567302911098,U+Net40B1,00:27:1c:ea:40:af,-85,3,ET
1472567302911098,SK_WLAN,00:27:1c:08:41:16,-87,3,ET
1472567302911098,myLGNet,00:01:36:2d:ea:4c,-88,3,ET
1472567310936888,pplt325,00:26:66:d0:c4:dc,-69,3,ET
1472567310936888,myLGNet,00:01:36:2d:ea:4c,-84,3,ET
1472567310936888,U+Net40B1,00:27:1c:ea:40:af,-85,3,ET
1472567310936888,kms,00:26:66:76:37:9c,-90,3,ET
1472567310936888,SK_WLAN,00:27:1c:08:41:16,-91,3,ET
1472567322938093,pplt325,00:26:66:d0:c4:dc,-68,3,ET
1472567322938093,U+Net40B1,00:27:1c:ea:40:af,-77,3,ET
1472567322938093,myLGNet,00:01:36:2d:ea:4c,-85,3,ET
1472567322938093,SK_WLAN,00:27:1c:08:41:16,-91,3,ET
1472567322938093,kms,00:26:66:76:37:9c,-92,3,ET
1472567330938560,pplt325,00:26:66:d0:c4:dc,-69,3,ET
1472567330938560,U+Net40B1,00:27:1c:ea:40:af,-78,3,ET
1472567330938560,myLGNet,00:01:36:2d:ea:4c,-82,3,ET
1472567330938560,SK_WLAN,00:27:1c:08:41:16,-88,3,ET
1472567330938560,kms,00:26:66:76:37:9c,-90,3,ET
1472567342922892,pplt325,00:26:66:d0:c4:dc,-70,3,ET
1472567342922892,U+Net40B1,00:27:1c:ea:40:af,-78,3,ET
1472567342922892,myLGNet,00:01:36:2d:ea:4c,-84,3,ET
1472567342922892,SK_WLAN,00:27:1c:08:41:16,-90,3,ET
1472567342922892,kms,00:26:66:76:37:9c,-90,3,ET
1472567350956960,pplt325,00:26:66:d0:c4:dc,-70,3,ET
1472567350956960,U+Net40B1,00:27:1c:ea:40:af,-79,3,ET
1472567350956960,myLGNet,00:01:36:2d:ea:4c,-87,3,ET
1472567350956960,SK_WLAN,00:27:1c:08:41:16,-91,3,ET
1472567350956960,kms,00:26:66:76:37:9c,-92,3,ET
1472567362883575,pplt325,00:26:66:d0:c4:dc,-71,3,ET
1472567362883575,U+Net40B1,00:27:1c:ea:40:af,-75,3,ET
1472567362883575,myLGNet,00:01:36:2d:ea:4c,-83,3,ET
1472567362883575,SK_WLAN,00:27:1c:08:41:16,-88,3,ET
1472567362883575,kms,00:26:66:76:37:9c,-91,3,ET
1472567370925241,pplt325,00:26:66:d0:c4:dc,-66,3,ET
1472567370925241,myLGNet,00:01:36:2d:ea:4c,-84,3,ET
1472567370925241,U+Net40B1,00:27:1c:ea:40:af,-87,3,ET
1472567370925241,SK_WLAN,00:27:1c:08:41:16,-87,3,ET
1472567370925241,kms,00:26:66:76:37:9c,-91,3,ET
1472567382956794,pplt325,00:26:66:d0:c4:dc,-68,3,ET
1472567382956794,U+Net40B1,00:27:1c:ea:40:af,-78,3,ET
1472567382956794,myLGNet,00:01:36:2d:ea:4c,-84,3,ET
1472567382956794,SK_WLAN,00:27:1c:08:41:16,-90,3,ET
1472567382956794,kms,00:26:66:76:37:9c,-93,3,ET
1472567390936977,pplt325,00:26:66:d0:c4:dc,-68,3,ET
1472567390936977,U+Net40B1,00:27:1c:ea:40:af,-78,3,ET
1472567390936977,myLGNet,00:01:36:2d:ea:4c,-86,3,ET
1472567390936977,kms,00:26:66:76:37:9c,-87,3,ET
1472567390936977,SK_WLAN,00:27:1c:08:41:16,-88,3,ET
1472567390936977,ichigo-2,90:9f:33:6d:8e:b6,-94,3,ET
1472567402937906,pplt325,00:26:66:d0:c4:dc,-69,3,ET
1472567402937906,myLGNet,00:01:36:2d:ea:4c,-83,3,ET
1472567402937906,U+Net40B1,00:27:1c:ea:40:af,-87,3,ET
1472567402937906,SK_WLAN,00:27:1c:08:41:16,-89,3,ET
1472567402937906,kms,00:26:66:76:37:9c,-91,3,ET
1472567402937906,ichigo-2,90:9f:33:6d:8e:b6,-94,3,ET
1472567410935707,pplt325,00:26:66:d0:c4:dc,-68,3,ET
1472567410935707,myLGNet,00:01:36:2d:ea:4c,-84,3,ET
1472567410935707,U+Net40B1,00:27:1c:ea:40:af,-88,3,ET
1472567410935707,SK_WLAN,00:27:1c:08:41:16,-90,3,ET
1472567410935707,kms,00:26:66:76:37:9c,-91,3,ET
1472567422898946,pplt325,00:26:66:d0:c4:dc,-67,3,ET
1472567422898946,SK_WLAN,00:27:1c:08:41:16,-87,3,ET
1472567422898946,myLGNet,00:01:36:2d:ea:4c,-88,3,ET
1472567422898946,U+Net40B1,00:27:1c:ea:40:af,-88,3,ET
1472567422898946,kms,00:26:66:76:37:9c,-89,3,ET
1472567430925999,pplt325,00:26:66:d0:c4:dc,-68,3,ET
1472567430925999,U+Net40B1,00:27:1c:ea:40:af,-79,3,ET
1472567430925999,myLGNet,00:01:36:2d:ea:4c,-86,3,ET
1472567430925999,kms,00:26:66:76:37:9c,-88,3,ET
1472567430925999,SK_WLAN,00:27:1c:08:41:16,-90,3,ET
1472567442912538,pplt325,00:26:66:d0:c4:dc,-67,3,ET
1472567442912538,U+Net40B1,00:27:1c:ea:40:af,-79,3,ET
1472567442912538,myLGNet,00:01:36:2d:ea:4c,-84,3,ET
1472567442912538,SK_WLAN,00:27:1c:08:41:16,-90,3,ET
1472567442912538,kms,00:26:66:76:37:9c,-91,3,ET
1472567450926333,pplt325,00:26:66:d0:c4:dc,-68,3,ET
1472567450926333,U+Net40B1,00:27:1c:ea:40:af,-78,3,ET
1472567450926333,myLGNet,00:01:36:2d:ea:4c,-83,3,ET
1472567450926333,SK_WLAN,00:27:1c:08:41:16,-87,3,ET
1472567450926333,kms,00:26:66:76:37:9c,-90,3,ET
1472567462933722,pplt325,00:26:66:d0:c4:dc,-67,3,ET
1472567462933722,myLGNet,00:01:36:2d:ea:4c,-84,3,ET
1472567462933722,SK_WLAN,00:27:1c:08:41:16,-87,3,ET
1472567462933722,kms,00:26:66:76:37:9c,-88,3,ET
1472567462933722,U+Net40B1,00:27:1c:ea:40:af,-88,3,ET
1472567462933722,SK_WiFiD942,00:23:aa:3d:d9:41,-92,3,ET
1472567470934619,pplt325,00:26:66:d0:c4:dc,-67,3,ET
1472567470934619,myLGNet,00:01:36:2d:ea:4c,-85,3,ET
1472567470934619,SK_WLAN,00:27:1c:08:41:16,-87,3,ET
1472567470934619,kms,00:26:66:76:37:9c,-88,3,ET
1472567470934619,U+Net40B1,00:27:1c:ea:40:af,-90,3,ET
1472567470934619,SK_WiFiD942,00:23:aa:3d:d9:41,-92,3,ET
1472567482949323,pplt325,00:26:66:d0:c4:dc,-67,3,ET
1472567482949323,myLGNet,00:01:36:2d:ea:4c,-83,3,ET
1472567482949323,SK_WLAN,00:27:1c:08:41:16,-86,3,ET
1472567482949323,U+Net40B1,00:27:1c:ea:40:af,-90,3,ET
1472567490921713,pplt325,00:26:66:d0:c4:dc,-67,3,ET
1472567490921713,SK_WLAN,00:27:1c:08:41:16,-84,3,ET
1472567490921713,myLGNet,00:01:36:2d:ea:4c,-86,3,ET
1472567490921713,kms,00:26:66:76:37:9c,-87,3,ET
1472567502930437,pplt325,00:26:66:d0:c4:dc,-67,3,ET
1472567502930437,U+Net40B1,00:27:1c:ea:40:af,-78,3,ET
1472567502930437,myLGNet,00:01:36:2d:ea:4c,-86,3,ET
1472567502930437,kms,00:26:66:76:37:9c,-86,3,ET
1472567502930437,SK_WLAN,00:27:1c:08:41:16,-88,3,ET
1472567510966255,pplt325,00:26:66:d0:c4:dc,-69,3,ET
1472567510966255,U+Net40B1,00:27:1c:ea:40:af,-76,3,ET
1472567510966255,SK_WLAN,00:27:1c:08:41:16,-85,3,ET
1472567510966255,myLGNet,00:01:36:2d:ea:4c,-88,3,ET
1472567510966255,kms,00:26:66:76:37:9c,-88,3,ET
1472567522933715,pplt325,00:26:66:d0:c4:dc,-67,3,ET
1472567522933715,myLGNet,00:01:36:2d:ea:4c,-84,3,ET
1472567522933715,kms,00:26:66:76:37:9c,-88,3,ET
1472567522933715,U+Net40B1,00:27:1c:ea:40:af,-88,3,ET
1472567522933715,SK_WLAN,00:27:1c:08:41:16,-92,3,ET
1472567530915470,pplt325,00:26:66:d0:c4:dc,-69,3,ET
1472567530915470,U+Net40B1,00:27:1c:ea:40:af,-77,3,ET
1472567530915470,myLGNet,00:01:36:2d:ea:4c,-84,3,ET
1472567530915470,SK_WLAN,00:27:1c:08:41:16,-88,3,ET
1472567530915470,kms,00:26:66:76:37:9c,-91,3,ET
1472567542981350,pplt325,00:26:66:d0:c4:dc,-67,3,ET
1472567542981350,myLGNet,00:01:36:2d:ea:4c,-82,3,ET
1472567542981350,U+Net40B1,00:27:1c:ea:40:af,-86,3,ET
1472567542981350,kms,00:26:66:76:37:9c,-89,3,ET
1472567542981350,SK_WLAN,00:27:1c:08:41:16,-91,3,ET
1472567550929148,pplt325,00:26:66:d0:c4:dc,-68,3,ET
1472567550929148,U+Net40B1,00:27:1c:ea:40:af,-78,3,ET
1472567550929148,myLGNet,00:01:36:2d:ea:4c,-83,3,ET
1472567550929148,SK_WLAN,00:27:1c:08:41:16,-88,3,ET
1472567550929148,kms,00:26:66:76:37:9c,-89,3,ET
1472567562927921,pplt325,00:26:66:d0:c4:dc,-66,3,ET
1472567562927921,U+Net40B1,00:27:1c:ea:40:af,-78,3,ET
1472567562927921,myLGNet,00:01:36:2d:ea:4c,-84,3,ET
1472567562927921,kms,00:26:66:76:37:9c,-88,3,ET
1472567562927921,SK_WLAN,00:27:1c:08:41:16,-90,3,ET
1472567562927921,ichigo-2,90:9f:33:6d:8e:b6,-95,3,ET
1472567570874280,pplt325,00:26:66:d0:c4:dc,-69,3,ET
1472567570874280,myLGNet,00:01:36:2d:ea:4c,-84,3,ET
1472567570874280,U+Net40B1,00:27:1c:ea:40:af,-88,3,ET
1472567570874280,kms,00:26:66:76:37:9c,-89,3,ET
1472567570874280,SK_WLAN,00:27:1c:08:41:16,-89,3,ET
1472567570874280,ichigo-2,90:9f:33:6d:8e:b6,-95,3,ET
1472567582923244,pplt325,00:26:66:d0:c4:dc,-66,3,ET
1472567582923244,myLGNet,00:01:36:2d:ea:4c,-85,3,ET
1472567582923244,U+Net40B1,00:27:1c:ea:40:af,-88,3,ET
1472567582923244,SK_WLAN,00:27:1c:08:41:16,-89,3,ET
1472567582923244,kms,00:26:66:76:37:9c,-90,3,ET
1472567591047223,pplt325,00:26:66:d0:c4:dc,-69,3,ET
1472567591047223,U+Net40B1,00:27:1c:ea:40:af,-79,3,ET
1472567591047223,myLGNet,00:01:36:2d:ea:4c,-84,3,ET
1472567591047223,SK_WLAN,00:27:1c:08:41:16,-89,3,ET
1472567591047223,kms,00:26:66:76:37:9c,-89,3,ET
1472567591047223,ichigo-2,90:9f:33:6d:8e:b6,-92,3,ET
1472567602901347,pplt325,00:26:66:d0:c4:dc,-66,3,ET
1472567602901347,U+Net40B1,00:27:1c:ea:40:af,-78,3,ET
1472567602901347,myLGNet,00:01:36:2d:ea:4c,-85,3,ET
1472567602901347,kms,00:26:66:76:37:9c,-88,3,ET
1472567602901347,SK_WLAN,00:27:1c:08:41:16,-89,3,ET
1472567602901347,ichigo-2,90:9f:33:6d:8e:b6,-92,3,ET
1472567610930749,pplt325,00:26:66:d0:c4:dc,-67,3,ET
1472567610930749,myLGNet,00:01:36:2d:ea:4c,-85,3,ET
1472567610930749,SK_WLAN,00:27:1c:08:41:16,-89,3,ET
1472567610930749,U+Net40B1,00:27:1c:ea:40:af,-89,3,ET
1472567610930749,kms,00:26:66:76:37:9c,-90,3,ET
1472567610930749,ichigo-2,90:9f:33:6d:8e:b6,-92,3,ET
1472567623006211,pplt325,00:26:66:d0:c4:dc,-66,3,ET
1472567623006211,U+Net40B1,00:27:1c:ea:40:af,-78,3,ET
1472567623006211,myLGNet,00:01:36:2d:ea:4c,-86,3,ET
1472567623006211,kms,00:26:66:76:37:9c,-88,3,ET
1472567630963082,pplt325,00:26:66:d0:c4:dc,-68,3,ET
1472567630963082,U+Net40B1,00:27:1c:ea:40:af,-79,3,ET
1472567630963082,myLGNet,00:01:36:2d:ea:4c,-86,3,ET
1472567630963082,SK_WLAN,00:27:1c:08:41:16,-86,3,ET
1472567630963082,kms,00:26:66:76:37:9c,-88,3,ET
1472567642925485,pplt325,00:26:66:d0:c4:dc,-66,3,ET
1472567642925485,myLGNet,00:01:36:2d:ea:4c,-85,3,ET
1472567642925485,kms,00:26:66:76:37:9c,-88,3,ET
1472567642925485,SK_WLAN,00:27:1c:08:41:16,-89,3,ET
1472567642925485,U+Net40B1,00:27:1c:ea:40:af,-91,3,ET
1472567650925158,pplt325,00:26:66:d0:c4:dc,-67,3,ET
1472567650925158,U+Net40B1,00:27:1c:ea:40:af,-78,3,ET
1472567650925158,myLGNet,00:01:36:2d:ea:4c,-85,3,ET
1472567650925158,SK_WLAN,00:27:1c:08:41:16,-87,3,ET
1472567650925158,kms,00:26:66:76:37:9c,-93,3,ET
1472567662861513,pplt325,00:26:66:d0:c4:dc,-71,3,ET
1472567662861513,U+Net40B1,00:27:1c:ea:40:af,-78,3,ET
1472567662861513,myLGNet,00:01:36:2d:ea:4c,-85,3,ET
1472567662861513,SK_WLAN,00:27:1c:08:41:16,-87,3,ET
1472567662861513,kms,00:26:66:76:37:9c,-93,3,ET
1472567670887519,pplt325,00:26:66:d0:c4:dc,-69,3,ET
1472567670887519,U+Net40B1,00:27:1c:ea:40:af,-81,3,ET
1472567670887519,myLGNet,00:01:36:2d:ea:4c,-84,3,ET
1472567670887519,SK_WLAN,00:27:1c:08:41:16,-91,3,ET
1472567670887519,kms,00:26:66:76:37:9c,-95,3,ET
1472567682918775,pplt325,00:26:66:d0:c4:dc,-71,3,ET
1472567682918775,U+Net40B1,00:27:1c:ea:40:af,-83,3,ET
1472567682918775,myLGNet,00:01:36:2d:ea:4c,-84,3,ET
1472567682918775,SK_WLAN,00:27:1c:08:41:16,-91,3,ET
1472567682918775,ichigo-2,90:9f:33:6d:8e:b6,-94,3,ET
1472567682918775,kms,00:26:66:76:37:9c,-95,3,ET
1472567690891346,pplt325,00:26:66:d0:c4:dc,-69,3,ET
1472567690891346,U+Net40B1,00:27:1c:ea:40:af,-83,3,ET
1472567690891346,myLGNet,00:01:36:2d:ea:4c,-84,3,ET
1472567690891346,SK_WLAN,00:27:1c:08:41:16,-91,3,ET
1472567690891346,ichigo-2,90:9f:33:6d:8e:b6,-94,3,ET
1472567690891346,kms,00:26:66:76:37:9c,-95,3,ET
1472567702945058,pplt325,00:26:66:d0:c4:dc,-68,3,ET
1472567702945058,U+Net40B1,00:27:1c:ea:40:af,-83,3,ET
1472567702945058,myLGNet,00:01:36:2d:ea:4c,-83,3,ET
1472567702945058,SK_WLAN,00:27:1c:08:41:16,-90,3,ET
1472567702945058,kms,00:26:66:76:37:9c,-93,3,ET
1472567702945058,ichigo-2,90:9f:33:6d:8e:b6,-93,3,ET
1472567710923546,pplt325,00:26:66:d0:c4:dc,-67,3,ET
1472567710923546,U+Net40B1,00:27:1c:ea:40:af,-83,3,ET
1472567710923546,myLGNet,00:01:36:2d:ea:4c,-84,3,ET
1472567710923546,SK_WLAN,00:27:1c:08:41:16,-90,3,ET
1472567710923546,kms,00:26:66:76:37:9c,-90,3,ET
1472567722910288,pplt325,00:26:66:d0:c4:dc,-67,3,ET
1472567722910288,U+Net40B1,00:27:1c:ea:40:af,-75,3,ET
1472567722910288,myLGNet,00:01:36:2d:ea:4c,-85,3,ET
1472567722910288,SK_WLAN,00:27:1c:08:41:16,-89,3,ET
1472567722910288,kms,00:26:66:76:37:9c,-92,3,ET
1472567730926525,pplt325,00:26:66:d0:c4:dc,-67,3,ET
1472567730926525,U+Net40B1,00:27:1c:ea:40:af,-77,3,ET
1472567730926525,myLGNet,00:01:36:2d:ea:4c,-84,3,ET
1472567730926525,SK_WLAN,00:27:1c:08:41:16,-88,3,ET
1472567730926525,kms,00:26:66:76:37:9c,-92,3,ET
1472567742920659,pplt325,00:26:66:d0:c4:dc,-71,3,ET
1472567742920659,U+Net40B1,00:27:1c:ea:40:af,-75,3,ET
1472567742920659,myLGNet,00:01:36:2d:ea:4c,-84,3,ET
1472567742920659,SK_WLAN,00:27:1c:08:41:16,-91,3,ET
1472567750930398,pplt325,00:26:66:d0:c4:dc,-66,3,ET
1472567750930398,U+Net40B1,00:27:1c:ea:40:af,-82,3,ET
1472567750930398,myLGNet,00:01:36:2d:ea:4c,-85,3,ET
1472567750930398,kms,00:26:66:76:37:9c,-89,3,ET
1472567750930398,SK_WLAN,00:27:1c:08:41:16,-89,3,ET
1472567762981935,pplt325,00:26:66:d0:c4:dc,-68,3,ET
1472567762981935,U+Net40B1,00:27:1c:ea:40:af,-77,3,ET
1472567762981935,myLGNet,00:01:36:2d:ea:4c,-84,3,ET
1472567762981935,SK_WLAN,00:27:1c:08:41:16,-90,3,ET
1472567762981935,kms,00:26:66:76:37:9c,-91,3,ET
1472567762981935,ichigo-2,90:9f:33:6d:8e:b6,-95,3,ET
1472567770969363,pplt325,00:26:66:d0:c4:dc,-67,3,ET
1472567770969363,U+Net40B1,00:27:1c:ea:40:af,-77,3,ET
1472567770969363,myLGNet,00:01:36:2d:ea:4c,-84,3,ET
1472567770969363,SK_WLAN,00:27:1c:08:41:16,-89,3,ET
1472567770969363,kms,00:26:66:76:37:9c,-90,3,ET
1472567770969363,ichigo-2,90:9f:33:6d:8e:b6,-95,3,ET
1472567782938243,pplt325,00:26:66:d0:c4:dc,-67,3,ET
1472567782938243,U+Net40B1,00:27:1c:ea:40:af,-80,3,ET
1472567782938243,myLGNet,00:01:36:2d:ea:4c,-82,3,ET
1472567782938243,SK_WLAN,00:27:1c:08:41:16,-89,3,ET
1472567782938243,kms,00:26:66:76:37:9c,-90,3,ET
1472567790897224,pplt325,00:26:66:d0:c4:dc,-68,3,ET
1472567790897224,U+Net40B1,00:27:1c:ea:40:af,-82,3,ET
1472567790897224,myLGNet,00:01:36:2d:ea:4c,-83,3,ET
1472567790897224,SK_WLAN,00:27:1c:08:41:16,-91,3,ET
1472567802915143,pplt325,00:26:66:d0:c4:dc,-66,3,ET
1472567802915143,U+Net40B1,00:27:1c:ea:40:af,-79,3,ET
1472567802915143,myLGNet,00:01:36:2d:ea:4c,-84,3,ET
1472567802915143,SK_WLAN,00:27:1c:08:41:16,-91,3,ET
1472567802915143,ichigo-2,90:9f:33:6d:8e:b6,-92,3,ET
1472567810912709,pplt325,00:26:66:d0:c4:dc,-69,3,ET
1472567810912709,U+Net40B1,00:27:1c:ea:40:af,-81,3,ET
1472567810912709,myLGNet,00:01:36:2d:ea:4c,-84,3,ET
1472567810912709,SK_WLAN,00:27:1c:08:41:16,-90,3,ET
1472567810912709,ichigo-2,90:9f:33:6d:8e:b6,-92,3,ET
1472567822920738,pplt325,00:26:66:d0:c4:dc,-68,3,ET
1472567822920738,U+Net40B1,00:27:1c:ea:40:af,-81,3,ET
1472567822920738,myLGNet,00:01:36:2d:ea:4c,-84,3,ET
1472567822920738,SK_WLAN,00:27:1c:08:41:16,-91,3,ET
1472567830918584,pplt325,00:26:66:d0:c4:dc,-70,3,ET
1472567830918584,U+Net40B1,00:27:1c:ea:40:af,-77,3,ET
1472567830918584,myLGNet,00:01:36:2d:ea:4c,-85,3,ET
1472567830918584,SK_WLAN,00:27:1c:08:41:16,-89,3,ET
1472567842937373,pplt325,00:26:66:d0:c4:dc,-67,3,ET
1472567842937373,U+Net40B1,00:27:1c:ea:40:af,-77,3,ET
1472567842937373,myLGNet,00:01:36:2d:ea:4c,-90,3,ET
1472567842937373,SK_WLAN,00:27:1c:08:41:16,-91,3,ET
1472567850945041,pplt325,00:26:66:d0:c4:dc,-70,3,ET
1472567850945041,U+Net40B1,00:27:1c:ea:40:af,-77,3,ET
1472567850945041,myLGNet,00:01:36:2d:ea:4c,-86,3,ET
1472567850945041,kms,00:26:66:76:37:9c,-91,3,ET
1472567850945041,SK_WLAN,00:27:1c:08:41:16,-92,3,ET
1472567862967081,pplt325,00:26:66:d0:c4:dc,-75,3,ET
1472567862967081,U+Net40B1,00:27:1c:ea:40:af,-75,3,ET
1472567862967081,myLGNet,00:01:36:2d:ea:4c,-84,3,ET
1472567862967081,SK_WLAN,00:27:1c:08:41:16,-90,3,ET
1472567862967081,kms,00:26:66:76:37:9c,-90,3,ET
1472567870913889,pplt325,00:26:66:d0:c4:dc,-69,3,ET
1472567870913889,U+Net40B1,00:27:1c:ea:40:af,-75,3,ET
1472567870913889,myLGNet,00:01:36:2d:ea:4c,-85,3,ET
1472567870913889,SK_WLAN,00:27:1c:08:41:16,-92,3,ET
1472567870913889,kms,00:26:66:76:37:9c,-93,3,ET
1472567882890996,pplt325,00:26:66:d0:c4:dc,-66,3,ET
1472567882890996,U+Net40B1,00:27:1c:ea:40:af,-83,3,ET
1472567882890996,myLGNet,00:01:36:2d:ea:4c,-86,3,ET
1472567882890996,SK_WLAN,00:27:1c:08:41:16,-90,3,ET
1472567882890996,kms,00:26:66:76:37:9c,-91,3,ET
1472567890882899,pplt325,00:26:66:d0:c4:dc,-68,3,ET
1472567890882899,U+Net40B1,00:27:1c:ea:40:af,-76,3,ET
1472567890882899,SK_WLAN,00:27:1c:08:41:16,-87,3,ET
1472567890882899,myLGNet,00:01:36:2d:ea:4c,-88,3,ET
1472567890882899,kms,00:26:66:76:37:9c,-94,3,ET
1472567902930956,pplt325,00:26:66:d0:c4:dc,-66,3,ET
1472567902930956,U+Net40B1,00:27:1c:ea:40:af,-78,3,ET
1472567902930956,myLGNet,00:01:36:2d:ea:4c,-83,3,ET
1472567902930956,SK_WLAN,00:27:1c:08:41:16,-91,3,ET
1472567902930956,kms,00:26:66:76:37:9c,-94,3,ET
1472567910925586,pplt325,00:26:66:d0:c4:dc,-68,3,ET
1472567910925586,myLGNet,00:01:36:2d:ea:4c,-83,3,ET
1472567910925586,U+Net40B1,00:27:1c:ea:40:af,-88,3,ET
1472567910925586,SK_WLAN,00:27:1c:08:41:16,-89,3,ET
1472567910925586,kms,00:26:66:76:37:9c,-91,3,ET
1472567922949351,pplt325,00:26:66:d0:c4:dc,-68,3,ET
1472567922949351,myLGNet,00:01:36:2d:ea:4c,-86,3,ET
1472567922949351,U+Net40B1,00:27:1c:ea:40:af,-88,3,ET
1472567922949351,SK_WLAN,00:27:1c:08:41:16,-90,3,ET
1472567922949351,kms,00:26:66:76:37:9c,-91,3,ET
1472567930993738,pplt325,00:26:66:d0:c4:dc,-69,3,ET
1472567930993738,myLGNet,00:01:36:2d:ea:4c,-84,3,ET
1472567930993738,U+Net40B1,00:27:1c:ea:40:af,-86,3,ET
1472567930993738,SK_WLAN,00:27:1c:08:41:16,-89,3,ET
1472567930993738,kms,00:26:66:76:37:9c,-90,3,ET
1472567943015788,pplt325,00:26:66:d0:c4:dc,-68,3,ET
1472567943015788,myLGNet,00:01:36:2d:ea:4c,-85,3,ET
1472567943015788,U+Net40B1,00:27:1c:ea:40:af,-86,3,ET
1472567943015788,SK_WLAN,00:27:1c:08:41:16,-88,3,ET
1472567943015788,kms,00:26:66:76:37:9c,-92,3,ET
1472567950799121,pplt325,00:26:66:d0:c4:dc,-69,3,ET
1472567950799121,myLGNet,00:01:36:2d:ea:4c,-85,3,ET
1472567950799121,U+Net40B1,00:27:1c:ea:40:af,-86,3,ET
1472567950799121,SK_WLAN,00:27:1c:08:41:16,-88,3,ET
1472567950799121,kms,00:26:66:76:37:9c,-92,3,ET
1472567962935822,pplt325,00:26:66:d0:c4:dc,-67,3,ET
1472567962935822,myLGNet,00:01:36:2d:ea:4c,-84,3,ET
1472567962935822,U+Net40B1,00:27:1c:ea:40:af,-87,3,ET
1472567962935822,SK_WLAN,00:27:1c:08:41:16,-88,3,ET
1472567962935822,kms,00:26:66:76:37:9c,-94,3,ET
1472567962935822,ichigo-2,90:9f:33:6d:8e:b6,-94,3,ET
1472567970914850,pplt325,00:26:66:d0:c4:dc,-65,3,ET
1472567970914850,myLGNet,00:01:36:2d:ea:4c,-84,3,ET
1472567970914850,SK_WLAN,00:27:1c:08:41:16,-89,3,ET
1472567970914850,U+Net40B1,00:27:1c:ea:40:af,-89,3,ET
1472567970914850,kms,00:26:66:76:37:9c,-94,3,ET
1472567970914850,ichigo-2,90:9f:33:6d:8e:b6,-94,3,ET
1472567982974886,pplt325,00:26:66:d0:c4:dc,-68,3,ET
1472567982974886,myLGNet,00:01:36:2d:ea:4c,-85,3,ET
1472567982974886,SK_WLAN,00:27:1c:08:41:16,-89,3,ET
1472567982974886,U+Net40B1,00:27:1c:ea:40:af,-89,3,ET
1472567990950793,pplt325,00:26:66:d0:c4:dc,-69,3,ET
1472567990950793,myLGNet,00:01:36:2d:ea:4c,-88,3,ET
1472567990950793,SK_WLAN,00:27:1c:08:41:16,-89,3,ET
1472567990950793,U+Net40B1,00:27:1c:ea:40:af,-89,3,ET
1472568002944426,pplt325,00:26:66:d0:c4:dc,-68,3,ET
1472568002944426,myLGNet,00:01:36:2d:ea:4c,-88,3,ET
1472568002944426,SK_WLAN,00:27:1c:08:41:16,-89,3,ET
1472568002944426,U+Net40B1,00:27:1c:ea:40:af,-89,3,ET
1472568002944426,kms,00:26:66:76:37:9c,-89,3,ET
1472568010943487,pplt325,00:26:66:d0:c4:dc,-67,3,ET
1472568010943487,U+Net40B1,00:27:1c:ea:40:af,-76,3,ET
1472568010943487,myLGNet,00:01:36:2d:ea:4c,-87,3,ET
1472568010943487,SK_WLAN,00:27:1c:08:41:16,-90,3,ET
1472568010943487,kms,00:26:66:76:37:9c,-91,3,ET
1472568022915856,pplt325,00:26:66:d0:c4:dc,-68,3,ET
1472568022915856,U+Net40B1,00:27:1c:ea:40:af,-76,3,ET
1472568022915856,myLGNet,00:01:36:2d:ea:4c,-87,3,ET
1472568022915856,kms,00:26:66:76:37:9c,-91,3,ET
1472568022915856,SK_WLAN,00:27:1c:08:41:16,-92,3,ET
1472568030925904,pplt325,00:26:66:d0:c4:dc,-67,3,ET
1472568030925904,myLGNet,00:01:36:2d:ea:4c,-86,3,ET
1472568030925904,kms,00:26:66:76:37:9c,-88,3,ET
1472568030925904,SK_WLAN,00:27:1c:08:41:16,-95,3,ET
1472568042985468,pplt325,00:26:66:d0:c4:dc,-69,3,ET
1472568042985468,U+Net40B1,00:27:1c:ea:40:af,-82,3,ET
1472568042985468,myLGNet,00:01:36:2d:ea:4c,-86,3,ET
1472568042985468,kms,00:26:66:76:37:9c,-87,3,ET
1472568042985468,SK_WLAN,00:27:1c:08:41:16,-92,3,ET
1472568050912697,pplt325,00:26:66:d0:c4:dc,-70,3,ET
1472568050912697,U+Net40B1,00:27:1c:ea:40:af,-82,3,ET
1472568050912697,kms,00:26:66:76:37:9c,-88,3,ET
1472568050912697,SK_WLAN,00:27:1c:08:41:16,-88,3,ET
1472568050912697,myLGNet,00:01:36:2d:ea:4c,-89,3,ET
1472568062927558,pplt325,00:26:66:d0:c4:dc,-69,3,ET
1472568062927558,U+Net40B1,00:27:1c:ea:40:af,-82,3,ET
1472568062927558,myLGNet,00:01:36:2d:ea:4c,-86,3,ET
1472568062927558,kms,00:26:66:76:37:9c,-89,3,ET
1472568062927558,SK_WLAN,00:27:1c:08:41:16,-89,3,ET
1472568071009415,pplt325,00:26:66:d0:c4:dc,-69,3,ET
1472568071009415,U+Net40B1,00:27:1c:ea:40:af,-75,3,ET
1472568071009415,myLGNet,00:01:36:2d:ea:4c,-86,3,ET
1472568071009415,kms,00:26:66:76:37:9c,-89,3,ET
1472568071009415,SK_WLAN,00:27:1c:08:41:16,-89,3,ET
1472568082900031,pplt325,00:26:66:d0:c4:dc,-69,3,ET
1472568082900031,U+Net40B1,00:27:1c:ea:40:af,-77,3,ET
1472568082900031,myLGNet,00:01:36:2d:ea:4c,-87,3,ET
1472568082900031,kms,00:26:66:76:37:9c,-88,3,ET
1472568082900031,SK_WLAN,00:27:1c:08:41:16,-92,3,ET
1472568090941224,pplt325,00:26:66:d0:c4:dc,-69,3,ET
1472568090941224,U+Net40B1,00:27:1c:ea:40:af,-80,3,ET
1472568090941224,myLGNet,00:01:36:2d:ea:4c,-86,3,ET
1472568090941224,kms,00:26:66:76:37:9c,-91,3,ET
1472568090941224,SK_WLAN,00:27:1c:08:41:16,-92,3,ET
1472568102919593,pplt325,00:26:66:d0:c4:dc,-69,3,ET
1472568102919593,U+Net40B1,00:27:1c:ea:40:af,-82,3,ET
1472568102919593,myLGNet,00:01:36:2d:ea:4c,-85,3,ET
1472568102919593,kms,00:26:66:76:37:9c,-91,3,ET
1472568102919593,SK_WLAN,00:27:1c:08:41:16,-91,3,ET
1472568110922321,pplt325,00:26:66:d0:c4:dc,-67,3,ET
1472568110922321,myLGNet,00:01:36:2d:ea:4c,-81,3,ET
1472568110922321,U+Net40B1,00:27:1c:ea:40:af,-84,3,ET
1472568110922321,SK_WLAN,00:27:1c:08:41:16,-86,3,ET
1472568110922321,kms,00:26:66:76:37:9c,-90,3,ET
1472568122929354,pplt325,00:26:66:d0:c4:dc,-67,3,ET
1472568122929354,myLGNet,00:01:36:2d:ea:4c,-81,3,ET
1472568122929354,U+Net40B1,00:27:1c:ea:40:af,-85,3,ET
1472568122929354,SK_WLAN,00:27:1c:08:41:16,-87,3,ET
1472568122929354,kms,00:26:66:76:37:9c,-90,3,ET
1472568130932172,pplt325,00:26:66:d0:c4:dc,-66,3,ET
1472568130932172,U+Net40B1,00:27:1c:ea:40:af,-77,3,ET
1472568130932172,myLGNet,00:01:36:2d:ea:4c,-85,3,ET
1472568130932172,SK_WLAN,00:27:1c:08:41:16,-93,3,ET
1472568142936016,pplt325,00:26:66:d0:c4:dc,-67,3,ET
1472568142936016,U+Net40B1,00:27:1c:ea:40:af,-78,3,ET
1472568142936016,myLGNet,00:01:36:2d:ea:4c,-85,3,ET
1472568142936016,kms,00:26:66:76:37:9c,-85,3,ET
1472568142936016,SK_WLAN,00:27:1c:08:41:16,-89,3,ET
1472568150964280,pplt325,00:26:66:d0:c4:dc,-67,3,ET
1472568150964280,myLGNet,00:01:36:2d:ea:4c,-84,3,ET
1472568150964280,kms,00:26:66:76:37:9c,-85,3,ET
1472568150964280,U+Net40B1,00:27:1c:ea:40:af,-86,3,ET
1472568150964280,SK_WLAN,00:27:1c:08:41:16,-88,3,ET
1472568162882560,pplt325,00:26:66:d0:c4:dc,-67,3,ET
1472568162882560,U+Net40B1,00:27:1c:ea:40:af,-73,3,ET
1472568162882560,myLGNet,00:01:36:2d:ea:4c,-83,3,ET
1472568162882560,kms,00:26:66:76:37:9c,-88,3,ET
1472568162882560,SK_WLAN,00:27:1c:08:41:16,-89,3,ET
1472568170928553,pplt325,00:26:66:d0:c4:dc,-67,3,ET
1472568170928553,U+Net40B1,00:27:1c:ea:40:af,-79,3,ET
1472568170928553,myLGNet,00:01:36:2d:ea:4c,-84,3,ET
1472568170928553,kms,00:26:66:76:37:9c,-88,3,ET
1472568170928553,SK_WLAN,00:27:1c:08:41:16,-89,3,ET
1472568182895792,pplt325,00:26:66:d0:c4:dc,-66,3,ET
1472568182895792,U+Net40B1,00:27:1c:ea:40:af,-75,3,ET
1472568182895792,myLGNet,00:01:36:2d:ea:4c,-85,3,ET
1472568182895792,SK_WLAN,00:27:1c:08:41:16,-87,3,ET
1472568182895792,kms,00:26:66:76:37:9c,-89,3,ET
1472568182895792,SK_WiFiD942,00:23:aa:3d:d9:41,-93,3,ET
1472568190915015,pplt325,00:26:66:d0:c4:dc,-65,3,ET
1472568190915015,U+Net40B1,00:27:1c:ea:40:af,-83,3,ET
1472568190915015,myLGNet,00:01:36:2d:ea:4c,-85,3,ET
1472568190915015,SK_WLAN,00:27:1c:08:41:16,-88,3,ET
1472568190915015,kms,00:26:66:76:37:9c,-88,3,ET
1472568190915015,SK_WiFiD942,00:23:aa:3d:d9:41,-93,3,ET
1472568202959096,pplt325,00:26:66:d0:c4:dc,-65,3,ET
1472568202959096,U+Net40B1,00:27:1c:ea:40:af,-82,3,ET
1472568202959096,myLGNet,00:01:36:2d:ea:4c,-86,3,ET
1472568202959096,kms,00:26:66:76:37:9c,-90,3,ET
1472568202959096,SK_WLAN,00:27:1c:08:41:16,-92,3,ET
1472568210927139,pplt325,00:26:66:d0:c4:dc,-67,3,ET
1472568210927139,U+Net40B1,00:27:1c:ea:40:af,-75,3,ET
1472568210927139,myLGNet,00:01:36:2d:ea:4c,-84,3,ET
1472568210927139,kms,00:26:66:76:37:9c,-91,3,ET
1472568210927139,SK_WLAN,00:27:1c:08:41:16,-92,3,ET
1472568222936834,pplt325,00:26:66:d0:c4:dc,-64,3,ET
1472568222936834,U+Net40B1,00:27:1c:ea:40:af,-77,3,ET
1472568222936834,myLGNet,00:01:36:2d:ea:4c,-84,3,ET
1472568222936834,SK_WLAN,00:27:1c:08:41:16,-86,3,ET
1472568222936834,kms,00:26:66:76:37:9c,-88,3,ET
1472568230948159,pplt325,00:26:66:d0:c4:dc,-69,3,ET
1472568230948159,U+Net40B1,00:27:1c:ea:40:af,-77,3,ET
1472568230948159,SK_WLAN,00:27:1c:08:41:16,-86,3,ET
1472568230948159,myLGNet,00:01:36:2d:ea:4c,-88,3,ET
1472568230948159,kms,00:26:66:76:37:9c,-89,3,ET
1472568242892779,pplt325,00:26:66:d0:c4:dc,-66,3,ET
1472568242892779,U+Net40B1,00:27:1c:ea:40:af,-75,3,ET
1472568242892779,myLGNet,00:01:36:2d:ea:4c,-86,3,ET
1472568242892779,SK_WLAN,00:27:1c:08:41:16,-88,3,ET
1472568242892779,kms,00:26:66:76:37:9c,-92,3,ET
1472568250931393,pplt325,00:26:66:d0:c4:dc,-67,3,ET
1472568250931393,U+Net40B1,00:27:1c:ea:40:af,-77,3,ET
1472568250931393,myLGNet,00:01:36:2d:ea:4c,-88,3,ET
1472568250931393,SK_WLAN,00:27:1c:08:41:16,-89,3,ET
1472568250931393,kms,00:26:66:76:37:9c,-91,3,ET
1472568262961483,pplt325,00:26:66:d0:c4:dc,-65,3,ET
1472568262961483,U+Net40B1,00:27:1c:ea:40:af,-78,3,ET
1472568262961483,myLGNet,00:01:36:2d:ea:4c,-88,3,ET
1472568262961483,SK_WLAN,00:27:1c:08:41:16,-90,3,ET
1472568262961483,kms,00:26:66:76:37:9c,-90,3,ET
1472568270923113,pplt325,00:26:66:d0:c4:dc,-66,3,ET
1472568270923113,U+Net40B1,00:27:1c:ea:40:af,-75,3,ET
1472568270923113,myLGNet,00:01:36:2d:ea:4c,-87,3,ET
1472568270923113,kms,00:26:66:76:37:9c,-89,3,ET
1472568270923113,SK_WLAN,00:27:1c:08:41:16,-90,3,ET
1472568282964740,pplt325,00:26:66:d0:c4:dc,-65,3,ET
1472568282964740,U+Net40B1,00:27:1c:ea:40:af,-84,3,ET
1472568282964740,myLGNet,00:01:36:2d:ea:4c,-88,3,ET
1472568282964740,kms,00:26:66:76:37:9c,-89,3,ET
1472568282964740,SK_WLAN,00:27:1c:08:41:16,-91,3,ET
1472568290938024,pplt325,00:26:66:d0:c4:dc,-64,3,ET
1472568290938024,U+Net40B1,00:27:1c:ea:40:af,-77,3,ET
1472568290938024,myLGNet,00:01:36:2d:ea:4c,-87,3,ET
1472568290938024,SK_WLAN,00:27:1c:08:41:16,-88,3,ET
1472568290938024,kms,00:26:66:76:37:9c,-89,3,ET
1472568302984127,pplt325,00:26:66:d0:c4:dc,-67,3,ET
1472568302984127,U+Net40B1,00:27:1c:ea:40:af,-77,3,ET
1472568302984127,myLGNet,00:01:36:2d:ea:4c,-88,3,ET
1472568302984127,SK_WLAN,00:27:1c:08:41:16,-90,3,ET
1472568302984127,kms,00:26:66:76:37:9c,-91,3,ET
1472568310997895,pplt325,00:26:66:d0:c4:dc,-66,3,ET
1472568310997895,U+Net40B1,00:27:1c:ea:40:af,-76,3,ET
1472568310997895,myLGNet,00:01:36:2d:ea:4c,-87,3,ET
1472568310997895,SK_WLAN,00:27:1c:08:41:16,-90,3,ET
1472568310997895,kms,00:26:66:76:37:9c,-92,3,ET
1472568322917914,pplt325,00:26:66:d0:c4:dc,-67,3,ET
1472568322917914,U+Net40B1,00:27:1c:ea:40:af,-84,3,ET
1472568322917914,myLGNet,00:01:36:2d:ea:4c,-87,3,ET
1472568322917914,SK_WLAN,00:27:1c:08:41:16,-90,3,ET
1472568322917914,kms,00:26:66:76:37:9c,-92,3,ET
1472568330922283,pplt325,00:26:66:d0:c4:dc,-68,3,ET
1472568330922283,U+Net40B1,00:27:1c:ea:40:af,-85,3,ET
1472568330922283,myLGNet,00:01:36:2d:ea:4c,-87,3,ET
1472568330922283,SK_WLAN,00:27:1c:08:41:16,-87,3,ET
1472568330922283,kms,00:26:66:76:37:9c,-90,3,ET
1472568330922283,SK_WiFiD942,00:23:aa:3d:d9:41,-91,3,ET
1472568342942165,pplt325,00:26:66:d0:c4:dc,-66,3,ET
1472568342942165,U+Net40B1,00:27:1c:ea:40:af,-77,3,ET
1472568342942165,myLGNet,00:01:36:2d:ea:4c,-87,3,ET
1472568342942165,SK_WLAN,00:27:1c:08:41:16,-89,3,ET
1472568342942165,SK_WiFiD942,00:23:aa:3d:d9:41,-91,3,ET
1472568342942165,kms,00:26:66:76:37:9c,-94,3,ET
1472568350930509,pplt325,00:26:66:d0:c4:dc,-69,3,ET
1472568350930509,U+Net40B1,00:27:1c:ea:40:af,-76,3,ET
1472568350930509,myLGNet,00:01:36:2d:ea:4c,-85,3,ET
1472568350930509,kms,00:26:66:76:37:9c,-90,3,ET
1472568350930509,SK_WLAN,00:27:1c:08:41:16,-93,3,ET
1472568362967098,pplt325,00:26:66:d0:c4:dc,-70,3,ET
1472568362967098,U+Net40B1,00:27:1c:ea:40:af,-78,3,ET
1472568362967098,myLGNet,00:01:36:2d:ea:4c,-86,3,ET
1472568362967098,SK_WLAN,00:27:1c:08:41:16,-89,3,ET
1472568362967098,kms,00:26:66:76:37:9c,-90,3,ET
1472568370949187,pplt325,00:26:66:d0:c4:dc,-70,3,ET
1472568370949187,U+Net40B1,00:27:1c:ea:40:af,-78,3,ET
1472568370949187,myLGNet,00:01:36:2d:ea:4c,-86,3,ET
1472568370949187,SK_WLAN,00:27:1c:08:41:16,-88,3,ET
1472568370949187,kms,00:26:66:76:37:9c,-88,3,ET
1472568370949187,SK_WiFiD942,00:23:aa:3d:d9:41,-89,3,ET
1472568382954640,pplt325,00:26:66:d0:c4:dc,-71,3,ET
1472568382954640,U+Net40B1,00:27:1c:ea:40:af,-82,3,ET
1472568382954640,myLGNet,00:01:36:2d:ea:4c,-86,3,ET
1472568382954640,kms,00:26:66:76:37:9c,-88,3,ET
1472568382954640,SK_WiFiD942,00:23:aa:3d:d9:41,-89,3,ET
1472568382954640,SK_WLAN,00:27:1c:08:41:16,-91,3,ET
1472568390923556,pplt325,00:26:66:d0:c4:dc,-69,3,ET
1472568390923556,U+Net40B1,00:27:1c:ea:40:af,-77,3,ET
1472568390923556,SK_WLAN,00:27:1c:08:41:16,-86,3,ET
1472568390923556,myLGNet,00:01:36:2d:ea:4c,-87,3,ET
1472568390923556,kms,00:26:66:76:37:9c,-92,3,ET
1472568402908664,pplt325,00:26:66:d0:c4:dc,-67,3,ET
1472568402908664,U+Net40B1,00:27:1c:ea:40:af,-79,3,ET
1472568402908664,kms,00:26:66:76:37:9c,-89,3,ET
1472568402908664,SK_WLAN,00:27:1c:08:41:16,-91,3,ET
1472568402908664,myLGNet,00:01:36:2d:ea:4c,-91,3,ET
1472568410929507,pplt325,00:26:66:d0:c4:dc,-71,3,ET
1472568410929507,U+Net40B1,00:27:1c:ea:40:af,-79,3,ET
1472568410929507,myLGNet,00:01:36:2d:ea:4c,-84,3,ET
1472568410929507,kms,00:26:66:76:37:9c,-87,3,ET
1472568410929507,SK_WLAN,00:27:1c:08:41:16,-88,3,ET
1472568410929507,SK_WiFiD942,00:23:aa:3d:d9:41,-94,3,ET
1472568422921514,pplt325,00:26:66:d0:c4:dc,-72,3,ET
1472568422921514,U+Net40B1,00:27:1c:ea:40:af,-82,3,ET
1472568422921514,myLGNet,00:01:36:2d:ea:4c,-84,3,ET
1472568422921514,kms,00:26:66:76:37:9c,-88,3,ET
1472568422921514,SK_WLAN,00:27:1c:08:41:16,-89,3,ET
1472568422921514,SK_WiFiD942,00:23:aa:3d:d9:41,-94,3,ET
1472568431009189,pplt325,00:26:66:d0:c4:dc,-68,3,ET
1472568431009189,U+Net40B1,00:27:1c:ea:40:af,-79,3,ET
1472568431009189,myLGNet,00:01:36:2d:ea:4c,-86,3,ET
1472568431009189,kms,00:26:66:76:37:9c,-89,3,ET
1472568431009189,SK_WLAN,00:27:1c:08:41:16,-90,3,ET
1472568442941681,pplt325,00:26:66:d0:c4:dc,-69,3,ET
1472568442941681,U+Net40B1,00:27:1c:ea:40:af,-76,3,ET
1472568442941681,myLGNet,00:01:36:2d:ea:4c,-86,3,ET
1472568442941681,kms,00:26:66:76:37:9c,-89,3,ET
1472568442941681,SK_WLAN,00:27:1c:08:41:16,-89,3,ET
1472568450912143,pplt325,00:26:66:d0:c4:dc,-71,3,ET
1472568450912143,U+Net40B1,00:27:1c:ea:40:af,-76,3,ET
1472568450912143,myLGNet,00:01:36:2d:ea:4c,-84,3,ET
1472568450912143,SK_WLAN,00:27:1c:08:41:16,-89,3,ET
1472568450912143,kms,00:26:66:76:37:9c,-90,3,ET
1472568462919846,pplt325,00:26:66:d0:c4:dc,-72,3,ET
1472568462919846,myLGNet,00:01:36:2d:ea:4c,-83,3,ET
1472568462919846,SK_WLAN,00:27:1c:08:41:16,-89,3,ET
1472568462919846,kms,00:26:66:76:37:9c,-90,3,ET
1472568462919846,SK_WiFiD942,00:23:aa:3d:d9:41,-92,3,ET
1472568470951089,pplt325,00:26:66:d0:c4:dc,-68,3,ET
1472568470951089,U+Net40B1,00:27:1c:ea:40:af,-79,3,ET
1472568470951089,myLGNet,00:01:36:2d:ea:4c,-85,3,ET
1472568470951089,SK_WLAN,00:27:1c:08:41:16,-89,3,ET
1472568470951089,kms,00:26:66:76:37:9c,-89,3,ET
1472568470951089,SK_WiFiD942,00:23:aa:3d:d9:41,-92,3,ET
1472568482941482,pplt325,00:26:66:d0:c4:dc,-67,3,ET
1472568482941482,U+Net40B1,00:27:1c:ea:40:af,-79,3,ET
1472568482941482,myLGNet,00:01:36:2d:ea:4c,-86,3,ET
1472568482941482,SK_WLAN,00:27:1c:08:41:16,-89,3,ET
1472568482941482,kms,00:26:66:76:37:9c,-89,3,ET
1472568490948090,pplt325,00:26:66:d0:c4:dc,-67,3,ET
1472568490948090,U+Net40B1,00:27:1c:ea:40:af,-77,3,ET
1472568490948090,myLGNet,00:01:36:2d:ea:4c,-85,3,ET
1472568490948090,SK_WLAN,00:27:1c:08:41:16,-89,3,ET
1472568490948090,kms,00:26:66:76:37:9c,-90,3,ET
1472568502896383,pplt325,00:26:66:d0:c4:dc,-66,3,ET
1472568502896383,myLGNet,00:01:36:2d:ea:4c,-85,3,ET
1472568502896383,U+Net40B1,00:27:1c:ea:40:af,-86,3,ET
1472568502896383,SK_WiFiD942,00:23:aa:3d:d9:41,-89,3,ET
1472568502896383,kms,00:26:66:76:37:9c,-90,3,ET
1472568502896383,SK_WLAN,00:27:1c:08:41:16,-92,3,ET
1472568510914208,pplt325,00:26:66:d0:c4:dc,-66,3,ET
1472568510914208,myLGNet,00:01:36:2d:ea:4c,-85,3,ET
1472568510914208,U+Net40B1,00:27:1c:ea:40:af,-86,3,ET
1472568510914208,kms,00:26:66:76:37:9c,-87,3,ET
1472568510914208,SK_WiFiD942,00:23:aa:3d:d9:41,-89,3,ET
1472568510914208,SK_WLAN,00:27:1c:08:41:16,-92,3,ET
1472568522949906,pplt325,00:26:66:d0:c4:dc,-68,3,ET
1472568522949906,myLGNet,00:01:36:2d:ea:4c,-83,3,ET
1472568522949906,kms,00:26:66:76:37:9c,-86,3,ET
1472568522949906,SK_WLAN,00:27:1c:08:41:16,-92,3,ET
1472568522949906,SK_WiFiD942,00:23:aa:3d:d9:41,-94,3,ET
1472568530959378,pplt325,00:26:66:d0:c4:dc,-68,3,ET
1472568530959378,U+Net40B1,00:27:1c:ea:40:af,-76,3,ET
1472568530959378,myLGNet,00:01:36:2d:ea:4c,-86,3,ET
1472568530959378,kms,00:26:66:76:37:9c,-86,3,ET
1472568530959378,SK_WLAN,00:27:1c:08:41:16,-92,3,ET
1472568530959378,SK_WiFiD942,00:23:aa:3d:d9:41,-94,3,ET
1472568542887325,pplt325,00:26:66:d0:c4:dc,-67,3,ET
1472568542887325,myLGNet,00:01:36:2d:ea:4c,-84,3,ET
1472568542887325,U+Net40B1,00:27:1c:ea:40:af,-88,3,ET
1472568542887325,SK_WLAN,00:27:1c:08:41:16,-91,3,ET
1472568550944149,pplt325,00:26:66:d0:c4:dc,-65,3,ET
1472568550944149,myLGNet,00:01:36:2d:ea:4c,-83,3,ET
1472568550944149,U+Net40B1,00:27:1c:ea:40:af,-84,3,ET
1472568550944149,kms,00:26:66:76:37:9c,-86,3,ET
1472568550944149,SK_WLAN,00:27:1c:08:41:16,-92,3,ET
1472568562960520,pplt325,00:26:66:d0:c4:dc,-67,3,ET
1472568562960520,U+Net40B1,00:27:1c:ea:40:af,-86,3,ET
1472568562960520,myLGNet,00:01:36:2d:ea:4c,-87,3,ET
1472568562960520,kms,00:26:66:76:37:9c,-88,3,ET
1472568562960520,SK_WLAN,00:27:1c:08:41:16,-89,3,ET
1472568570915542,pplt325,00:26:66:d0:c4:dc,-65,3,ET
1472568570915542,U+Net40B1,00:27:1c:ea:40:af,-76,3,ET
1472568570915542,myLGNet,00:01:36:2d:ea:4c,-87,3,ET
1472568570915542,kms,00:26:66:76:37:9c,-89,3,ET
1472568570915542,SK_WLAN,00:27:1c:08:41:16,-92,3,ET
1472568570915542,SK_WiFiD942,00:23:aa:3d:d9:41,-96,3,ET
